[CI] log capture ON, NVK_I_WANT_A_BROKEN_VULKAN_DRIVER=1
[CI] stderr smerovan do core logu: SELHAL
[4][NativeLibrary] EmuFolders::DataRoot is '/switch/nethersx2'
[4][NativeLibrary] EmuFolders::Cache is '/switch/nethersx2/cache'
[4][NativeLibrary] EmuFolders::Resources is 'file:///android_asset'
[4][NativeLibrary] EmuFolders::Settings is '/switch/nethersx2'
[CI] emulator nro: VK build (GS_RENDERER=14), NVK_I_WANT_A_BROKEN_VULKAN_DRIVER=1
[4][NativeLibrary] Searching for a BIOS image in '/switch/nethersx2/bios'...
[4][NativeLibrary] Preparing for a 1280x720 window
[4][NativeLibrary] Bios Found: USA     v02.30(20/02/2008)  Console 20080220-175343
[4][NativeLibrary] Using BIOS '/switch/nethersx2/bios/SCPH-90001_BIOS_V18_USA_230.ROM0' (USA     v02.30(20/02/2008)  Console 20080220-175343 USA)
[4][NativeLibrary] Opening CDVD...
[4][NativeLibrary] isoFile open ok: /Roms/PS2/Gran Turismo 3 - A-Spec (Europe, Australia) (En,Fr,De,Es,It) (v2.00).iso
[4][NativeLibrary] 	Image type  = DVD
[4][NativeLibrary]  * CDVD Disk Open: DVD, Single layer or unknown:
[4][NativeLibrary]  * * Track 1: Data (Mode 1) (1800304 sectors)
[4][NativeLibrary] Opening GS...
[VK] vkCreateInstance begin api=4198400 app=NetherSX2 engine=NetherSX2 extensions=2
[VK] instance extension[0]=VK_KHR_surface
[VK] instance extension[1]=VK_KHR_android_surface
[VK] vkCreateInstance end result=0 instance=0x581e0ccc80 lsfg_prepared=0
[4][NativeLibrary] No GPU requested, using first (NVIDIA Tegra X1 (NVK gm20b))
[VK] vkCreateViSurfaceNN window=0x114b81bd58 result=0 surface=0x581e0d1bb0
[4][NativeLibrary] 1 vulkan queue families
[VK] vkCreateDevice begin physical=0x581e0cf320 queues=1 extensions=6 lsfg_pref=0
[VK] vkCreateDevice end result=0 device=0x58499c8040 lsfg_capable=0 family=4294967295
[VK] vkGetDeviceQueue family=0 index=0 queue=0x58499cfb60
[VK] vkGetDeviceQueue family=0 index=0 queue=0x58499cfb60
[4][NativeLibrary] VK_EXT_provoking_vertex is supported
[4][NativeLibrary] VK_EXT_line_rasterization is supported
[4][NativeLibrary] VK_EXT_calibrated_timestamps is supported
[4][NativeLibrary] VK_ARM_rasterization_order_attachment_access is NOT supported
[VK] vkGetDeviceQueue family=0 index=0 queue=0x58499cfb60
[VK] vkCreateSwapchainKHR begin old=0x0 extent=1280x720 format=37 usage=0x10 images=3 mode=0
[VK] vkCreateSwapchainKHR end result=0 swapchain=0x584f2e1fc0 compatible=0 actual_usage=0x10 actual_images=3 actual_mode=0
[VK] vkGetSwapchainImagesKHR call=1 fill=0 result=0 count=3
[VK] vkGetSwapchainImagesKHR call=2 fill=1 result=0 count=3
[4][NativeLibrary] Read 139 entries from '/switch/nethersx2/cache/vulkan_shaders.idx'
[4][NativeLibrary] Lazily allocating JNI environment for thread 0x581e0d2220
[VK] core VM sequence returned vm_running=1
[4][NativeLibrary] Opening SPU2...
[4][NativeLibrary] Initializing SndBuffer at sample rate of 48000...
[4][NativeLibrary] (AAudioMod) Creating stream...
[4][NativeLibrary] (AAudioMod) Starting stream...
[4][NativeLibrary] Opening PAD...
[4][NativeLibrary] Opening DEV9...
[4][NativeLibrary] Opening USB...
[4][NativeLibrary] Opening FW...
[4][NativeLibrary] McdSlot 0 [File]: /switch/nethersx2/memcards/Mcd001.ps2
[4][NativeLibrary] McdSlot 1 [File]: /switch/nethersx2/memcards/Mcd002.ps2
[4][NativeLibrary] EE/iR5900-ARM64 Recompiler Reset
[4][NativeLibrary] Vsync is OFF
[4][NativeLibrary] 	Searching for a BIOS image in '/switch/nethersx2/bios'...
[4][NativeLibrary] 	Bios Found: USA     v02.30(20/02/2008)  Console 20080220-175343
[4][NativeLibrary] 	Using BIOS '/switch/nethersx2/bios/SCPH-90001_BIOS_V18_USA_230.ROM0' (USA     v02.30(20/02/2008)  Console 20080220-175343 USA)
[4][NativeLibrary] 	Bios Found: USA     v02.30(20/02/2008)  Console 20080220-175343
[4][NativeLibrary] 	BIOS rom2 module not found, skipping...
[4][NativeLibrary] VM subsystems initialized in 1937.85 ms
[4][NativeLibrary] [GameDB] 12847 games on record (loaded in 1288.05ms)
[4][NativeLibrary] [GameDB] Searching for '20080220-175343' in GameDB
[4][NativeLibrary] [GameDB] Could not find '20080220-175343' in GameDB
[4][NativeLibrary] Game Changed:
[4][NativeLibrary]   Name: 
[4][NativeLibrary]   Serial: 20080220-175343
[4][NativeLibrary]   CRC: 00000000
[4][NativeLibrary] Applying settings...
[4][NativeLibrary] [Unsafe Settings] Cycle rate/skip is not at default, this may crash or make games run too slow.

[4][NativeLibrary] [Unsafe Settings]
[4][NativeLibrary] OSD [unsafe_settings_warning]:  Cycle rate/skip is not at default, this may crash or make games run too slow.

[4][NativeLibrary]  Hardware Download Mode is not set to Accurate, this may break rendering in some games.
[4][NativeLibrary] [Unsafe Settings] GPU Palette Conversion is enabled, this may reduce performance.
[4][NativeLibrary] OSD [performance_settings_warning]:  GPU Palette Conversion is enabled, this may reduce performance.
[4][NativeLibrary] [GameDB] Searching for '20080220-175343' in GameDB
[4][NativeLibrary] [GameDB] Could not find '20080220-175343' in GameDB
[6][cpuinfo] failed to parse the list of possible processors in /sys/devices/system/cpu/possible
[6][cpuinfo] failed to parse the list of present processors in /sys/devices/system/cpu/present
[6][cpuinfo] failed to parse both lists of possible and present processors
[4][NativeLibrary] Failed to initialize cpuinfo
[4][NativeLibrary] OSD [android_warning]: You are using AetherSX2, and it should not be sold, or distributed as part of any other app.

[4][NativeLibrary] If you paid for this app, you should get your money back.
[4][NativeLibrary] # Initialize memory (rev:4.00, ctm:196Mhz, cpuclk:147Mhz detected)

[4][NativeLibrary] Applying settings...
[4][NativeLibrary] [Unsafe Settings] Cycle rate/skip is not at default, this may crash or make games run too slow.

[4][NativeLibrary] [Unsafe Settings]
[4][NativeLibrary] OSD [unsafe_settings_warning]:  Cycle rate/skip is not at default, this may crash or make games run too slow.

[4][NativeLibrary]  Hardware Download Mode is not set to Accurate, this may break rendering in some games.
[4][NativeLibrary] [Unsafe Settings] GPU Palette Conversion is enabled, this may reduce performance.
[4][NativeLibrary] OSD [performance_settings_warning]:  GPU Palette Conversion is enabled, this may reduce performance.
[4][NativeLibrary] [GameDB] Searching for '20080220-175343' in GameDB
[4][NativeLibrary] [GameDB] Could not find '20080220-175343' in GameDB
[VK] vkAcquireNextImageKHR call=1 result=0 image=0 semaphore=0x5850057e00 fence=0x0
[4][NativeLibrary] 
PlayStation 2 ======== 
[VK] vkQueueSubmit call=1 count=1 fence=0x581e0d6f40 result=0
[4][NativeLibrary] Hard reset boot
[VK] vkQueuePresentKHR enter call=1 waits=1 swaps=1 lsfg=0
[4][NativeLibrary] 

[VK] vkQueuePresentKHR call=1 swaps=1 result=0
[4][NativeLibrary]  ROMGEN=
[VK] vkAcquireNextImageKHR call=2 result=0 image=1 semaphore=0x58499f3e80 fence=0x0
[4][NativeLibrary] 2008-0220
[4][NativeLibrary] , IOP info (CPUID=
[4][NativeLibrary] 1f
[4][NativeLibrary] , CACH_CONFIG=
[4][NativeLibrary] 14000200, 2MB
[4][NativeLibrary] , IOP mode)

[4][NativeLibrary]  <
[4][NativeLibrary] 20080220-175343,ROMconf,PS20230WC20080220.bin
[4][NativeLibrary] :11824>

[4][NativeLibrary] # Total accessable memory size: 32 MB (B:2:8:0) (400:2:7c30)

[4][NativeLibrary] # TLB spad=0 kernel=1:12 default=13:30 extended=31:38

[4][NativeLibrary] # Initialize Start.

[4][NativeLibrary] # Initialize GS ...

[4][NativeLibrary] # Initialize INTC ...

[4][NativeLibrary] # Initialize TIMER ...

[4][NativeLibrary] # Initialize DMAC ...

[4][NativeLibrary] # Initialize VU1 ...

[4][NativeLibrary] # Initialize VIF1 ...

[4][NativeLibrary] # Initialize GIF ...

[4][NativeLibrary] # Initialize VU0 ...

[4][NativeLibrary] # Initialize VIF0 ...

[4][NativeLibrary] # Initialize IPU ...

[4][NativeLibrary] # Initialize FPU ...

[4][NativeLibrary] # Initialize User Memory ...

[VK] vkQueueSubmit call=2 count=1 fence=0x581e0d82c0 result=0
[VK] vkQueuePresentKHR enter call=2 waits=1 swaps=1 lsfg=0
[VK] vkQueuePresentKHR call=2 swaps=1 result=0
[VK] vkAcquireNextImageKHR call=3 result=0 image=2 semaphore=0x584f3b8400 fence=0x0
[VK] vkQueueSubmit call=3 count=1 fence=0x581e0d8600 result=0
[VK] vkQueuePresentKHR enter call=3 waits=1 swaps=1 lsfg=0
[VK] vkQueuePresentKHR call=3 swaps=1 result=0
[VK] vkAcquireNextImageKHR call=4 result=0 image=0 semaphore=0x5850057e00 fence=0x0
[VK] vkQueuePresentKHR enter call=4 waits=1 swaps=1 lsfg=0
[VK] vkQueuePresentKHR call=4 swaps=1 result=0
[4][NativeLibrary] # Initialize Scratch Pad ...

[4][NativeLibrary] # Initialize Done.

[4][NativeLibrary] 

[4][NativeLibrary] EE DECI2 Manager version 0.06 Sep  5 2006 12:57:08

[4][NativeLibrary]   CPUID=2e20, BoardID=0, ROMGEN=2008-0220, 32M

[4][NativeLibrary] 

[4][NativeLibrary] (SYSTEM.CNF) Detected PS2 Disc = cdrom0:\SCES_502.94;1
[4][NativeLibrary] (SYSTEM.CNF) Software version = 2.00
[4][NativeLibrary] (SYSTEM.CNF) Disc region type = PAL
[4][NativeLibrary] ELF (cdrom0:\SCES_502.94;1) Game CRC = 0xB590CE04, EntryPoint = 0x01000008
[4][NativeLibrary] (SYSTEM.CNF) Detected PS2 Disc = cdrom0:\SCES_502.94;1
[4][NativeLibrary] (SYSTEM.CNF) Software version = 2.00
[4][NativeLibrary] (SYSTEM.CNF) Disc region type = PAL
[4][NativeLibrary] 
IOP Realtime Kernel Ver.0.9.1
    Copyright 1999 (C) Sony C
[4][NativeLibrary] omputer Entertainment Inc. 

[4][NativeLibrary] Reboot service module.(99/11/10)

[4][NativeLibrary] cdvd driver module version 0.1.1 (C)SCEI

[4][NativeLibrary] Load File service.(99/11/05)

[4][NativeLibrary] Multi Threaded Fileio module.(99/11/15) 

[4][NativeLibrary] iop heap service (99/11/03)

[4][NativeLibrary] loadelf: fname cdrom0:¥SCES_502.94;1 secname all

[4][NativeLibrary] loadelf version 3.30

[VK] FPS 32.9 | 30.37 ms/frame | min 0.26 max 339.02 ms | 33 framu | lsfg=0
[4][NativeLibrary] Input ELF format filename = cdrom0:¥SCES_502.94;1

[4][NativeLibrary] 0 01000000 000417eb 
[4][NativeLibrary] .
[4][NativeLibrary] .
[4][NativeLibrary] .
[4][NativeLibrary] .
[4][NativeLibrary] .
[4][NativeLibrary] 

[4][NativeLibrary] Loaded, cdrom0:¥SCES_502.94;1

[4][NativeLibrary] start address 0x1000008

[4][NativeLibrary] gp address 00000000

[4][NativeLibrary] # Restart Without Memory Clear.

[4][NativeLibrary] # Initialize GS ...

[4][NativeLibrary] # Initialize INTC ...

[4][NativeLibrary] # Initialize TIMER ...

[4][NativeLibrary] # Initialize DMAC ...

[4][NativeLibrary] # Initialize VU1 ...

[4][NativeLibrary] # Initialize VIF1 ...

[4][NativeLibrary] # Initialize GIF ...

[4][NativeLibrary] # Initialize VU0 ...

[4][NativeLibrary] # Initialize VIF0 ...

[4][NativeLibrary] # Initialize IPU ...

[4][NativeLibrary] # Initialize FPU ...

[4][NativeLibrary] # Initialize Scratch Pad ...

[4][NativeLibrary] # Restart Without Memory Clear Done.

[4][NativeLibrary] Elf entry point @ 0x01000008 about to get recompiled. Load patches first.
[4][NativeLibrary] [GameDB] Searching for 'sces-50294' in GameDB
[4][NativeLibrary] [GameDB] Found 'sces-50294' in GameDB
[4][NativeLibrary] [GameDB] Searching for patch with CRC 'B590CE04'
[4][NativeLibrary] [GameDB] No CRC-specific patch or default patch found
[4][NativeLibrary] Overall 0 Cheats loaded
[4][NativeLibrary] [GameDB] Searching for 'sces-50294' in GameDB
[4][NativeLibrary] [GameDB] Found 'sces-50294' in GameDB
[4][NativeLibrary] Game Changed:
[4][NativeLibrary]   Name: Gran Turismo 3 - A-Spec
[4][NativeLibrary]   Serial: SCES-50294
[4][NativeLibrary]   CRC: B590CE04
[4][NativeLibrary] Applying settings...
[4][NativeLibrary] [Unsafe Settings] Cycle rate/skip is not at default, this may crash or make games run too slow.

[4][NativeLibrary] [Unsafe Settings]
[4][NativeLibrary] OSD [unsafe_settings_warning]:  Cycle rate/skip is not at default, this may crash or make games run too slow.

[4][NativeLibrary]  Hardware Download Mode is not set to Accurate, this may break rendering in some games.
[4][NativeLibrary] [Unsafe Settings] GPU Palette Conversion is enabled, this may reduce performance.
[4][NativeLibrary] OSD [performance_settings_warning]:  GPU Palette Conversion is enabled, this may reduce performance.
[4][NativeLibrary] [GameDB] Searching for 'sces-50294' in GameDB
[4][NativeLibrary] [GameDB] Found 'sces-50294' in GameDB
[4][NativeLibrary] Add 2 seconds play time to 20080220-175343 -> now 2
[4][NativeLibrary] (UpdateVSyncRate) Mode Changed to PAL.
[VK] FPS 37.0 | 27.03 ms/frame | min 2.69 max 279.87 ms | 37 framu | lsfg=0
[4][NativeLibrary] Get Reboot Request From EE

[4][NativeLibrary] 
PlayStation 2 ======== 
[4][NativeLibrary] Update rebooting..
[4][NativeLibrary] 

[VK] FPS 47.4 | 21.08 ms/frame | min 12.01 max 84.49 ms | 48 framu | lsfg=0
[4][NativeLibrary] 
PlayStation 2 ======== 
[4][NativeLibrary] Update reboot complete
[4][NativeLibrary] 

[4][NativeLibrary] cdvdman Init

[4][NativeLibrary] 
IOP Realtime Kernel Ver. 2.1
    Copyright 1999-2001 (C) So
[4][NativeLibrary] ny Computer Entertainment Inc. 

[4][NativeLibrary] Reboot service module.(99/11/10)

[4][NativeLibrary] cdvd driver module version 0.1.1 (C)SCEI

[4][NativeLibrary] Load File service.(99/11/05)

[4][NativeLibrary] Multi Threaded Fileio module.(99/11/15) 

[4][NativeLibrary] iop heap service (99/11/03)

[4][NativeLibrary] loadmodule: fname cdrom0:¥SIO2MAN.IRX;1 args 0 arg 

[4][NativeLibrary] loadmodule: id 25, ret 0

[4][NativeLibrary] loadmodule: fname cdrom0:¥MTAPMAN.IRX;1 args 0 arg 

[4][NativeLibrary] loadmodule: id 26, ret 0

[4][NativeLibrary] loadmodule: fname cdrom0:¥MCMAN.IRX;1 args 0 arg 

[4][NativeLibrary] loadmodule: id 27, ret 0

[4][NativeLibrary] loadmodule: fname cdrom0:¥MCSERV.IRX;1 args 0 arg 

[4][NativeLibrary] loadmodule: id 28, ret 0

[4][NativeLibrary] loadmodule: fname cdrom0:¥PADMAN.IRX;1 args 0 arg 

[4][NativeLibrary] loadmodule: id 29, ret 0

[VK] FPS 44.6 | 22.41 ms/frame | min 1.73 max 104.93 ms | 45 framu | lsfg=0
[VK] FPS 50.0 | 20.01 ms/frame | min 16.92 max 23.09 ms | 50 framu | lsfg=0
[VK] FPS 50.0 | 19.99 ms/frame | min 19.14 max 20.86 ms | 51 framu | lsfg=0
[4][NativeLibrary] OSD [nethersx2_quick_status]: Quick menu: L + R + Plus
[4][NativeLibrary] # Restart Without Memory Clear.

[4][NativeLibrary] # Initialize GS ...

[4][NativeLibrary] # Initialize INTC ...

[4][NativeLibrary] # Initialize TIMER ...

[4][NativeLibrary] # Initialize DMAC ...

[4][NativeLibrary] # Initialize VU1 ...

[4][NativeLibrary] # Initialize VIF1 ...

[4][NativeLibrary] # Initialize GIF ...

[4][NativeLibrary] # Initialize VU0 ...

[4][NativeLibrary] # Initialize VIF0 ...

[4][NativeLibrary] # Initialize IPU ...

[4][NativeLibrary] # Initialize FPU ...

[4][NativeLibrary] # Initialize Scratch Pad ...

[4][NativeLibrary] # Restart Without Memory Clear Done.

[VK] FPS 41.3 | 24.20 ms/frame | min 19.54 max 213.31 ms | 46 framu | lsfg=0
[4][NativeLibrary] (UpdateVSyncRate) Mode Changed to PAL.
[4][NativeLibrary] Get Reboot Request From EE

[4][NativeLibrary] 
PlayStation 2 ======== 
[4][NativeLibrary] Update rebooting..
[4][NativeLibrary] 

[4][NativeLibrary] 
PlayStation 2 ======== 
[4][NativeLibrary] Update reboot complete
[4][NativeLibrary] 

[4][NativeLibrary] cdvdman Init

[4][NativeLibrary] 
IOP Realtime Kernel Ver. 2.1
    Copyright 1999-2001 (C) So
[4][NativeLibrary] ny Computer Entertainment Inc. 

[4][NativeLibrary] Reboot service module.(99/11/10)

[4][NativeLibrary] cdvd driver module version 0.1.1 (C)SCEI

[4][NativeLibrary] Load File service.(99/11/05)

[4][NativeLibrary] Multi Threaded Fileio module.(99/11/15) 

[4][NativeLibrary] iop heap service (99/11/03)

[4][NativeLibrary] loadmodule: fname cdrom0:¥MEMCLEAR.IRX;1 args 0 arg 

[4][NativeLibrary] loadmodule: id 25, ret 1

[4][NativeLibrary] loadmodule: fname cdrom0:¥SIO2MAN.IRX;1 args 0 arg 

[4][NativeLibrary] loadmodule: id 26, ret 0

[4][NativeLibrary] loadmodule: fname cdrom0:¥MTAPMAN.IRX;1 args 0 arg 

[4][NativeLibrary] loadmodule: id 27, ret 0

[4][NativeLibrary] loadmodule: fname cdrom0:¥MCMAN.IRX;1 args 0 arg 

[VK] FPS 36.5 | 27.40 ms/frame | min 2.55 max 99.75 ms | 37 framu | lsfg=0
[4][NativeLibrary] loadmodule: id 28, ret 0

[4][NativeLibrary] loadmodule: fname cdrom0:¥MCSERV.IRX;1 args 0 arg 

[4][NativeLibrary] loadmodule: id 29, ret 0

[4][NativeLibrary] loadmodule: fname cdrom0:¥PADMAN.IRX;1 args 0 arg 

[4][NativeLibrary] loadmodule: id 30, ret 0

[4][NativeLibrary] loadmodule: fname cdrom0:¥LIBSD.IRX;1 args 0 arg 

[4][NativeLibrary] loadmodule: id 31, ret 0

[4][NativeLibrary] loadmodule: fname cdrom0:¥USBD.IRX;1 args 0 arg 

[4][NativeLibrary] USB Driver (Version 0.16.0)
[4][NativeLibrary] 

[4][NativeLibrary] loadmodule: id 32, ret 0

[4][NativeLibrary] loadmodule: fname cdrom0:¥ILINK.IRX;1 args 0 arg 

[4][NativeLibrary] loadmodule: id 33, ret 0

[4][NativeLibrary] loadmodule: fname cdrom0:¥LIBPDI.IRX;1 args 0 arg 

[4][NativeLibrary] loadmodule: id 34, ret 0

[4][NativeLibrary] loadmodule: fname cdrom0:¥PDICDVD.IRX;1 args 0 arg 

[4][NativeLibrary] loadmodule: id 35, ret 0

[4][NativeLibrary] loadmodule: fname cdrom0:¥PDISPU2.IRX;1 args 0 arg 

[4][NativeLibrary] loadmodule: id 36, ret 0

[4][NativeLibrary] loadmodule: fname cdrom0:¥PDISTR.IRX;1 args 0 arg 

[4][NativeLibrary] loadmodule: id 37, ret 0

[4][NativeLibrary] loadmodule: fname cdrom0:¥PDI1394.IRX;1 args 0 arg 

[4][NativeLibrary] loadmodule: id 38, ret 0

[4][NativeLibrary] loadmodule: fname cdrom0:¥PDIUSB.IRX;1 args 0 arg 

[4][NativeLibrary] loadmodule: id 39, ret 0

[VK] FPS 49.0 | 20.41 ms/frame | min 1.52 max 61.39 ms | 49 framu | lsfg=0
[VK] FPS 50.0 | 20.00 ms/frame | min 18.26 max 21.74 ms | 51 framu | lsfg=0
[VK] FPS 50.0 | 20.00 ms/frame | min 19.96 max 20.04 ms | 51 framu | lsfg=0
[4][NativeLibrary] Timezone=60

[4][NativeLibrary] SummerTime=0

[4][NativeLibrary] Timezone=60

[4][NativeLibrary] SummerTime=0

[4][NativeLibrary] Timezone=60

[4][NativeLibrary] SummerTime=0

[4][NativeLibrary] Timezone=60

[4][NativeLibrary] SummerTime=0

[4][NativeLibrary] Timezone=60

[4][NativeLibrary] SummerTime=0

[4][NativeLibrary] Timezone=60

[4][NativeLibrary] SummerTime=0

[4][NativeLibrary] Timezone=60

[4][NativeLibrary] SummerTime=0

[4][NativeLibrary] Timezone=60

[4][NativeLibrary] SummerTime=0

[4][NativeLibrary] Timezone=60

[4][NativeLibrary] SummerTime=0

[4][NativeLibrary] Timezone=60

[4][NativeLibrary] SummerTime=0

[4][NativeLibrary] Timezone=60

[4][NativeLibrary] SummerTime=0

[4][NativeLibrary] Timezone=60

[4][NativeLibrary] SummerTime=0

[4][NativeLibrary] Timezone=60

[4][NativeLibrary] SummerTime=0

[4][NativeLibrary] Timezone=60

[4][NativeLibrary] SummerTime=0

[4][NativeLibrary] Timezone=60

[4][NativeLibrary] SummerTime=0

[4][NativeLibrary] Timezone=60

[4][NativeLibrary] SummerTime=0

[4][NativeLibrary] Timezone=60

[4][NativeLibrary] SummerTime=0

[4][NativeLibrary] Timezone=60

[4][NativeLibrary] SummerTime=0

[4][NativeLibrary] Timezone=60

[4][NativeLibrary] SummerTime=0

[4][NativeLibrary] Timezone=60

[4][NativeLibrary] SummerTime=0

[4][NativeLibrary] Timezone=60

[4][NativeLibrary] SummerTime=0

[4][NativeLibrary] Timezone=60

[4][NativeLibrary] SummerTime=0

[4][NativeLibrary] Timezone=60

[4][NativeLibrary] SummerTime=0

[4][NativeLibrary] Timezone=60

[4][NativeLibrary] SummerTime=0

[4][NativeLibrary] Timezone=60

[4][NativeLibrary] SummerTime=0

[4][NativeLibrary] Timezone=60

[4][NativeLibrary] SummerTime=0

[4][NativeLibrary] Timezone=60

[4][NativeLibrary] SummerTime=0

[4][NativeLibrary] Timezone=60

[4][NativeLibrary] SummerTime=0

[4][NativeLibrary] Timezone=60

[4][NativeLibrary] SummerTime=0

[4][NativeLibrary] Timezone=60

[4][NativeLibrary] SummerTime=0

[4][NativeLibrary] Timezone=60

[4][NativeLibrary] SummerTime=0

[4][NativeLibrary] Timezone=60

[4][NativeLibrary] SummerTime=0

[4][NativeLibrary] Timezone=60

[4][NativeLibrary] SummerTime=0

[4][NativeLibrary] Timezone=60

[4][NativeLibrary] SummerTime=0

[4][NativeLibrary] Timezone=60

[4][NativeLibrary] SummerTime=0

[4][NativeLibrary] Timezone=60

[4][NativeLibrary] SummerTime=0

[4][NativeLibrary] Timezone=60

[4][NativeLibrary] SummerTime=0

[4][NativeLibrary] Timezone=60

[4][NativeLibrary] SummerTime=0

[VK] FPS 43.3 | 23.11 ms/frame | min 19.97 max 56.65 ms | 44 framu | lsfg=0
[4][NativeLibrary] Timezone=60

[4][NativeLibrary] SummerTime=0

[4][NativeLibrary] Timezone=60

[4][NativeLibrary] SummerTime=0

[4][NativeLibrary] Timezone=60

[4][NativeLibrary] SummerTime=0

[4][NativeLibrary] Timezone=60

[4][NativeLibrary] SummerTime=0

[4][NativeLibrary] Timezone=60

[4][NativeLibrary] SummerTime=0

[4][NativeLibrary] Timezone=60

[4][NativeLibrary] SummerTime=0

[4][NativeLibrary] Timezone=60

[4][NativeLibrary] SummerTime=0

[4][NativeLibrary] Timezone=60

[4][NativeLibrary] SummerTime=0

[4][NativeLibrary] Timezone=60

[4][NativeLibrary] SummerTime=0

[4][NativeLibrary] Timezone=60

[4][NativeLibrary] SummerTime=0

[4][NativeLibrary] Timezone=60

[4][NativeLibrary] SummerTime=0

[4][NativeLibrary] Timezone=60

[4][NativeLibrary] SummerTime=0

[4][NativeLibrary] Timezone=60

[4][NativeLibrary] SummerTime=0

[4][NativeLibrary] Timezone=60

[4][NativeLibrary] SummerTime=0

[4][NativeLibrary] Timezone=60

[4][NativeLibrary] SummerTime=0

[4][NativeLibrary] Timezone=60

[4][NativeLibrary] SummerTime=0

[4][NativeLibrary] Timezone=60

[4][NativeLibrary] SummerTime=0

[4][NativeLibrary] Timezone=60

[4][NativeLibrary] SummerTime=0

[4][NativeLibrary] Timezone=60

[4][NativeLibrary] SummerTime=0

[4][NativeLibrary] Timezone=60

[4][NativeLibrary] SummerTime=0

[4][NativeLibrary] Timezone=60

[4][NativeLibrary] SummerTime=0

[4][NativeLibrary] Timezone=60

[4][NativeLibrary] SummerTime=0

[4][NativeLibrary] Timezone=60

[4][NativeLibrary] SummerTime=0

[4][NativeLibrary] Timezone=60

[4][NativeLibrary] SummerTime=0

[4][NativeLibrary] Timezone=60

[4][NativeLibrary] SummerTime=0

[4][NativeLibrary] Timezone=60

[4][NativeLibrary] SummerTime=0

[4][NativeLibrary] Timezone=60

[4][NativeLibrary] SummerTime=0

[4][NativeLibrary] Timezone=60

[4][NativeLibrary] SummerTime=0

[4][NativeLibrary] Timezone=60

[4][NativeLibrary] SummerTime=0

[4][NativeLibrary] Timezone=60

[4][NativeLibrary] SummerTime=0

[4][NativeLibrary] Timezone=60

[4][NativeLibrary] SummerTime=0

[4][NativeLibrary] Timezone=60

[4][NativeLibrary] SummerTime=0

[4][NativeLibrary] Timezone=60

[4][NativeLibrary] SummerTime=0

[4][NativeLibrary] Timezone=60

[4][NativeLibrary] SummerTime=0

[4][NativeLibrary] Timezone=60

[4][NativeLibrary] SummerTime=0

[4][NativeLibrary] Timezone=60

[4][NativeLibrary] SummerTime=0

[4][NativeLibrary] Timezone=60

[4][NativeLibrary] SummerTime=0

[4][NativeLibrary] Timezone=60

[4][NativeLibrary] SummerTime=0

[4][NativeLibrary] Timezone=60

[4][NativeLibrary] SummerTime=0

[4][NativeLibrary] Timezone=60

[4][NativeLibrary] SummerTime=0

[4][NativeLibrary] Timezone=60

[4][NativeLibrary] SummerTime=0

[4][NativeLibrary] Timezone=60

[4][NativeLibrary] SummerTime=0

[4][NativeLibrary] Timezone=60

[4][NativeLibrary] SummerTime=0

[4][NativeLibrary] Timezone=60

[4][NativeLibrary] SummerTime=0

[VK] FPS 43.8 | 22.83 ms/frame | min 20.44 max 27.37 ms | 44 framu | lsfg=0
[4][NativeLibrary] Timezone=60

[4][NativeLibrary] SummerTime=0

[4][NativeLibrary] Timezone=60

[4][NativeLibrary] SummerTime=0

[4][NativeLibrary] Timezone=60

[4][NativeLibrary] SummerTime=0

[4][NativeLibrary] Timezone=60

[4][NativeLibrary] SummerTime=0

[4][NativeLibrary] Timezone=60

[4][NativeLibrary] SummerTime=0

[4][NativeLibrary] Timezone=60

[4][NativeLibrary] SummerTime=0

[4][NativeLibrary] Timezone=60

[4][NativeLibrary] SummerTime=0

[4][NativeLibrary] Timezone=60

[4][NativeLibrary] SummerTime=0

[4][NativeLibrary] Timezone=60

[4][NativeLibrary] SummerTime=0

[4][NativeLibrary] Timezone=60

[4][NativeLibrary] SummerTime=0

[4][NativeLibrary] Timezone=60

[4][NativeLibrary] SummerTime=0

[4][NativeLibrary] Timezone=60

[4][NativeLibrary] SummerTime=0

[4][NativeLibrary] Timezone=60

[4][NativeLibrary] SummerTime=0

[4][NativeLibrary] Timezone=60

[4][NativeLibrary] SummerTime=0

[4][NativeLibrary] Timezone=60

[4][NativeLibrary] SummerTime=0

[4][NativeLibrary] Timezone=60

[4][NativeLibrary] SummerTime=0

[4][NativeLibrary] Timezone=60

[4][NativeLibrary] SummerTime=0

[4][NativeLibrary] Timezone=60

[4][NativeLibrary] SummerTime=0

[4][NativeLibrary] Timezone=60

[4][NativeLibrary] SummerTime=0

[4][NativeLibrary] Timezone=60

[4][NativeLibrary] SummerTime=0

[4][NativeLibrary] Timezone=60

[4][NativeLibrary] SummerTime=0

[4][NativeLibrary] Timezone=60

[4][NativeLibrary] SummerTime=0

[4][NativeLibrary] Timezone=60

[4][NativeLibrary] SummerTime=0

[4][NativeLibrary] Timezone=60

[4][NativeLibrary] SummerTime=0

[4][NativeLibrary] Timezone=60

[4][NativeLibrary] SummerTime=0

[4][NativeLibrary] Timezone=60

[4][NativeLibrary] SummerTime=0

[4][NativeLibrary] Timezone=60

[4][NativeLibrary] SummerTime=0

[4][NativeLibrary] Timezone=60

[4][NativeLibrary] SummerTime=0

[4][NativeLibrary] Timezone=60

[4][NativeLibrary] SummerTime=0

[4][NativeLibrary] Timezone=60

[4][NativeLibrary] SummerTime=0

[4][NativeLibrary] Timezone=60

[4][NativeLibrary] SummerTime=0

[4][NativeLibrary] Timezone=60

[4][NativeLibrary] SummerTime=0

[4][NativeLibrary] Timezone=60

[4][NativeLibrary] SummerTime=0

[4][NativeLibrary] Timezone=60

[4][NativeLibrary] SummerTime=0

[4][NativeLibrary] Timezone=60

[4][NativeLibrary] SummerTime=0

[4][NativeLibrary] Timezone=60

[4][NativeLibrary] SummerTime=0

[4][NativeLibrary] Timezone=60

[4][NativeLibrary] SummerTime=0

[4][NativeLibrary] Timezone=60

[4][NativeLibrary] SummerTime=0

[4][NativeLibrary] Timezone=60

[4][NativeLibrary] SummerTime=0

[4][NativeLibrary] Timezone=60

[4][NativeLibrary] SummerTime=0

[4][NativeLibrary] Timezone=60

[4][NativeLibrary] SummerTime=0

[4][NativeLibrary] Timezone=60

[4][NativeLibrary] SummerTime=0

[4][NativeLibrary] Timezone=60

[4][NativeLibrary] SummerTime=0

[VK] FPS 42.2 | 23.69 ms/frame | min 19.52 max 34.74 ms | 43 framu | lsfg=0
[4][NativeLibrary] Timezone=60

[4][NativeLibrary] SummerTime=0

[4][NativeLibrary] Timezone=60

[4][NativeLibrary] SummerTime=0

[4][NativeLibrary] Timezone=60

[4][NativeLibrary] SummerTime=0

[4][NativeLibrary] Timezone=60

[4][NativeLibrary] SummerTime=0

[4][NativeLibrary] Timezone=60

[4][NativeLibrary] SummerTime=0

[4][NativeLibrary] Timezone=60

[4][NativeLibrary] SummerTime=0

[4][NativeLibrary] Timezone=60

[4][NativeLibrary] SummerTime=0

[4][NativeLibrary] Timezone=60

[4][NativeLibrary] SummerTime=0

[4][NativeLibrary] Timezone=60

[4][NativeLibrary] SummerTime=0

[4][NativeLibrary] Timezone=60

[4][NativeLibrary] SummerTime=0

[4][NativeLibrary] Timezone=60

[4][NativeLibrary] SummerTime=0

[4][NativeLibrary] Timezone=60

[4][NativeLibrary] SummerTime=0

[4][NativeLibrary] Timezone=60

[4][NativeLibrary] SummerTime=0

[4][NativeLibrary] Timezone=60

[4][NativeLibrary] SummerTime=0

[4][NativeLibrary] Timezone=60

[4][NativeLibrary] SummerTime=0

[4][NativeLibrary] Timezone=60

[4][NativeLibrary] SummerTime=0

[4][NativeLibrary] Timezone=60

[4][NativeLibrary] SummerTime=0

[4][NativeLibrary] Timezone=60

[4][NativeLibrary] SummerTime=0

[4][NativeLibrary] Timezone=60

[4][NativeLibrary] SummerTime=0

[4][NativeLibrary] Timezone=60

[4][NativeLibrary] SummerTime=0

[4][NativeLibrary] Timezone=60

[4][NativeLibrary] SummerTime=0

[4][NativeLibrary] Timezone=60

[4][NativeLibrary] SummerTime=0

[4][NativeLibrary] Timezone=60

[4][NativeLibrary] SummerTime=0

[4][NativeLibrary] Timezone=60

[4][NativeLibrary] SummerTime=0

[4][NativeLibrary] Timezone=60

[4][NativeLibrary] SummerTime=0

[4][NativeLibrary] Timezone=60

[4][NativeLibrary] SummerTime=0

[4][NativeLibrary] Timezone=60

[4][NativeLibrary] SummerTime=0

[4][NativeLibrary] Timezone=60

[4][NativeLibrary] SummerTime=0

[4][NativeLibrary] Timezone=60

[4][NativeLibrary] SummerTime=0

[4][NativeLibrary] Timezone=60

[4][NativeLibrary] SummerTime=0

[4][NativeLibrary] Timezone=60

[4][NativeLibrary] SummerTime=0

[4][NativeLibrary] Timezone=60

[4][NativeLibrary] SummerTime=0

[4][NativeLibrary] Timezone=60

[4][NativeLibrary] SummerTime=0

[4][NativeLibrary] Timezone=60

[4][NativeLibrary] SummerTime=0

[4][NativeLibrary] Timezone=60

[4][NativeLibrary] SummerTime=0

[4][NativeLibrary] Timezone=60

[4][NativeLibrary] SummerTime=0

[4][NativeLibrary] Timezone=60

[4][NativeLibrary] SummerTime=0

[4][NativeLibrary] Timezone=60

[4][NativeLibrary] SummerTime=0

[4][NativeLibrary] Timezone=60

[4][NativeLibrary] SummerTime=0

[4][NativeLibrary] Timezone=60

[4][NativeLibrary] SummerTime=0

[4][NativeLibrary] Timezone=60

[4][NativeLibrary] SummerTime=0

[4][NativeLibrary] Timezone=60

[4][NativeLibrary] SummerTime=0

[VK] FPS 18.3 | 54.67 ms/frame | min 19.65 max 1330.14 ms | 42 framu | lsfg=0
[4][NativeLibrary] Timezone=60

[4][NativeLibrary] SummerTime=0

[4][NativeLibrary] Timezone=60

[4][NativeLibrary] SummerTime=0

[4][NativeLibrary] Timezone=60

[4][NativeLibrary] SummerTime=0

[4][NativeLibrary] Timezone=60

[4][NativeLibrary] SummerTime=0

[4][NativeLibrary] Timezone=60

[4][NativeLibrary] SummerTime=0

[4][NativeLibrary] Timezone=60

[4][NativeLibrary] SummerTime=0

[4][NativeLibrary] Timezone=60

[4][NativeLibrary] SummerTime=0

[4][NativeLibrary] Timezone=60

[4][NativeLibrary] SummerTime=0

[4][NativeLibrary] Timezone=60

[4][NativeLibrary] SummerTime=0

[4][NativeLibrary] Timezone=60

[4][NativeLibrary] SummerTime=0

[4][NativeLibrary] Timezone=60

[4][NativeLibrary] SummerTime=0

[4][NativeLibrary] Timezone=60

[4][NativeLibrary] SummerTime=0

[4][NativeLibrary] Timezone=60

[4][NativeLibrary] SummerTime=0

[4][NativeLibrary] Timezone=60

[4][NativeLibrary] SummerTime=0

[4][NativeLibrary] Timezone=60

[4][NativeLibrary] SummerTime=0

[4][NativeLibrary] Timezone=60

[4][NativeLibrary] SummerTime=0

[4][NativeLibrary] Timezone=60

[4][NativeLibrary] SummerTime=0

[4][NativeLibrary] Timezone=60

[4][NativeLibrary] SummerTime=0

[VK] FPS 17.7 | 56.62 ms/frame | min 22.44 max 30.18 ms | 18 framu | lsfg=0
[4][NativeLibrary] Timezone=60

[4][NativeLibrary] SummerTime=0

[4][NativeLibrary] Timezone=60

[4][NativeLibrary] SummerTime=0

[4][NativeLibrary] Timezone=60

[4][NativeLibrary] SummerTime=0

[4][NativeLibrary] Timezone=60

[4][NativeLibrary] SummerTime=0

[4][NativeLibrary] Timezone=60

[4][NativeLibrary] SummerTime=0

[4][NativeLibrary] Timezone=60

[4][NativeLibrary] SummerTime=0

[4][NativeLibrary] Timezone=60

[4][NativeLibrary] SummerTime=0

[4][NativeLibrary] Timezone=60

[4][NativeLibrary] SummerTime=0

[4][NativeLibrary] Timezone=60

[4][NativeLibrary] SummerTime=0

[4][NativeLibrary] Timezone=60

[4][NativeLibrary] SummerTime=0

[4][NativeLibrary] Timezone=60

[4][NativeLibrary] SummerTime=0

[4][NativeLibrary] Timezone=60

[4][NativeLibrary] SummerTime=0

[4][NativeLibrary] Timezone=60

[4][NativeLibrary] SummerTime=0

[4][NativeLibrary] Timezone=60

[4][NativeLibrary] SummerTime=0

[4][NativeLibrary] Timezone=60

[4][NativeLibrary] SummerTime=0

[4][NativeLibrary] Timezone=60

[4][NativeLibrary] SummerTime=0

[4][NativeLibrary] Timezone=60

[4][NativeLibrary] SummerTime=0

[4][NativeLibrary] Timezone=60

[4][NativeLibrary] SummerTime=0

[4][NativeLibrary] Timezone=60

[4][NativeLibrary] SummerTime=0

[4][NativeLibrary] Timezone=60

[4][NativeLibrary] SummerTime=0

[4][NativeLibrary] Timezone=60

[4][NativeLibrary] SummerTime=0

[4][NativeLibrary] Timezone=60

[4][NativeLibrary] SummerTime=0

[4][NativeLibrary] Timezone=60

[4][NativeLibrary] SummerTime=0

[4][NativeLibrary] Timezone=60

[4][NativeLibrary] SummerTime=0

[4][NativeLibrary] Timezone=60

[4][NativeLibrary] SummerTime=0

[4][NativeLibrary] Timezone=60

[4][NativeLibrary] SummerTime=0

[4][NativeLibrary] Timezone=60

[4][NativeLibrary] SummerTime=0

[4][NativeLibrary] Timezone=60

[4][NativeLibrary] SummerTime=0

[4][NativeLibrary] Timezone=60

[4][NativeLibrary] SummerTime=0

[4][NativeLibrary] Timezone=60

[4][NativeLibrary] SummerTime=0

[4][NativeLibrary] Timezone=60

[4][NativeLibrary] SummerTime=0

[4][NativeLibrary] Timezone=60

[4][NativeLibrary] SummerTime=0

[4][NativeLibrary] Timezone=60

[4][NativeLibrary] SummerTime=0

[4][NativeLibrary] Timezone=60

[4][NativeLibrary] SummerTime=0

[4][NativeLibrary] Timezone=60

[4][NativeLibrary] SummerTime=0

[4][NativeLibrary] Timezone=60

[4][NativeLibrary] SummerTime=0

[4][NativeLibrary] Timezone=60

[4][NativeLibrary] SummerTime=0

[VK] FPS 36.7 | 27.28 ms/frame | min 19.01 max 46.16 ms | 37 framu | lsfg=0
[4][NativeLibrary] Timezone=60

[4][NativeLibrary] SummerTime=0

[4][NativeLibrary] Timezone=60

[4][NativeLibrary] SummerTime=0

[4][NativeLibrary] Timezone=60

[4][NativeLibrary] SummerTime=0

[4][NativeLibrary] Timezone=60

[4][NativeLibrary] SummerTime=0

[4][NativeLibrary] Timezone=60

[4][NativeLibrary] SummerTime=0

[4][NativeLibrary] Timezone=60

[4][NativeLibrary] SummerTime=0

[4][NativeLibrary] Timezone=60

[4][NativeLibrary] SummerTime=0

[4][NativeLibrary] Timezone=60

[4][NativeLibrary] SummerTime=0

[4][NativeLibrary] Timezone=60

[4][NativeLibrary] SummerTime=0

[4][NativeLibrary] Timezone=60

[4][NativeLibrary] SummerTime=0

[4][NativeLibrary] Timezone=60

[4][NativeLibrary] SummerTime=0

[4][NativeLibrary] Timezone=60

[4][NativeLibrary] SummerTime=0

[4][NativeLibrary] Timezone=60

[4][NativeLibrary] SummerTime=0

[4][NativeLibrary] Timezone=60

[4][NativeLibrary] SummerTime=0

[4][NativeLibrary] Timezone=60

[4][NativeLibrary] SummerTime=0

[4][NativeLibrary] Timezone=60

[4][NativeLibrary] SummerTime=0

[4][NativeLibrary] Timezone=60

[4][NativeLibrary] SummerTime=0

[4][NativeLibrary] Timezone=60

[4][NativeLibrary] SummerTime=0

[4][NativeLibrary] Timezone=60

[4][NativeLibrary] SummerTime=0

[4][NativeLibrary] Timezone=60

[4][NativeLibrary] SummerTime=0

[4][NativeLibrary] Timezone=60

[4][NativeLibrary] SummerTime=0

[4][NativeLibrary] Timezone=60

[4][NativeLibrary] SummerTime=0

[4][NativeLibrary] Timezone=60

[4][NativeLibrary] SummerTime=0

[4][NativeLibrary] Timezone=60

[4][NativeLibrary] SummerTime=0

[4][NativeLibrary] Timezone=60

[4][NativeLibrary] SummerTime=0

[4][NativeLibrary] Timezone=60

[4][NativeLibrary] SummerTime=0

[4][NativeLibrary] Timezone=60

[4][NativeLibrary] SummerTime=0

[4][NativeLibrary] Timezone=60

[4][NativeLibrary] SummerTime=0

[4][NativeLibrary] Timezone=60

[4][NativeLibrary] SummerTime=0

[4][NativeLibrary] Timezone=60

[4][NativeLibrary] SummerTime=0

[4][NativeLibrary] Timezone=60

[4][NativeLibrary] SummerTime=0

[4][NativeLibrary] Timezone=60

[4][NativeLibrary] SummerTime=0

[4][NativeLibrary] Timezone=60

[4][NativeLibrary] SummerTime=0

[4][NativeLibrary] Timezone=60

[4][NativeLibrary] SummerTime=0

[4][NativeLibrary] Timezone=60

[4][NativeLibrary] SummerTime=0

[VK] FPS 34.3 | 29.14 ms/frame | min 8.71 max 76.58 ms | 35 framu | lsfg=0
[4][NativeLibrary] Timezone=60

[4][NativeLibrary] SummerTime=0

[4][NativeLibrary] Timezone=60

[4][NativeLibrary] SummerTime=0

[4][NativeLibrary] Timezone=60

[4][NativeLibrary] SummerTime=0

[4][NativeLibrary] Timezone=60

[4][NativeLibrary] SummerTime=0

[4][NativeLibrary] Timezone=60

[4][NativeLibrary] SummerTime=0

[4][NativeLibrary] Timezone=60

[4][NativeLibrary] SummerTime=0

[4][NativeLibrary] Timezone=60

[4][NativeLibrary] SummerTime=0

[4][NativeLibrary] Timezone=60

[4][NativeLibrary] SummerTime=0

[4][NativeLibrary] Timezone=60

[4][NativeLibrary] SummerTime=0

[4][NativeLibrary] Timezone=60

[4][NativeLibrary] SummerTime=0

[4][NativeLibrary] Timezone=60

[4][NativeLibrary] SummerTime=0

[4][NativeLibrary] Timezone=60

[4][NativeLibrary] SummerTime=0

[4][NativeLibrary] Timezone=60

[4][NativeLibrary] SummerTime=0

[4][NativeLibrary] Timezone=60

[4][NativeLibrary] SummerTime=0

[4][NativeLibrary] Timezone=60

[4][NativeLibrary] SummerTime=0

[4][NativeLibrary] Timezone=60

[4][NativeLibrary] SummerTime=0

[4][NativeLibrary] Timezone=60

[4][NativeLibrary] SummerTime=0

[4][NativeLibrary] Timezone=60

[4][NativeLibrary] SummerTime=0

[4][NativeLibrary] Timezone=60

[4][NativeLibrary] SummerTime=0

[4][NativeLibrary] Timezone=60

[4][NativeLibrary] SummerTime=0

[4][NativeLibrary] Timezone=60

[4][NativeLibrary] SummerTime=0

[4][NativeLibrary] Timezone=60

[4][NativeLibrary] SummerTime=0

[4][NativeLibrary] Timezone=60

[4][NativeLibrary] SummerTime=0

[4][NativeLibrary] Timezone=60

[4][NativeLibrary] SummerTime=0

[4][NativeLibrary] Timezone=60

[4][NativeLibrary] SummerTime=0

[4][NativeLibrary] Timezone=60

[4][NativeLibrary] SummerTime=0

[4][NativeLibrary] Timezone=60

[4][NativeLibrary] SummerTime=0

[4][NativeLibrary] Timezone=60

[4][NativeLibrary] SummerTime=0

[4][NativeLibrary] Timezone=60

[4][NativeLibrary] SummerTime=0

[4][NativeLibrary] Timezone=60

[4][NativeLibrary] SummerTime=0

[4][NativeLibrary] Timezone=60

[4][NativeLibrary] SummerTime=0

[4][NativeLibrary] Timezone=60

[4][NativeLibrary] SummerTime=0

[4][NativeLibrary] Timezone=60

[4][NativeLibrary] SummerTime=0

[VK] FPS 32.8 | 30.51 ms/frame | min 24.61 max 41.76 ms | 33 framu | lsfg=0
[4][NativeLibrary] Timezone=60

[4][NativeLibrary] SummerTime=0

[4][NativeLibrary] Timezone=60

[4][NativeLibrary] SummerTime=0

[4][NativeLibrary] Timezone=60

[4][NativeLibrary] SummerTime=0

[4][NativeLibrary] Timezone=60

[4][NativeLibrary] SummerTime=0

[4][NativeLibrary] Timezone=60

[4][NativeLibrary] SummerTime=0

[4][NativeLibrary] Timezone=60

[4][NativeLibrary] SummerTime=0

[4][NativeLibrary] Timezone=60

[4][NativeLibrary] SummerTime=0

[4][NativeLibrary] Timezone=60

[4][NativeLibrary] SummerTime=0

[4][NativeLibrary] Timezone=60

[4][NativeLibrary] SummerTime=0

[4][NativeLibrary] Timezone=60

[4][NativeLibrary] SummerTime=0

[4][NativeLibrary] Timezone=60

[4][NativeLibrary] SummerTime=0

[4][NativeLibrary] Timezone=60

[4][NativeLibrary] SummerTime=0

[4][NativeLibrary] Timezone=60

[4][NativeLibrary] SummerTime=0

[4][NativeLibrary] Timezone=60

[4][NativeLibrary] SummerTime=0

[4][NativeLibrary] Timezone=60

[4][NativeLibrary] SummerTime=0

[4][NativeLibrary] Timezone=60

[4][NativeLibrary] SummerTime=0

[4][NativeLibrary] Timezone=60

[4][NativeLibrary] SummerTime=0

[4][NativeLibrary] Timezone=60

[4][NativeLibrary] SummerTime=0

[4][NativeLibrary] Timezone=60

[4][NativeLibrary] SummerTime=0

[4][NativeLibrary] Timezone=60

[4][NativeLibrary] SummerTime=0

[4][NativeLibrary] Timezone=60

[4][NativeLibrary] SummerTime=0

[4][NativeLibrary] Timezone=60

[4][NativeLibrary] SummerTime=0

[4][NativeLibrary] Timezone=60

[4][NativeLibrary] SummerTime=0

[4][NativeLibrary] Timezone=60

[4][NativeLibrary] SummerTime=0

[4][NativeLibrary] Timezone=60

[4][NativeLibrary] SummerTime=0

[4][NativeLibrary] Timezone=60

[4][NativeLibrary] SummerTime=0

[4][NativeLibrary] Timezone=60

[4][NativeLibrary] SummerTime=0

[4][NativeLibrary] Timezone=60

[4][NativeLibrary] SummerTime=0

[4][NativeLibrary] Timezone=60

[4][NativeLibrary] SummerTime=0

[4][NativeLibrary] Timezone=60

[4][NativeLibrary] SummerTime=0

[4][NativeLibrary] Timezone=60

[4][NativeLibrary] SummerTime=0

[4][NativeLibrary] Timezone=60

[4][NativeLibrary] SummerTime=0

[4][NativeLibrary] Timezone=60

[4][NativeLibrary] SummerTime=0

[VK] FPS 32.1 | 31.16 ms/frame | min 25.27 max 38.52 ms | 33 framu | lsfg=0
[4][NativeLibrary] Timezone=60

[4][NativeLibrary] SummerTime=0

[4][NativeLibrary] Timezone=60

[4][NativeLibrary] SummerTime=0

[4][NativeLibrary] Timezone=60

[4][NativeLibrary] SummerTime=0

[4][NativeLibrary] Timezone=60

[4][NativeLibrary] SummerTime=0

[4][NativeLibrary] Timezone=60

[4][NativeLibrary] SummerTime=0

[4][NativeLibrary] Timezone=60

[4][NativeLibrary] SummerTime=0

[4][NativeLibrary] Timezone=60

[4][NativeLibrary] SummerTime=0

[4][NativeLibrary] Timezone=60

[4][NativeLibrary] SummerTime=0

[4][NativeLibrary] Timezone=60

[4][NativeLibrary] SummerTime=0

[4][NativeLibrary] Timezone=60

[4][NativeLibrary] SummerTime=0

[4][NativeLibrary] Timezone=60

[4][NativeLibrary] SummerTime=0

[4][NativeLibrary] Timezone=60

[4][NativeLibrary] SummerTime=0

[4][NativeLibrary] Timezone=60

[4][NativeLibrary] SummerTime=0

[4][NativeLibrary] Timezone=60

[4][NativeLibrary] SummerTime=0

[4][NativeLibrary] Timezone=60

[4][NativeLibrary] SummerTime=0

[4][NativeLibrary] Timezone=60

[4][NativeLibrary] SummerTime=0

[4][NativeLibrary] Timezone=60

[4][NativeLibrary] SummerTime=0

[4][NativeLibrary] Timezone=60

[4][NativeLibrary] SummerTime=0

[4][NativeLibrary] Timezone=60

[4][NativeLibrary] SummerTime=0

[4][NativeLibrary] Timezone=60

[4][NativeLibrary] SummerTime=0

[4][NativeLibrary] Timezone=60

[4][NativeLibrary] SummerTime=0

[4][NativeLibrary] Timezone=60

[4][NativeLibrary] SummerTime=0

[4][NativeLibrary] Timezone=60

[4][NativeLibrary] SummerTime=0

[4][NativeLibrary] Timezone=60

[4][NativeLibrary] SummerTime=0

[4][NativeLibrary] Timezone=60

[4][NativeLibrary] SummerTime=0

[4][NativeLibrary] Timezone=60

[4][NativeLibrary] SummerTime=0

[4][NativeLibrary] Timezone=60

[4][NativeLibrary] SummerTime=0

[4][NativeLibrary] Timezone=60

[4][NativeLibrary] SummerTime=0

[4][NativeLibrary] Timezone=60

[4][NativeLibrary] SummerTime=0

[4][NativeLibrary] Timezone=60

[4][NativeLibrary] SummerTime=0

[4][NativeLibrary] Timezone=60

[4][NativeLibrary] SummerTime=0

[VK] FPS 30.3 | 32.97 ms/frame | min 25.98 max 40.55 ms | 31 framu | lsfg=0
[4][NativeLibrary] Timezone=60

[4][NativeLibrary] SummerTime=0

[4][NativeLibrary] Timezone=60

[4][NativeLibrary] SummerTime=0

[4][NativeLibrary] Timezone=60

[4][NativeLibrary] SummerTime=0

[4][NativeLibrary] Timezone=60

[4][NativeLibrary] SummerTime=0

[4][NativeLibrary] Timezone=60

[4][NativeLibrary] SummerTime=0

[4][NativeLibrary] Timezone=60

[4][NativeLibrary] SummerTime=0

[4][NativeLibrary] Timezone=60

[4][NativeLibrary] SummerTime=0

[4][NativeLibrary] Timezone=60

[4][NativeLibrary] SummerTime=0

[4][NativeLibrary] Timezone=60

[4][NativeLibrary] SummerTime=0

[4][NativeLibrary] Timezone=60

[4][NativeLibrary] SummerTime=0

[4][NativeLibrary] Timezone=60

[4][NativeLibrary] SummerTime=0

[4][NativeLibrary] Timezone=60

[4][NativeLibrary] SummerTime=0

[4][NativeLibrary] Timezone=60

[4][NativeLibrary] SummerTime=0

[4][NativeLibrary] Timezone=60

[4][NativeLibrary] SummerTime=0

[4][NativeLibrary] Timezone=60

[4][NativeLibrary] SummerTime=0

[4][NativeLibrary] Timezone=60

[4][NativeLibrary] SummerTime=0

[4][NativeLibrary] Timezone=60

[4][NativeLibrary] SummerTime=0

[4][NativeLibrary] Timezone=60

[4][NativeLibrary] SummerTime=0

[4][NativeLibrary] Timezone=60

[4][NativeLibrary] SummerTime=0

[4][NativeLibrary] Timezone=60

[4][NativeLibrary] SummerTime=0

[4][NativeLibrary] Timezone=60

[4][NativeLibrary] SummerTime=0

[4][NativeLibrary] Timezone=60

[4][NativeLibrary] SummerTime=0

[4][NativeLibrary] Timezone=60

[4][NativeLibrary] SummerTime=0

[4][NativeLibrary] Timezone=60

[4][NativeLibrary] SummerTime=0

[4][NativeLibrary] Timezone=60

[4][NativeLibrary] SummerTime=0

[4][NativeLibrary] Timezone=60

[4][NativeLibrary] SummerTime=0

[4][NativeLibrary] Timezone=60

[4][NativeLibrary] SummerTime=0

[4][NativeLibrary] Timezone=60

[4][NativeLibrary] SummerTime=0

[4][NativeLibrary] Timezone=60

[4][NativeLibrary] SummerTime=0

[4][NativeLibrary] Timezone=60

[4][NativeLibrary] SummerTime=0

[VK] FPS 29.2 | 34.26 ms/frame | min 28.74 max 40.47 ms | 30 framu | lsfg=0
[4][NativeLibrary] Timezone=60

[4][NativeLibrary] SummerTime=0

[4][NativeLibrary] Timezone=60

[4][NativeLibrary] SummerTime=0

[4][NativeLibrary] Timezone=60

[4][NativeLibrary] SummerTime=0

[4][NativeLibrary] Timezone=60

[4][NativeLibrary] SummerTime=0

[4][NativeLibrary] Timezone=60

[4][NativeLibrary] SummerTime=0

[4][NativeLibrary] Timezone=60

[4][NativeLibrary] SummerTime=0

[4][NativeLibrary] Timezone=60

[4][NativeLibrary] SummerTime=0

[4][NativeLibrary] Timezone=60

[4][NativeLibrary] SummerTime=0

[4][NativeLibrary] Timezone=60

[4][NativeLibrary] SummerTime=0

[4][NativeLibrary] Timezone=60

[4][NativeLibrary] SummerTime=0

[4][NativeLibrary] Timezone=60

[4][NativeLibrary] SummerTime=0

[4][NativeLibrary] Timezone=60

[4][NativeLibrary] SummerTime=0

[4][NativeLibrary] Timezone=60

[4][NativeLibrary] SummerTime=0

[4][NativeLibrary] Timezone=60

[4][NativeLibrary] SummerTime=0

[4][NativeLibrary] Timezone=60

[4][NativeLibrary] SummerTime=0

[4][NativeLibrary] Timezone=60

[4][NativeLibrary] SummerTime=0

[4][NativeLibrary] Timezone=60

[4][NativeLibrary] SummerTime=0

[4][NativeLibrary] Timezone=60

[4][NativeLibrary] SummerTime=0

[4][NativeLibrary] Timezone=60

[4][NativeLibrary] SummerTime=0

[4][NativeLibrary] Timezone=60

[4][NativeLibrary] SummerTime=0

[4][NativeLibrary] Timezone=60

[4][NativeLibrary] SummerTime=0

[4][NativeLibrary] Timezone=60

[4][NativeLibrary] SummerTime=0

[4][NativeLibrary] Timezone=60

[4][NativeLibrary] SummerTime=0

[4][NativeLibrary] Timezone=60

[4][NativeLibrary] SummerTime=0

[4][NativeLibrary] Timezone=60

[4][NativeLibrary] SummerTime=0

[4][NativeLibrary] Timezone=60

[4][NativeLibrary] SummerTime=0

[4][NativeLibrary] Timezone=60

[4][NativeLibrary] SummerTime=0

[4][NativeLibrary] Timezone=60

[4][NativeLibrary] SummerTime=0

[4][NativeLibrary] Timezone=60

[4][NativeLibrary] SummerTime=0

[VK] FPS 28.5 | 35.03 ms/frame | min 27.88 max 45.10 ms | 29 framu | lsfg=0
[4][NativeLibrary] Timezone=60

[4][NativeLibrary] SummerTime=0

[4][NativeLibrary] Timezone=60

[4][NativeLibrary] SummerTime=0

[4][NativeLibrary] Timezone=60

[4][NativeLibrary] SummerTime=0

[4][NativeLibrary] Timezone=60

[4][NativeLibrary] SummerTime=0

[4][NativeLibrary] Timezone=60

[4][NativeLibrary] SummerTime=0

[4][NativeLibrary] Timezone=60

[4][NativeLibrary] SummerTime=0

[4][NativeLibrary] Timezone=60

[4][NativeLibrary] SummerTime=0

[4][NativeLibrary] Timezone=60

[4][NativeLibrary] SummerTime=0

[4][NativeLibrary] Timezone=60

[4][NativeLibrary] SummerTime=0

[4][NativeLibrary] Timezone=60

[4][NativeLibrary] SummerTime=0

[4][NativeLibrary] Timezone=60

[4][NativeLibrary] SummerTime=0

[4][NativeLibrary] Timezone=60

[4][NativeLibrary] SummerTime=0

[4][NativeLibrary] Timezone=60

[4][NativeLibrary] SummerTime=0

[4][NativeLibrary] Timezone=60

[4][NativeLibrary] SummerTime=0

[4][NativeLibrary] Timezone=60

[4][NativeLibrary] SummerTime=0

[4][NativeLibrary] Timezone=60

[4][NativeLibrary] SummerTime=0

[4][NativeLibrary] Timezone=60

[4][NativeLibrary] SummerTime=0

[4][NativeLibrary] Timezone=60

[4][NativeLibrary] SummerTime=0

[4][NativeLibrary] Timezone=60

[4][NativeLibrary] SummerTime=0

[4][NativeLibrary] Timezone=60

[4][NativeLibrary] SummerTime=0

[4][NativeLibrary] Timezone=60

[4][NativeLibrary] SummerTime=0

[4][NativeLibrary] Timezone=60

[4][NativeLibrary] SummerTime=0

[4][NativeLibrary] Timezone=60

[4][NativeLibrary] SummerTime=0

[4][NativeLibrary] Timezone=60

[4][NativeLibrary] SummerTime=0

[4][NativeLibrary] Timezone=60

[4][NativeLibrary] SummerTime=0

[4][NativeLibrary] Timezone=60

[4][NativeLibrary] SummerTime=0

[4][NativeLibrary] Timezone=60

[4][NativeLibrary] SummerTime=0

[4][NativeLibrary] Timezone=60

[4][NativeLibrary] SummerTime=0

[4][NativeLibrary] Timezone=60

[4][NativeLibrary] SummerTime=0

[VK] FPS 29.0 | 34.50 ms/frame | min 29.39 max 45.05 ms | 29 framu | lsfg=0
[4][NativeLibrary] Timezone=60

[4][NativeLibrary] SummerTime=0

[4][NativeLibrary] Timezone=60

[4][NativeLibrary] SummerTime=0

[4][NativeLibrary] Timezone=60

[4][NativeLibrary] SummerTime=0

[4][NativeLibrary] Timezone=60

[4][NativeLibrary] SummerTime=0

[4][NativeLibrary] Timezone=60

[4][NativeLibrary] SummerTime=0

[4][NativeLibrary] Timezone=60

[4][NativeLibrary] SummerTime=0

[4][NativeLibrary] Timezone=60

[4][NativeLibrary] SummerTime=0

[4][NativeLibrary] Timezone=60

[4][NativeLibrary] SummerTime=0

[4][NativeLibrary] Timezone=60

[4][NativeLibrary] SummerTime=0

[4][NativeLibrary] Timezone=60

[4][NativeLibrary] SummerTime=0

[4][NativeLibrary] Timezone=60

[4][NativeLibrary] SummerTime=0

[4][NativeLibrary] Timezone=60

[4][NativeLibrary] SummerTime=0

[4][NativeLibrary] Timezone=60

[4][NativeLibrary] SummerTime=0

[4][NativeLibrary] Timezone=60

[4][NativeLibrary] SummerTime=0

[4][NativeLibrary] Timezone=60

[4][NativeLibrary] SummerTime=0

[4][NativeLibrary] Timezone=60

[4][NativeLibrary] SummerTime=0

[4][NativeLibrary] Timezone=60

[4][NativeLibrary] SummerTime=0

[4][NativeLibrary] Timezone=60

[4][NativeLibrary] SummerTime=0

[4][NativeLibrary] Timezone=60

[4][NativeLibrary] SummerTime=0

[4][NativeLibrary] Timezone=60

[4][NativeLibrary] SummerTime=0

[4][NativeLibrary] Timezone=60

[4][NativeLibrary] SummerTime=0

[4][NativeLibrary] Timezone=60

[4][NativeLibrary] SummerTime=0

[4][NativeLibrary] Timezone=60

[4][NativeLibrary] SummerTime=0

[4][NativeLibrary] Timezone=60

[4][NativeLibrary] SummerTime=0

[4][NativeLibrary] Timezone=60

[4][NativeLibrary] SummerTime=0

[4][NativeLibrary] Timezone=60

[4][NativeLibrary] SummerTime=0

[4][NativeLibrary] Timezone=60

[4][NativeLibrary] SummerTime=0

[4][NativeLibrary] Timezone=60

[4][NativeLibrary] SummerTime=0

[4][NativeLibrary] Timezone=60

[4][NativeLibrary] SummerTime=0

[4][NativeLibrary] Timezone=60

[4][NativeLibrary] SummerTime=0

[VK] FPS 29.3 | 34.07 ms/frame | min 27.68 max 45.77 ms | 30 framu | lsfg=0
[4][NativeLibrary] Timezone=60

[4][NativeLibrary] SummerTime=0

[4][NativeLibrary] Timezone=60

[4][NativeLibrary] SummerTime=0

[4][NativeLibrary] Timezone=60

[4][NativeLibrary] SummerTime=0

[4][NativeLibrary] Timezone=60

[4][NativeLibrary] SummerTime=0

[4][NativeLibrary] Timezone=60

[4][NativeLibrary] SummerTime=0

[4][NativeLibrary] Timezone=60

[4][NativeLibrary] SummerTime=0

[4][NativeLibrary] Timezone=60

[4][NativeLibrary] SummerTime=0

[4][NativeLibrary] Timezone=60

[4][NativeLibrary] SummerTime=0

[4][NativeLibrary] Timezone=60

[4][NativeLibrary] SummerTime=0

[4][NativeLibrary] Timezone=60

[4][NativeLibrary] SummerTime=0

[4][NativeLibrary] Timezone=60

[4][NativeLibrary] SummerTime=0

[4][NativeLibrary] Timezone=60

[4][NativeLibrary] SummerTime=0

[4][NativeLibrary] Timezone=60

[4][NativeLibrary] SummerTime=0

[4][NativeLibrary] Timezone=60

[4][NativeLibrary] SummerTime=0

[4][NativeLibrary] Timezone=60

[4][NativeLibrary] SummerTime=0

[4][NativeLibrary] Timezone=60

[4][NativeLibrary] SummerTime=0

[4][NativeLibrary] Timezone=60

[4][NativeLibrary] SummerTime=0

[4][NativeLibrary] Timezone=60

[4][NativeLibrary] SummerTime=0

[4][NativeLibrary] Timezone=60

[4][NativeLibrary] SummerTime=0

[4][NativeLibrary] Timezone=60

[4][NativeLibrary] SummerTime=0

[4][NativeLibrary] Timezone=60

[4][NativeLibrary] SummerTime=0

[4][NativeLibrary] Timezone=60

[4][NativeLibrary] SummerTime=0

[4][NativeLibrary] Timezone=60

[4][NativeLibrary] SummerTime=0

[4][NativeLibrary] Timezone=60

[4][NativeLibrary] SummerTime=0

[4][NativeLibrary] Timezone=60

[4][NativeLibrary] SummerTime=0

[4][NativeLibrary] Timezone=60

[4][NativeLibrary] SummerTime=0

[4][NativeLibrary] Timezone=60

[4][NativeLibrary] SummerTime=0

[4][NativeLibrary] Timezone=60

[4][NativeLibrary] SummerTime=0

[4][NativeLibrary] Timezone=60

[4][NativeLibrary] SummerTime=0

[4][NativeLibrary] Timezone=60

[4][NativeLibrary] SummerTime=0

[VK] FPS 30.0 | 33.37 ms/frame | min 28.43 max 42.95 ms | 30 framu | lsfg=0
[4][NativeLibrary] Timezone=60

[4][NativeLibrary] SummerTime=0

[4][NativeLibrary] Timezone=60

[4][NativeLibrary] SummerTime=0

[4][NativeLibrary] Timezone=60

[4][NativeLibrary] SummerTime=0

[4][NativeLibrary] Timezone=60

[4][NativeLibrary] SummerTime=0

[4][NativeLibrary] Timezone=60

[4][NativeLibrary] SummerTime=0

[4][NativeLibrary] Timezone=60

[4][NativeLibrary] SummerTime=0

[4][NativeLibrary] Timezone=60

[4][NativeLibrary] SummerTime=0

[4][NativeLibrary] Timezone=60

[4][NativeLibrary] SummerTime=0

[4][NativeLibrary] Timezone=60

[4][NativeLibrary] SummerTime=0

[4][NativeLibrary] Timezone=60

[4][NativeLibrary] SummerTime=0

[4][NativeLibrary] Timezone=60

[4][NativeLibrary] SummerTime=0

[4][NativeLibrary] Timezone=60

[4][NativeLibrary] SummerTime=0

[4][NativeLibrary] Timezone=60

[4][NativeLibrary] SummerTime=0

[4][NativeLibrary] Timezone=60

[4][NativeLibrary] SummerTime=0

[4][NativeLibrary] Timezone=60

[4][NativeLibrary] SummerTime=0

[4][NativeLibrary] Timezone=60

[4][NativeLibrary] SummerTime=0

[4][NativeLibrary] Timezone=60

[4][NativeLibrary] SummerTime=0

[4][NativeLibrary] Timezone=60

[4][NativeLibrary] SummerTime=0

[4][NativeLibrary] Timezone=60

[4][NativeLibrary] SummerTime=0

[4][NativeLibrary] Timezone=60

[4][NativeLibrary] SummerTime=0

[4][NativeLibrary] Timezone=60

[4][NativeLibrary] SummerTime=0

[4][NativeLibrary] Timezone=60

[4][NativeLibrary] SummerTime=0

[4][NativeLibrary] Timezone=60

[4][NativeLibrary] SummerTime=0

[4][NativeLibrary] Timezone=60

[4][NativeLibrary] SummerTime=0

[4][NativeLibrary] Timezone=60

[4][NativeLibrary] SummerTime=0

[4][NativeLibrary] Timezone=60

[4][NativeLibrary] SummerTime=0

[4][NativeLibrary] Timezone=60

[4][NativeLibrary] SummerTime=0

[4][NativeLibrary] Timezone=60

[4][NativeLibrary] SummerTime=0

[4][NativeLibrary] Timezone=60

[4][NativeLibrary] SummerTime=0

[4][NativeLibrary] Timezone=60

[4][NativeLibrary] SummerTime=0

[VK] FPS 29.7 | 33.68 ms/frame | min 27.46 max 49.45 ms | 30 framu | lsfg=0
[4][NativeLibrary] Timezone=60

[4][NativeLibrary] SummerTime=0

[4][NativeLibrary] Timezone=60

[4][NativeLibrary] SummerTime=0

[4][NativeLibrary] Timezone=60

[4][NativeLibrary] SummerTime=0

[4][NativeLibrary] Timezone=60

[4][NativeLibrary] SummerTime=0

[4][NativeLibrary] Timezone=60

[4][NativeLibrary] SummerTime=0

[4][NativeLibrary] Timezone=60

[4][NativeLibrary] SummerTime=0

[4][NativeLibrary] Timezone=60

[4][NativeLibrary] SummerTime=0

[4][NativeLibrary] Timezone=60

[4][NativeLibrary] SummerTime=0

[4][NativeLibrary] Timezone=60

[4][NativeLibrary] SummerTime=0

[4][NativeLibrary] Timezone=60

[4][NativeLibrary] SummerTime=0

[4][NativeLibrary] Timezone=60

[4][NativeLibrary] SummerTime=0

[4][NativeLibrary] Timezone=60

[4][NativeLibrary] SummerTime=0

[4][NativeLibrary] Timezone=60

[4][NativeLibrary] SummerTime=0

[4][NativeLibrary] Timezone=60

[4][NativeLibrary] SummerTime=0

[4][NativeLibrary] Timezone=60

[4][NativeLibrary] SummerTime=0

[4][NativeLibrary] Timezone=60

[4][NativeLibrary] SummerTime=0

[4][NativeLibrary] Timezone=60

[4][NativeLibrary] SummerTime=0

[4][NativeLibrary] Timezone=60

[4][NativeLibrary] SummerTime=0

[4][NativeLibrary] Timezone=60

[4][NativeLibrary] SummerTime=0

[4][NativeLibrary] Timezone=60

[4][NativeLibrary] SummerTime=0

[4][NativeLibrary] Timezone=60

[4][NativeLibrary] SummerTime=0

[4][NativeLibrary] Timezone=60

[4][NativeLibrary] SummerTime=0

[4][NativeLibrary] Timezone=60

[4][NativeLibrary] SummerTime=0

[4][NativeLibrary] Timezone=60

[4][NativeLibrary] SummerTime=0

[4][NativeLibrary] Timezone=60

[4][NativeLibrary] SummerTime=0

[4][NativeLibrary] Timezone=60

[4][NativeLibrary] SummerTime=0

[4][NativeLibrary] Timezone=60

[4][NativeLibrary] SummerTime=0

[4][NativeLibrary] Timezone=60

[4][NativeLibrary] SummerTime=0

[4][NativeLibrary] Timezone=60

[4][NativeLibrary] SummerTime=0

[4][NativeLibrary] Timezone=60

[4][NativeLibrary] SummerTime=0

[VK] FPS 29.5 | 33.85 ms/frame | min 27.75 max 39.27 ms | 30 framu | lsfg=0
[4][NativeLibrary] Timezone=60

[4][NativeLibrary] SummerTime=0

[4][NativeLibrary] Timezone=60

[4][NativeLibrary] SummerTime=0

[4][NativeLibrary] Timezone=60

[4][NativeLibrary] SummerTime=0

[4][NativeLibrary] Timezone=60

[4][NativeLibrary] SummerTime=0

[4][NativeLibrary] Timezone=60

[4][NativeLibrary] SummerTime=0

[4][NativeLibrary] Timezone=60

[4][NativeLibrary] SummerTime=0

[4][NativeLibrary] Timezone=60

[4][NativeLibrary] SummerTime=0

[4][NativeLibrary] Timezone=60

[4][NativeLibrary] SummerTime=0

[4][NativeLibrary] Timezone=60

[4][NativeLibrary] SummerTime=0

[4][NativeLibrary] Timezone=60

[4][NativeLibrary] SummerTime=0

[4][NativeLibrary] Timezone=60

[4][NativeLibrary] SummerTime=0

[4][NativeLibrary] Timezone=60

[4][NativeLibrary] SummerTime=0

[4][NativeLibrary] Timezone=60

[4][NativeLibrary] SummerTime=0

[4][NativeLibrary] Timezone=60

[4][NativeLibrary] SummerTime=0

[4][NativeLibrary] Timezone=60

[4][NativeLibrary] SummerTime=0

[4][NativeLibrary] Timezone=60

[4][NativeLibrary] SummerTime=0

[4][NativeLibrary] Timezone=60

[4][NativeLibrary] SummerTime=0

[4][NativeLibrary] Timezone=60

[4][NativeLibrary] SummerTime=0

[4][NativeLibrary] Timezone=60

[4][NativeLibrary] SummerTime=0

[4][NativeLibrary] Timezone=60

[4][NativeLibrary] SummerTime=0

[4][NativeLibrary] Timezone=60

[4][NativeLibrary] SummerTime=0

[4][NativeLibrary] Timezone=60

[4][NativeLibrary] SummerTime=0

[4][NativeLibrary] Timezone=60

[4][NativeLibrary] SummerTime=0

[4][NativeLibrary] Timezone=60

[4][NativeLibrary] SummerTime=0

[4][NativeLibrary] Timezone=60

[4][NativeLibrary] SummerTime=0

[4][NativeLibrary] Timezone=60

[4][NativeLibrary] SummerTime=0

[4][NativeLibrary] Timezone=60

[4][NativeLibrary] SummerTime=0

[4][NativeLibrary] Timezone=60

[4][NativeLibrary] SummerTime=0

[4][NativeLibrary] Timezone=60

[4][NativeLibrary] SummerTime=0

[4][NativeLibrary] Timezone=60

[4][NativeLibrary] SummerTime=0

[VK] FPS 29.9 | 33.39 ms/frame | min 27.25 max 41.89 ms | 30 framu | lsfg=0
[4][NativeLibrary] Timezone=60

[4][NativeLibrary] SummerTime=0

[4][NativeLibrary] Timezone=60

[4][NativeLibrary] SummerTime=0

[4][NativeLibrary] Timezone=60

[4][NativeLibrary] SummerTime=0

[4][NativeLibrary] Timezone=60

[4][NativeLibrary] SummerTime=0

[4][NativeLibrary] Timezone=60

[4][NativeLibrary] SummerTime=0

[4][NativeLibrary] Timezone=60

[4][NativeLibrary] SummerTime=0

[4][NativeLibrary] Timezone=60

[4][NativeLibrary] SummerTime=0

[4][NativeLibrary] Timezone=60

[4][NativeLibrary] SummerTime=0

[4][NativeLibrary] Timezone=60

[4][NativeLibrary] SummerTime=0

[4][NativeLibrary] Timezone=60

[4][NativeLibrary] SummerTime=0

[4][NativeLibrary] Timezone=60

[4][NativeLibrary] SummerTime=0

[4][NativeLibrary] Timezone=60

[4][NativeLibrary] SummerTime=0

[4][NativeLibrary] Timezone=60

[4][NativeLibrary] SummerTime=0

[4][NativeLibrary] Timezone=60

[4][NativeLibrary] SummerTime=0

[4][NativeLibrary] Timezone=60

[4][NativeLibrary] SummerTime=0

[4][NativeLibrary] Timezone=60

[4][NativeLibrary] SummerTime=0

[4][NativeLibrary] Timezone=60

[4][NativeLibrary] SummerTime=0

[4][NativeLibrary] Timezone=60

[4][NativeLibrary] SummerTime=0

[4][NativeLibrary] Timezone=60

[4][NativeLibrary] SummerTime=0

[4][NativeLibrary] Timezone=60

[4][NativeLibrary] SummerTime=0

[4][NativeLibrary] Timezone=60

[4][NativeLibrary] SummerTime=0

[4][NativeLibrary] Timezone=60

[4][NativeLibrary] SummerTime=0

[4][NativeLibrary] Timezone=60

[4][NativeLibrary] SummerTime=0

[4][NativeLibrary] Timezone=60

[4][NativeLibrary] SummerTime=0

[4][NativeLibrary] Timezone=60

[4][NativeLibrary] SummerTime=0

[4][NativeLibrary] Timezone=60

[4][NativeLibrary] SummerTime=0

[4][NativeLibrary] Timezone=60

[4][NativeLibrary] SummerTime=0

[4][NativeLibrary] Timezone=60

[4][NativeLibrary] SummerTime=0

[VK] FPS 27.1 | 36.87 ms/frame | min 29.92 max 45.77 ms | 28 framu | lsfg=0
[4][NativeLibrary] Timezone=60

[4][NativeLibrary] SummerTime=0

[4][NativeLibrary] Timezone=60

[4][NativeLibrary] SummerTime=0

[4][NativeLibrary] Timezone=60

[4][NativeLibrary] SummerTime=0

[4][NativeLibrary] Timezone=60

[4][NativeLibrary] SummerTime=0

[4][NativeLibrary] Timezone=60

[4][NativeLibrary] SummerTime=0

[4][NativeLibrary] Timezone=60

[4][NativeLibrary] SummerTime=0

[4][NativeLibrary] Timezone=60

[4][NativeLibrary] SummerTime=0

[4][NativeLibrary] Timezone=60

[4][NativeLibrary] SummerTime=0

[4][NativeLibrary] Timezone=60

[4][NativeLibrary] SummerTime=0

[4][NativeLibrary] Timezone=60

[4][NativeLibrary] SummerTime=0

[4][NativeLibrary] Timezone=60

[4][NativeLibrary] SummerTime=0

[4][NativeLibrary] Timezone=60

[4][NativeLibrary] SummerTime=0

[4][NativeLibrary] Timezone=60

[4][NativeLibrary] SummerTime=0

[4][NativeLibrary] Timezone=60

[4][NativeLibrary] SummerTime=0

[4][NativeLibrary] Timezone=60

[4][NativeLibrary] SummerTime=0

[4][NativeLibrary] Timezone=60

[4][NativeLibrary] SummerTime=0

[4][NativeLibrary] Timezone=60

[4][NativeLibrary] SummerTime=0

[4][NativeLibrary] Timezone=60

[4][NativeLibrary] SummerTime=0

[4][NativeLibrary] Timezone=60

[4][NativeLibrary] SummerTime=0

[4][NativeLibrary] Timezone=60

[4][NativeLibrary] SummerTime=0

[4][NativeLibrary] Timezone=60

[4][NativeLibrary] SummerTime=0

[4][NativeLibrary] Timezone=60

[4][NativeLibrary] SummerTime=0

[4][NativeLibrary] Timezone=60

[4][NativeLibrary] SummerTime=0

[4][NativeLibrary] Timezone=60

[4][NativeLibrary] SummerTime=0

[4][NativeLibrary] Timezone=60

[4][NativeLibrary] SummerTime=0

[4][NativeLibrary] Timezone=60

[4][NativeLibrary] SummerTime=0

[4][NativeLibrary] Timezone=60

[4][NativeLibrary] SummerTime=0

[4][NativeLibrary] Timezone=60

[4][NativeLibrary] SummerTime=0

[4][NativeLibrary] Timezone=60

[4][NativeLibrary] SummerTime=0

[4][NativeLibrary] Timezone=60

[4][NativeLibrary] SummerTime=0

[VK] FPS 29.7 | 33.70 ms/frame | min 27.09 max 43.04 ms | 30 framu | lsfg=0
[4][NativeLibrary] Timezone=60

[4][NativeLibrary] SummerTime=0

[4][NativeLibrary] Timezone=60

[4][NativeLibrary] SummerTime=0

[4][NativeLibrary] Timezone=60

[4][NativeLibrary] SummerTime=0

[4][NativeLibrary] Timezone=60

[4][NativeLibrary] SummerTime=0

[4][NativeLibrary] Timezone=60

[4][NativeLibrary] SummerTime=0

[4][NativeLibrary] Timezone=60

[4][NativeLibrary] SummerTime=0

[4][NativeLibrary] Timezone=60

[4][NativeLibrary] SummerTime=0

[4][NativeLibrary] Timezone=60

[4][NativeLibrary] SummerTime=0

[4][NativeLibrary] Timezone=60

[4][NativeLibrary] SummerTime=0

[4][NativeLibrary] Timezone=60

[4][NativeLibrary] SummerTime=0

[4][NativeLibrary] Timezone=60

[4][NativeLibrary] SummerTime=0

[4][NativeLibrary] Timezone=60

[4][NativeLibrary] SummerTime=0

[4][NativeLibrary] Timezone=60

[4][NativeLibrary] SummerTime=0

[4][NativeLibrary] Timezone=60

[4][NativeLibrary] SummerTime=0

[4][NativeLibrary] Timezone=60

[4][NativeLibrary] SummerTime=0

[4][NativeLibrary] Timezone=60

[4][NativeLibrary] SummerTime=0

[4][NativeLibrary] Timezone=60

[4][NativeLibrary] SummerTime=0

[4][NativeLibrary] Timezone=60

[4][NativeLibrary] SummerTime=0

[4][NativeLibrary] Timezone=60

[4][NativeLibrary] SummerTime=0

[4][NativeLibrary] Timezone=60

[4][NativeLibrary] SummerTime=0

[4][NativeLibrary] Timezone=60

[4][NativeLibrary] SummerTime=0

[4][NativeLibrary] Timezone=60

[4][NativeLibrary] SummerTime=0

[4][NativeLibrary] Timezone=60

[4][NativeLibrary] SummerTime=0

[4][NativeLibrary] Timezone=60

[4][NativeLibrary] SummerTime=0

[4][NativeLibrary] Timezone=60

[4][NativeLibrary] SummerTime=0

[4][NativeLibrary] Timezone=60

[4][NativeLibrary] SummerTime=0

[4][NativeLibrary] Timezone=60

[4][NativeLibrary] SummerTime=0

[4][NativeLibrary] Timezone=60

[4][NativeLibrary] SummerTime=0

[4][NativeLibrary] Timezone=60

[4][NativeLibrary] SummerTime=0

[4][NativeLibrary] Timezone=60

[4][NativeLibrary] SummerTime=0

[VK] FPS 28.9 | 34.59 ms/frame | min 29.11 max 43.80 ms | 30 framu | lsfg=0
[4][NativeLibrary] Timezone=60

[4][NativeLibrary] SummerTime=0

[4][NativeLibrary] Timezone=60

[4][NativeLibrary] SummerTime=0

[4][NativeLibrary] Timezone=60

[4][NativeLibrary] SummerTime=0

[4][NativeLibrary] Timezone=60

[4][NativeLibrary] SummerTime=0

[4][NativeLibrary] Timezone=60

[4][NativeLibrary] SummerTime=0

[4][NativeLibrary] Timezone=60

[4][NativeLibrary] SummerTime=0

[4][NativeLibrary] Timezone=60

[4][NativeLibrary] SummerTime=0

[4][NativeLibrary] Timezone=60

[4][NativeLibrary] SummerTime=0

[4][NativeLibrary] Timezone=60

[4][NativeLibrary] SummerTime=0

[4][NativeLibrary] Timezone=60

[4][NativeLibrary] SummerTime=0

[4][NativeLibrary] Timezone=60

[4][NativeLibrary] SummerTime=0

[4][NativeLibrary] Timezone=60

[4][NativeLibrary] SummerTime=0

[4][NativeLibrary] Timezone=60

[4][NativeLibrary] SummerTime=0

[4][NativeLibrary] Timezone=60

[4][NativeLibrary] SummerTime=0

[4][NativeLibrary] Timezone=60

[4][NativeLibrary] SummerTime=0

[4][NativeLibrary] Timezone=60

[4][NativeLibrary] SummerTime=0

[4][NativeLibrary] Timezone=60

[4][NativeLibrary] SummerTime=0

[4][NativeLibrary] Timezone=60

[4][NativeLibrary] SummerTime=0

[4][NativeLibrary] Timezone=60

[4][NativeLibrary] SummerTime=0

[4][NativeLibrary] Timezone=60

[4][NativeLibrary] SummerTime=0

[4][NativeLibrary] Timezone=60

[4][NativeLibrary] SummerTime=0

[4][NativeLibrary] Timezone=60

[4][NativeLibrary] SummerTime=0

[4][NativeLibrary] Timezone=60

[4][NativeLibrary] SummerTime=0

[4][NativeLibrary] Timezone=60

[4][NativeLibrary] SummerTime=0

[4][NativeLibrary] Timezone=60

[4][NativeLibrary] SummerTime=0

[4][NativeLibrary] Timezone=60

[4][NativeLibrary] SummerTime=0

[4][NativeLibrary] Timezone=60

[4][NativeLibrary] SummerTime=0

[4][NativeLibrary] Timezone=60

[4][NativeLibrary] SummerTime=0

[4][NativeLibrary] Timezone=60

[4][NativeLibrary] SummerTime=0

[4][NativeLibrary] Timezone=60

[4][NativeLibrary] SummerTime=0

[4][NativeLibrary] Timezone=60

[4][NativeLibrary] SummerTime=0

[VK] FPS 29.9 | 33.39 ms/frame | min 25.71 max 43.58 ms | 31 framu | lsfg=0
[4][NativeLibrary] Timezone=60

[4][NativeLibrary] SummerTime=0

[4][NativeLibrary] Timezone=60

[4][NativeLibrary] SummerTime=0

[4][NativeLibrary] Timezone=60

[4][NativeLibrary] SummerTime=0

[4][NativeLibrary] Timezone=60

[4][NativeLibrary] SummerTime=0

[4][NativeLibrary] Timezone=60

[4][NativeLibrary] SummerTime=0

[4][NativeLibrary] Timezone=60

[4][NativeLibrary] SummerTime=0

[4][NativeLibrary] Timezone=60

[4][NativeLibrary] SummerTime=0

[4][NativeLibrary] Timezone=60

[4][NativeLibrary] SummerTime=0

[4][NativeLibrary] Timezone=60

[4][NativeLibrary] SummerTime=0

[4][NativeLibrary] Timezone=60

[4][NativeLibrary] SummerTime=0

[4][NativeLibrary] Timezone=60

[4][NativeLibrary] SummerTime=0

[4][NativeLibrary] Timezone=60

[4][NativeLibrary] SummerTime=0

[4][NativeLibrary] Timezone=60

[4][NativeLibrary] SummerTime=0

[4][NativeLibrary] Timezone=60

[4][NativeLibrary] SummerTime=0

[4][NativeLibrary] Timezone=60

[4][NativeLibrary] SummerTime=0

[4][NativeLibrary] Timezone=60

[4][NativeLibrary] SummerTime=0

[4][NativeLibrary] Timezone=60

[4][NativeLibrary] SummerTime=0

[4][NativeLibrary] Timezone=60

[4][NativeLibrary] SummerTime=0

[4][NativeLibrary] Timezone=60

[4][NativeLibrary] SummerTime=0

[4][NativeLibrary] Timezone=60

[4][NativeLibrary] SummerTime=0

[4][NativeLibrary] Timezone=60

[4][NativeLibrary] SummerTime=0

[4][NativeLibrary] Timezone=60

[4][NativeLibrary] SummerTime=0

[4][NativeLibrary] Timezone=60

[4][NativeLibrary] SummerTime=0

[4][NativeLibrary] Timezone=60

[4][NativeLibrary] SummerTime=0

[4][NativeLibrary] Timezone=60

[4][NativeLibrary] SummerTime=0

[4][NativeLibrary] Timezone=60

[4][NativeLibrary] SummerTime=0

[4][NativeLibrary] Timezone=60

[4][NativeLibrary] SummerTime=0

[4][NativeLibrary] Timezone=60

[4][NativeLibrary] SummerTime=0

[4][NativeLibrary] Timezone=60

[4][NativeLibrary] SummerTime=0

[4][NativeLibrary] Timezone=60

[4][NativeLibrary] SummerTime=0

[4][NativeLibrary] Timezone=60

[4][NativeLibrary] SummerTime=0

[VK] FPS 30.3 | 33.06 ms/frame | min 26.55 max 43.54 ms | 31 framu | lsfg=0
[4][NativeLibrary] Timezone=60

[4][NativeLibrary] SummerTime=0

[4][NativeLibrary] Timezone=60

[4][NativeLibrary] SummerTime=0

[4][NativeLibrary] Timezone=60

[4][NativeLibrary] SummerTime=0

[4][NativeLibrary] Timezone=60

[4][NativeLibrary] SummerTime=0

[4][NativeLibrary] Timezone=60

[4][NativeLibrary] SummerTime=0

[4][NativeLibrary] Timezone=60

[4][NativeLibrary] SummerTime=0

[4][NativeLibrary] Timezone=60

[4][NativeLibrary] SummerTime=0

[4][NativeLibrary] Timezone=60

[4][NativeLibrary] SummerTime=0

[4][NativeLibrary] Timezone=60

[4][NativeLibrary] SummerTime=0

[4][NativeLibrary] Timezone=60

[4][NativeLibrary] SummerTime=0

[4][NativeLibrary] Timezone=60

[4][NativeLibrary] SummerTime=0

[4][NativeLibrary] Timezone=60

[4][NativeLibrary] SummerTime=0

[4][NativeLibrary] Timezone=60

[4][NativeLibrary] SummerTime=0

[4][NativeLibrary] Timezone=60

[4][NativeLibrary] SummerTime=0

[4][NativeLibrary] Timezone=60

[4][NativeLibrary] SummerTime=0

[4][NativeLibrary] Timezone=60

[4][NativeLibrary] SummerTime=0

[4][NativeLibrary] Timezone=60

[4][NativeLibrary] SummerTime=0

[4][NativeLibrary] Timezone=60

[4][NativeLibrary] SummerTime=0

[4][NativeLibrary] Timezone=60

[4][NativeLibrary] SummerTime=0

[4][NativeLibrary] Timezone=60

[4][NativeLibrary] SummerTime=0

[4][NativeLibrary] Timezone=60

[4][NativeLibrary] SummerTime=0

[4][NativeLibrary] Timezone=60

[4][NativeLibrary] SummerTime=0

[4][NativeLibrary] Timezone=60

[4][NativeLibrary] SummerTime=0

[4][NativeLibrary] Timezone=60

[4][NativeLibrary] SummerTime=0

[4][NativeLibrary] Timezone=60

[4][NativeLibrary] SummerTime=0

[4][NativeLibrary] Timezone=60

[4][NativeLibrary] SummerTime=0

[4][NativeLibrary] Timezone=60

[4][NativeLibrary] SummerTime=0

[4][NativeLibrary] Timezone=60

[4][NativeLibrary] SummerTime=0

[4][NativeLibrary] Timezone=60

[4][NativeLibrary] SummerTime=0

[4][NativeLibrary] Timezone=60

[4][NativeLibrary] SummerTime=0

[4][NativeLibrary] Timezone=60

[4][NativeLibrary] SummerTime=0

[VK] FPS 30.5 | 32.78 ms/frame | min 26.32 max 41.31 ms | 31 framu | lsfg=0
[4][NativeLibrary] Timezone=60

[4][NativeLibrary] SummerTime=0

[4][NativeLibrary] Timezone=60

[4][NativeLibrary] SummerTime=0

[4][NativeLibrary] Timezone=60

[4][NativeLibrary] SummerTime=0

[4][NativeLibrary] Timezone=60

[4][NativeLibrary] SummerTime=0

[4][NativeLibrary] Timezone=60

[4][NativeLibrary] SummerTime=0

[4][NativeLibrary] Timezone=60

[4][NativeLibrary] SummerTime=0

[4][NativeLibrary] Timezone=60

[4][NativeLibrary] SummerTime=0

[4][NativeLibrary] Timezone=60

[4][NativeLibrary] SummerTime=0

[4][NativeLibrary] Timezone=60

[4][NativeLibrary] SummerTime=0

[4][NativeLibrary] Timezone=60

[4][NativeLibrary] SummerTime=0

[4][NativeLibrary] Timezone=60

[4][NativeLibrary] SummerTime=0

[4][NativeLibrary] Timezone=60

[4][NativeLibrary] SummerTime=0

[4][NativeLibrary] Timezone=60

[4][NativeLibrary] SummerTime=0

[4][NativeLibrary] Timezone=60

[4][NativeLibrary] SummerTime=0

[4][NativeLibrary] Timezone=60

[4][NativeLibrary] SummerTime=0

[4][NativeLibrary] Timezone=60

[4][NativeLibrary] SummerTime=0

[4][NativeLibrary] Timezone=60

[4][NativeLibrary] SummerTime=0

[4][NativeLibrary] Timezone=60

[4][NativeLibrary] SummerTime=0

[4][NativeLibrary] Timezone=60

[4][NativeLibrary] SummerTime=0

[4][NativeLibrary] Timezone=60

[4][NativeLibrary] SummerTime=0

[4][NativeLibrary] Timezone=60

[4][NativeLibrary] SummerTime=0

[4][NativeLibrary] Timezone=60

[4][NativeLibrary] SummerTime=0

[4][NativeLibrary] Timezone=60

[4][NativeLibrary] SummerTime=0

[4][NativeLibrary] Timezone=60

[4][NativeLibrary] SummerTime=0

[4][NativeLibrary] Timezone=60

[4][NativeLibrary] SummerTime=0

[4][NativeLibrary] Timezone=60

[4][NativeLibrary] SummerTime=0

[4][NativeLibrary] Timezone=60

[4][NativeLibrary] SummerTime=0

[4][NativeLibrary] Timezone=60

[4][NativeLibrary] SummerTime=0

[4][NativeLibrary] Timezone=60

[4][NativeLibrary] SummerTime=0

[4][NativeLibrary] Timezone=60

[4][NativeLibrary] SummerTime=0

[VK] FPS 29.3 | 34.17 ms/frame | min 29.17 max 43.16 ms | 30 framu | lsfg=0
[4][NativeLibrary] Timezone=60

[4][NativeLibrary] SummerTime=0

[4][NativeLibrary] Timezone=60

[4][NativeLibrary] SummerTime=0

[4][NativeLibrary] Timezone=60

[4][NativeLibrary] SummerTime=0

[4][NativeLibrary] Timezone=60

[4][NativeLibrary] SummerTime=0

[4][NativeLibrary] Timezone=60

[4][NativeLibrary] SummerTime=0

[4][NativeLibrary] Timezone=60

[4][NativeLibrary] SummerTime=0

[4][NativeLibrary] Timezone=60

[4][NativeLibrary] SummerTime=0

[4][NativeLibrary] Timezone=60

[4][NativeLibrary] SummerTime=0

[4][NativeLibrary] Timezone=60

[4][NativeLibrary] SummerTime=0

[4][NativeLibrary] Timezone=60

[4][NativeLibrary] SummerTime=0

[4][NativeLibrary] Timezone=60

[4][NativeLibrary] SummerTime=0

[4][NativeLibrary] Timezone=60

[4][NativeLibrary] SummerTime=0

[4][NativeLibrary] Timezone=60

[4][NativeLibrary] SummerTime=0

[4][NativeLibrary] Timezone=60

[4][NativeLibrary] SummerTime=0

[4][NativeLibrary] Timezone=60

[4][NativeLibrary] SummerTime=0

[4][NativeLibrary] Timezone=60

[4][NativeLibrary] SummerTime=0

[4][NativeLibrary] Timezone=60

[4][NativeLibrary] SummerTime=0

[4][NativeLibrary] Timezone=60

[4][NativeLibrary] SummerTime=0

[4][NativeLibrary] Timezone=60

[4][NativeLibrary] SummerTime=0

[4][NativeLibrary] Timezone=60

[4][NativeLibrary] SummerTime=0

[4][NativeLibrary] Timezone=60

[4][NativeLibrary] SummerTime=0

[4][NativeLibrary] Timezone=60

[4][NativeLibrary] SummerTime=0

[4][NativeLibrary] Timezone=60

[4][NativeLibrary] SummerTime=0

[4][NativeLibrary] Timezone=60

[4][NativeLibrary] SummerTime=0

[4][NativeLibrary] Timezone=60

[4][NativeLibrary] SummerTime=0

[VK] FPS 24.2 | 41.24 ms/frame | min 29.02 max 72.67 ms | 25 framu | lsfg=0
[4][NativeLibrary] Timezone=60

[4][NativeLibrary] SummerTime=0

[4][NativeLibrary] Timezone=60

[4][NativeLibrary] SummerTime=0

[4][NativeLibrary] Timezone=60

[4][NativeLibrary] SummerTime=0

[4][NativeLibrary] Timezone=60

[4][NativeLibrary] SummerTime=0

[4][NativeLibrary] Timezone=60

[4][NativeLibrary] SummerTime=0

[4][NativeLibrary] Timezone=60

[4][NativeLibrary] SummerTime=0

[4][NativeLibrary] Timezone=60

[4][NativeLibrary] SummerTime=0

[4][NativeLibrary] Timezone=60

[4][NativeLibrary] SummerTime=0

[4][NativeLibrary] Timezone=60

[4][NativeLibrary] SummerTime=0

[4][NativeLibrary] Timezone=60

[4][NativeLibrary] SummerTime=0

[4][NativeLibrary] Timezone=60

[4][NativeLibrary] SummerTime=0

[4][NativeLibrary] Timezone=60

[4][NativeLibrary] SummerTime=0

[4][NativeLibrary] Timezone=60

[4][NativeLibrary] SummerTime=0

[4][NativeLibrary] Timezone=60

[4][NativeLibrary] SummerTime=0

[4][NativeLibrary] Timezone=60

[4][NativeLibrary] SummerTime=0

[4][NativeLibrary] Timezone=60

[4][NativeLibrary] SummerTime=0

[4][NativeLibrary] Timezone=60

[4][NativeLibrary] SummerTime=0

[4][NativeLibrary] Timezone=60

[4][NativeLibrary] SummerTime=0

[4][NativeLibrary] Timezone=60

[4][NativeLibrary] SummerTime=0

[4][NativeLibrary] Timezone=60

[4][NativeLibrary] SummerTime=0

[4][NativeLibrary] Timezone=60

[4][NativeLibrary] SummerTime=0

[4][NativeLibrary] Timezone=60

[4][NativeLibrary] SummerTime=0

[4][NativeLibrary] Timezone=60

[4][NativeLibrary] SummerTime=0

[4][NativeLibrary] Timezone=60

[4][NativeLibrary] SummerTime=0

[4][NativeLibrary] Timezone=60

[4][NativeLibrary] SummerTime=0

[4][NativeLibrary] Timezone=60

[4][NativeLibrary] SummerTime=0

[4][NativeLibrary] Timezone=60

[4][NativeLibrary] SummerTime=0

[VK] FPS 26.4 | 37.94 ms/frame | min 27.24 max 96.23 ms | 27 framu | lsfg=0
[4][NativeLibrary] Timezone=60

[4][NativeLibrary] SummerTime=0

[4][NativeLibrary] Timezone=60

[4][NativeLibrary] SummerTime=0

[4][NativeLibrary] Timezone=60

[4][NativeLibrary] SummerTime=0

[4][NativeLibrary] Timezone=60

[4][NativeLibrary] SummerTime=0

[4][NativeLibrary] Timezone=60

[4][NativeLibrary] SummerTime=0

[4][NativeLibrary] Timezone=60

[4][NativeLibrary] SummerTime=0

[4][NativeLibrary] Timezone=60

[4][NativeLibrary] SummerTime=0

[4][NativeLibrary] Timezone=60

[4][NativeLibrary] SummerTime=0

[4][NativeLibrary] Timezone=60

[4][NativeLibrary] SummerTime=0

[4][NativeLibrary] Timezone=60

[4][NativeLibrary] SummerTime=0

[4][NativeLibrary] Timezone=60

[4][NativeLibrary] SummerTime=0

[4][NativeLibrary] Timezone=60

[4][NativeLibrary] SummerTime=0

[4][NativeLibrary] Timezone=60

[4][NativeLibrary] SummerTime=0

[4][NativeLibrary] Timezone=60

[4][NativeLibrary] SummerTime=0

[4][NativeLibrary] Timezone=60

[4][NativeLibrary] SummerTime=0

[4][NativeLibrary] Timezone=60

[4][NativeLibrary] SummerTime=0

[4][NativeLibrary] Timezone=60

[4][NativeLibrary] SummerTime=0

[4][NativeLibrary] Timezone=60

[4][NativeLibrary] SummerTime=0

[4][NativeLibrary] Timezone=60

[4][NativeLibrary] SummerTime=0

[4][NativeLibrary] Timezone=60

[4][NativeLibrary] SummerTime=0

[4][NativeLibrary] Timezone=60

[4][NativeLibrary] SummerTime=0

[4][NativeLibrary] Timezone=60

[4][NativeLibrary] SummerTime=0

[4][NativeLibrary] Timezone=60

[4][NativeLibrary] SummerTime=0

[4][NativeLibrary] Timezone=60

[4][NativeLibrary] SummerTime=0

[4][NativeLibrary] Timezone=60

[4][NativeLibrary] SummerTime=0

[4][NativeLibrary] Timezone=60

[4][NativeLibrary] SummerTime=0

[4][NativeLibrary] Timezone=60

[4][NativeLibrary] SummerTime=0

[4][NativeLibrary] Timezone=60

[4][NativeLibrary] SummerTime=0

[4][NativeLibrary] Timezone=60

[4][NativeLibrary] SummerTime=0

[4][NativeLibrary] Timezone=60

[4][NativeLibrary] SummerTime=0

[VK] FPS 29.2 | 34.25 ms/frame | min 28.16 max 41.56 ms | 30 framu | lsfg=0
[4][NativeLibrary] Timezone=60

[4][NativeLibrary] SummerTime=0

[4][NativeLibrary] Timezone=60

[4][NativeLibrary] SummerTime=0

[4][NativeLibrary] Timezone=60

[4][NativeLibrary] SummerTime=0

[4][NativeLibrary] Timezone=60

[4][NativeLibrary] SummerTime=0

[4][NativeLibrary] Timezone=60

[4][NativeLibrary] SummerTime=0

[4][NativeLibrary] Timezone=60

[4][NativeLibrary] SummerTime=0

[4][NativeLibrary] Timezone=60

[4][NativeLibrary] SummerTime=0

[4][NativeLibrary] Timezone=60

[4][NativeLibrary] SummerTime=0

[4][NativeLibrary] Timezone=60

[4][NativeLibrary] SummerTime=0

[4][NativeLibrary] Timezone=60

[4][NativeLibrary] SummerTime=0

[4][NativeLibrary] Timezone=60

[4][NativeLibrary] SummerTime=0

[4][NativeLibrary] Timezone=60

[4][NativeLibrary] SummerTime=0

[4][NativeLibrary] Timezone=60

[4][NativeLibrary] SummerTime=0

[4][NativeLibrary] Timezone=60

[4][NativeLibrary] SummerTime=0

[4][NativeLibrary] Timezone=60

[4][NativeLibrary] SummerTime=0

[4][NativeLibrary] Timezone=60

[4][NativeLibrary] SummerTime=0

[4][NativeLibrary] Timezone=60

[4][NativeLibrary] SummerTime=0

[4][NativeLibrary] Timezone=60

[4][NativeLibrary] SummerTime=0

[4][NativeLibrary] Timezone=60

[4][NativeLibrary] SummerTime=0

[4][NativeLibrary] Timezone=60

[4][NativeLibrary] SummerTime=0

[4][NativeLibrary] Timezone=60

[4][NativeLibrary] SummerTime=0

[4][NativeLibrary] Timezone=60

[4][NativeLibrary] SummerTime=0

[4][NativeLibrary] Timezone=60

[4][NativeLibrary] SummerTime=0

[4][NativeLibrary] Timezone=60

[4][NativeLibrary] SummerTime=0

[4][NativeLibrary] Timezone=60

[4][NativeLibrary] SummerTime=0

[4][NativeLibrary] Timezone=60

[4][NativeLibrary] SummerTime=0

[4][NativeLibrary] Timezone=60

[4][NativeLibrary] SummerTime=0

[4][NativeLibrary] Timezone=60

[4][NativeLibrary] SummerTime=0

[4][NativeLibrary] Timezone=60

[4][NativeLibrary] SummerTime=0

[4][NativeLibrary] Timezone=60

[4][NativeLibrary] SummerTime=0

[VK] FPS 30.0 | 33.38 ms/frame | min 26.17 max 45.92 ms | 30 framu | lsfg=0
[4][NativeLibrary] Timezone=60

[4][NativeLibrary] SummerTime=0

[4][NativeLibrary] Timezone=60

[4][NativeLibrary] SummerTime=0

[4][NativeLibrary] Timezone=60

[4][NativeLibrary] SummerTime=0

[4][NativeLibrary] Timezone=60

[4][NativeLibrary] SummerTime=0

[4][NativeLibrary] Timezone=60

[4][NativeLibrary] SummerTime=0

[4][NativeLibrary] Timezone=60

[4][NativeLibrary] SummerTime=0

[4][NativeLibrary] Timezone=60

[4][NativeLibrary] SummerTime=0

[4][NativeLibrary] Timezone=60

[4][NativeLibrary] SummerTime=0

[4][NativeLibrary] Timezone=60

[4][NativeLibrary] SummerTime=0

[4][NativeLibrary] Timezone=60

[4][NativeLibrary] SummerTime=0

[4][NativeLibrary] Timezone=60

[4][NativeLibrary] SummerTime=0

[4][NativeLibrary] Timezone=60

[4][NativeLibrary] SummerTime=0

[4][NativeLibrary] Timezone=60

[4][NativeLibrary] SummerTime=0

[4][NativeLibrary] Timezone=60

[4][NativeLibrary] SummerTime=0

[4][NativeLibrary] Timezone=60

[4][NativeLibrary] SummerTime=0

[4][NativeLibrary] Timezone=60

[4][NativeLibrary] SummerTime=0

[4][NativeLibrary] Timezone=60

[4][NativeLibrary] SummerTime=0

[4][NativeLibrary] Timezone=60

[4][NativeLibrary] SummerTime=0

[4][NativeLibrary] Timezone=60

[4][NativeLibrary] SummerTime=0

[4][NativeLibrary] Timezone=60

[4][NativeLibrary] SummerTime=0

[4][NativeLibrary] Timezone=60

[4][NativeLibrary] SummerTime=0

[4][NativeLibrary] Timezone=60

[4][NativeLibrary] SummerTime=0

[4][NativeLibrary] Timezone=60

[4][NativeLibrary] SummerTime=0

[4][NativeLibrary] Timezone=60

[4][NativeLibrary] SummerTime=0

[4][NativeLibrary] Timezone=60

[4][NativeLibrary] SummerTime=0

[4][NativeLibrary] Timezone=60

[4][NativeLibrary] SummerTime=0

[4][NativeLibrary] Timezone=60

[4][NativeLibrary] SummerTime=0

[4][NativeLibrary] Timezone=60

[4][NativeLibrary] SummerTime=0

[4][NativeLibrary] Timezone=60

[4][NativeLibrary] SummerTime=0

[4][NativeLibrary] Timezone=60

[4][NativeLibrary] SummerTime=0

[VK] FPS 29.5 | 33.86 ms/frame | min 28.85 max 43.87 ms | 30 framu | lsfg=0
[4][NativeLibrary] Timezone=60

[4][NativeLibrary] SummerTime=0

[4][NativeLibrary] Timezone=60

[4][NativeLibrary] SummerTime=0

[4][NativeLibrary] Timezone=60

[4][NativeLibrary] SummerTime=0

[4][NativeLibrary] Timezone=60

[4][NativeLibrary] SummerTime=0

[4][NativeLibrary] Timezone=60

[4][NativeLibrary] SummerTime=0

[4][NativeLibrary] Timezone=60

[4][NativeLibrary] SummerTime=0

[4][NativeLibrary] Timezone=60

[4][NativeLibrary] SummerTime=0

[4][NativeLibrary] Timezone=60

[4][NativeLibrary] SummerTime=0

[4][NativeLibrary] Timezone=60

[4][NativeLibrary] SummerTime=0

[4][NativeLibrary] Timezone=60

[4][NativeLibrary] SummerTime=0

[4][NativeLibrary] Timezone=60

[4][NativeLibrary] SummerTime=0

[4][NativeLibrary] Timezone=60

[4][NativeLibrary] SummerTime=0

[4][NativeLibrary] Timezone=60

[4][NativeLibrary] SummerTime=0

[4][NativeLibrary] Timezone=60

[4][NativeLibrary] SummerTime=0

[4][NativeLibrary] Timezone=60

[4][NativeLibrary] SummerTime=0

[4][NativeLibrary] Timezone=60

[4][NativeLibrary] SummerTime=0

[4][NativeLibrary] Timezone=60

[4][NativeLibrary] SummerTime=0

[4][NativeLibrary] Timezone=60

[4][NativeLibrary] SummerTime=0

[4][NativeLibrary] Timezone=60

[4][NativeLibrary] SummerTime=0

[4][NativeLibrary] Timezone=60

[4][NativeLibrary] SummerTime=0

[4][NativeLibrary] Timezone=60

[4][NativeLibrary] SummerTime=0

[4][NativeLibrary] Timezone=60

[4][NativeLibrary] SummerTime=0

[4][NativeLibrary] Timezone=60

[4][NativeLibrary] SummerTime=0

[4][NativeLibrary] Timezone=60

[4][NativeLibrary] SummerTime=0

[4][NativeLibrary] Timezone=60

[4][NativeLibrary] SummerTime=0

[4][NativeLibrary] Timezone=60

[4][NativeLibrary] SummerTime=0

[4][NativeLibrary] Timezone=60

[4][NativeLibrary] SummerTime=0

[4][NativeLibrary] Timezone=60

[4][NativeLibrary] SummerTime=0

[4][NativeLibrary] Timezone=60

[4][NativeLibrary] SummerTime=0

[4][NativeLibrary] Timezone=60

[4][NativeLibrary] SummerTime=0

[4][NativeLibrary] Timezone=60

[4][NativeLibrary] SummerTime=0

[VK] FPS 30.3 | 33.02 ms/frame | min 26.36 max 45.40 ms | 31 framu | lsfg=0
[4][NativeLibrary] Timezone=60

[4][NativeLibrary] SummerTime=0

[4][NativeLibrary] Timezone=60

[4][NativeLibrary] SummerTime=0

[4][NativeLibrary] Timezone=60

[4][NativeLibrary] SummerTime=0

[4][NativeLibrary] Timezone=60

[4][NativeLibrary] SummerTime=0

[4][NativeLibrary] Timezone=60

[4][NativeLibrary] SummerTime=0

[4][NativeLibrary] Timezone=60

[4][NativeLibrary] SummerTime=0

[4][NativeLibrary] Timezone=60

[4][NativeLibrary] SummerTime=0

[4][NativeLibrary] Timezone=60

[4][NativeLibrary] SummerTime=0

[4][NativeLibrary] Timezone=60

[4][NativeLibrary] SummerTime=0

[4][NativeLibrary] Timezone=60

[4][NativeLibrary] SummerTime=0

[4][NativeLibrary] Timezone=60

[4][NativeLibrary] SummerTime=0

[4][NativeLibrary] Timezone=60

[4][NativeLibrary] SummerTime=0

[4][NativeLibrary] Timezone=60

[4][NativeLibrary] SummerTime=0

[4][NativeLibrary] Timezone=60

[4][NativeLibrary] SummerTime=0

[4][NativeLibrary] Timezone=60

[4][NativeLibrary] SummerTime=0

[4][NativeLibrary] Timezone=60

[4][NativeLibrary] SummerTime=0

[4][NativeLibrary] Timezone=60

[4][NativeLibrary] SummerTime=0

[4][NativeLibrary] Timezone=60

[4][NativeLibrary] SummerTime=0

[4][NativeLibrary] Timezone=60

[4][NativeLibrary] SummerTime=0

[4][NativeLibrary] Timezone=60

[4][NativeLibrary] SummerTime=0

[4][NativeLibrary] Timezone=60

[4][NativeLibrary] SummerTime=0

[4][NativeLibrary] Timezone=60

[4][NativeLibrary] SummerTime=0

[4][NativeLibrary] Timezone=60

[4][NativeLibrary] SummerTime=0

[4][NativeLibrary] Timezone=60

[4][NativeLibrary] SummerTime=0

[4][NativeLibrary] Timezone=60

[4][NativeLibrary] SummerTime=0

[4][NativeLibrary] Timezone=60

[4][NativeLibrary] SummerTime=0

[4][NativeLibrary] Timezone=60

[4][NativeLibrary] SummerTime=0

[4][NativeLibrary] Timezone=60

[4][NativeLibrary] SummerTime=0

[4][NativeLibrary] Timezone=60

[4][NativeLibrary] SummerTime=0

[4][NativeLibrary] Timezone=60

[4][NativeLibrary] SummerTime=0

[VK] FPS 29.9 | 33.47 ms/frame | min 28.23 max 40.18 ms | 30 framu | lsfg=0
[4][NativeLibrary] Timezone=60

[4][NativeLibrary] SummerTime=0

[4][NativeLibrary] Timezone=60

[4][NativeLibrary] SummerTime=0

[4][NativeLibrary] Timezone=60

[4][NativeLibrary] SummerTime=0

[4][NativeLibrary] Timezone=60

[4][NativeLibrary] SummerTime=0

[4][NativeLibrary] Timezone=60

[4][NativeLibrary] SummerTime=0

[4][NativeLibrary] Timezone=60

[4][NativeLibrary] SummerTime=0

[4][NativeLibrary] Timezone=60

[4][NativeLibrary] SummerTime=0

[4][NativeLibrary] Timezone=60

[4][NativeLibrary] SummerTime=0

[4][NativeLibrary] Timezone=60

[4][NativeLibrary] SummerTime=0

[4][NativeLibrary] Timezone=60

[4][NativeLibrary] SummerTime=0

[4][NativeLibrary] Timezone=60

[4][NativeLibrary] SummerTime=0

[4][NativeLibrary] Timezone=60

[4][NativeLibrary] SummerTime=0

[4][NativeLibrary] Timezone=60

[4][NativeLibrary] SummerTime=0

[4][NativeLibrary] Timezone=60

[4][NativeLibrary] SummerTime=0

[4][NativeLibrary] Timezone=60

[4][NativeLibrary] SummerTime=0

[4][NativeLibrary] Timezone=60

[4][NativeLibrary] SummerTime=0

[4][NativeLibrary] Timezone=60

[4][NativeLibrary] SummerTime=0

[4][NativeLibrary] Timezone=60

[4][NativeLibrary] SummerTime=0

[4][NativeLibrary] Timezone=60

[4][NativeLibrary] SummerTime=0

[4][NativeLibrary] Timezone=60

[4][NativeLibrary] SummerTime=0

[4][NativeLibrary] Timezone=60

[4][NativeLibrary] SummerTime=0

[4][NativeLibrary] Timezone=60

[4][NativeLibrary] SummerTime=0

[4][NativeLibrary] Timezone=60

[4][NativeLibrary] SummerTime=0

[4][NativeLibrary] Timezone=60

[4][NativeLibrary] SummerTime=0

[4][NativeLibrary] Timezone=60

[4][NativeLibrary] SummerTime=0

[4][NativeLibrary] Timezone=60

[4][NativeLibrary] SummerTime=0

[4][NativeLibrary] Timezone=60

[4][NativeLibrary] SummerTime=0

[4][NativeLibrary] Timezone=60

[4][NativeLibrary] SummerTime=0

[4][NativeLibrary] Timezone=60

[4][NativeLibrary] SummerTime=0

[4][NativeLibrary] Timezone=60

[4][NativeLibrary] SummerTime=0

[VK] FPS 29.9 | 33.45 ms/frame | min 26.26 max 45.61 ms | 30 framu | lsfg=0
[4][NativeLibrary] Timezone=60

[4][NativeLibrary] SummerTime=0

[4][NativeLibrary] Timezone=60

[4][NativeLibrary] SummerTime=0

[4][NativeLibrary] Timezone=60

[4][NativeLibrary] SummerTime=0

[4][NativeLibrary] Timezone=60

[4][NativeLibrary] SummerTime=0

[4][NativeLibrary] Timezone=60

[4][NativeLibrary] SummerTime=0

[4][NativeLibrary] Timezone=60

[4][NativeLibrary] SummerTime=0

[4][NativeLibrary] Timezone=60

[4][NativeLibrary] SummerTime=0

[4][NativeLibrary] Timezone=60

[4][NativeLibrary] SummerTime=0

[4][NativeLibrary] Timezone=60

[4][NativeLibrary] SummerTime=0

[4][NativeLibrary] Timezone=60

[4][NativeLibrary] SummerTime=0

[4][NativeLibrary] Timezone=60

[4][NativeLibrary] SummerTime=0

[4][NativeLibrary] Timezone=60

[4][NativeLibrary] SummerTime=0

[4][NativeLibrary] Timezone=60

[4][NativeLibrary] SummerTime=0

[4][NativeLibrary] Timezone=60

[4][NativeLibrary] SummerTime=0

[4][NativeLibrary] Timezone=60

[4][NativeLibrary] SummerTime=0

[4][NativeLibrary] Timezone=60

[4][NativeLibrary] SummerTime=0

[4][NativeLibrary] Timezone=60

[4][NativeLibrary] SummerTime=0

[4][NativeLibrary] Timezone=60

[4][NativeLibrary] SummerTime=0

[4][NativeLibrary] Timezone=60

[4][NativeLibrary] SummerTime=0

[4][NativeLibrary] Timezone=60

[4][NativeLibrary] SummerTime=0

[4][NativeLibrary] Timezone=60

[4][NativeLibrary] SummerTime=0

[4][NativeLibrary] Timezone=60

[4][NativeLibrary] SummerTime=0

[4][NativeLibrary] Timezone=60

[4][NativeLibrary] SummerTime=0

[4][NativeLibrary] Timezone=60

[4][NativeLibrary] SummerTime=0

[4][NativeLibrary] Timezone=60

[4][NativeLibrary] SummerTime=0

[4][NativeLibrary] Timezone=60

[4][NativeLibrary] SummerTime=0

[4][NativeLibrary] Timezone=60

[4][NativeLibrary] SummerTime=0

[4][NativeLibrary] Timezone=60

[4][NativeLibrary] SummerTime=0

[4][NativeLibrary] Timezone=60

[4][NativeLibrary] SummerTime=0

[4][NativeLibrary] Timezone=60

[4][NativeLibrary] SummerTime=0

[4][NativeLibrary] Timezone=60

[4][NativeLibrary] SummerTime=0

[4][NativeLibrary] Timezone=60

[4][NativeLibrary] SummerTime=0

[4][NativeLibrary] Timezone=60

[4][NativeLibrary] SummerTime=0

[4][NativeLibrary] Timezone=60

[4][NativeLibrary] SummerTime=0

[VK] FPS 33.7 | 29.63 ms/frame | min 19.64 max 46.45 ms | 34 framu | lsfg=0
[4][NativeLibrary] Timezone=60

[4][NativeLibrary] SummerTime=0

[4][NativeLibrary] Timezone=60

[4][NativeLibrary] SummerTime=0

[4][NativeLibrary] Timezone=60

[4][NativeLibrary] SummerTime=0

[4][NativeLibrary] Timezone=60

[4][NativeLibrary] SummerTime=0

[4][NativeLibrary] Timezone=60

[4][NativeLibrary] SummerTime=0

[4][NativeLibrary] Timezone=60

[4][NativeLibrary] SummerTime=0

[4][NativeLibrary] Timezone=60

[4][NativeLibrary] SummerTime=0

[4][NativeLibrary] Timezone=60

[4][NativeLibrary] SummerTime=0

[4][NativeLibrary] Timezone=60

[4][NativeLibrary] SummerTime=0

[4][NativeLibrary] Timezone=60

[4][NativeLibrary] SummerTime=0

[4][NativeLibrary] Timezone=60

[4][NativeLibrary] SummerTime=0

[4][NativeLibrary] Timezone=60

[4][NativeLibrary] SummerTime=0

[4][NativeLibrary] Timezone=60

[4][NativeLibrary] SummerTime=0

[4][NativeLibrary] Timezone=60

[4][NativeLibrary] SummerTime=0

[4][NativeLibrary] Timezone=60

[4][NativeLibrary] SummerTime=0

[4][NativeLibrary] Timezone=60

[4][NativeLibrary] SummerTime=0

[4][NativeLibrary] Timezone=60

[4][NativeLibrary] SummerTime=0

[4][NativeLibrary] Timezone=60

[4][NativeLibrary] SummerTime=0

[4][NativeLibrary] Timezone=60

[4][NativeLibrary] SummerTime=0

[4][NativeLibrary] Timezone=60

[4][NativeLibrary] SummerTime=0

[4][NativeLibrary] Timezone=60

[4][NativeLibrary] SummerTime=0

[4][NativeLibrary] Timezone=60

[4][NativeLibrary] SummerTime=0

[4][NativeLibrary] Timezone=60

[4][NativeLibrary] SummerTime=0

[4][NativeLibrary] Timezone=60

[4][NativeLibrary] SummerTime=0

[4][NativeLibrary] Timezone=60

[4][NativeLibrary] SummerTime=0

[4][NativeLibrary] Timezone=60

[4][NativeLibrary] SummerTime=0

[4][NativeLibrary] Timezone=60

[4][NativeLibrary] SummerTime=0

[4][NativeLibrary] Timezone=60

[4][NativeLibrary] SummerTime=0

[4][NativeLibrary] Timezone=60

[4][NativeLibrary] SummerTime=0

[4][NativeLibrary] Timezone=60

[4][NativeLibrary] SummerTime=0

[4][NativeLibrary] Timezone=60

[4][NativeLibrary] SummerTime=0

[4][NativeLibrary] Timezone=60

[4][NativeLibrary] SummerTime=0

[4][NativeLibrary] Timezone=60

[4][NativeLibrary] SummerTime=0

[4][NativeLibrary] Timezone=60

[4][NativeLibrary] SummerTime=0

[4][NativeLibrary] Timezone=60

[4][NativeLibrary] SummerTime=0

[4][NativeLibrary] Timezone=60

[4][NativeLibrary] SummerTime=0

[4][NativeLibrary] Timezone=60

[4][NativeLibrary] SummerTime=0

[4][NativeLibrary] Timezone=60

[4][NativeLibrary] SummerTime=0

[4][NativeLibrary] Timezone=60

[4][NativeLibrary] SummerTime=0

[VK] FPS 39.0 | 25.65 ms/frame | min 20.08 max 62.83 ms | 39 framu | lsfg=0
[4][NativeLibrary] Timezone=60

[4][NativeLibrary] SummerTime=0

[4][NativeLibrary] Timezone=60

[4][NativeLibrary] SummerTime=0

[4][NativeLibrary] Timezone=60

[4][NativeLibrary] SummerTime=0

[4][NativeLibrary] Timezone=60

[4][NativeLibrary] SummerTime=0

[4][NativeLibrary] Timezone=60

[4][NativeLibrary] SummerTime=0

[4][NativeLibrary] Timezone=60

[4][NativeLibrary] SummerTime=0

[4][NativeLibrary] Timezone=60

[4][NativeLibrary] SummerTime=0

[4][NativeLibrary] Timezone=60

[4][NativeLibrary] SummerTime=0

[4][NativeLibrary] Timezone=60

[4][NativeLibrary] SummerTime=0

[4][NativeLibrary] Timezone=60

[4][NativeLibrary] SummerTime=0

[4][NativeLibrary] Timezone=60

[4][NativeLibrary] SummerTime=0

[4][NativeLibrary] Timezone=60

[4][NativeLibrary] SummerTime=0

[4][NativeLibrary] Timezone=60

[4][NativeLibrary] SummerTime=0

[4][NativeLibrary] Timezone=60

[4][NativeLibrary] SummerTime=0

[4][NativeLibrary] Timezone=60

[4][NativeLibrary] SummerTime=0

[4][NativeLibrary] Timezone=60

[4][NativeLibrary] SummerTime=0

[4][NativeLibrary] Timezone=60

[4][NativeLibrary] SummerTime=0

[4][NativeLibrary] Timezone=60

[4][NativeLibrary] SummerTime=0

[4][NativeLibrary] Timezone=60

[4][NativeLibrary] SummerTime=0

[4][NativeLibrary] Timezone=60

[4][NativeLibrary] SummerTime=0

[4][NativeLibrary] Timezone=60

[4][NativeLibrary] SummerTime=0

[4][NativeLibrary] Timezone=60

[4][NativeLibrary] SummerTime=0

[4][NativeLibrary] Timezone=60

[4][NativeLibrary] SummerTime=0

[4][NativeLibrary] Timezone=60

[4][NativeLibrary] SummerTime=0

[4][NativeLibrary] Timezone=60

[4][NativeLibrary] SummerTime=0

[4][NativeLibrary] Timezone=60

[4][NativeLibrary] SummerTime=0

[4][NativeLibrary] Timezone=60

[4][NativeLibrary] SummerTime=0

[4][NativeLibrary] Timezone=60

[4][NativeLibrary] SummerTime=0

[4][NativeLibrary] Timezone=60

[4][NativeLibrary] SummerTime=0

[4][NativeLibrary] Timezone=60

[4][NativeLibrary] SummerTime=0

[4][NativeLibrary] Timezone=60

[4][NativeLibrary] SummerTime=0

[4][NativeLibrary] Timezone=60

[4][NativeLibrary] SummerTime=0

[4][NativeLibrary] Timezone=60

[4][NativeLibrary] SummerTime=0

[4][NativeLibrary] Timezone=60

[4][NativeLibrary] SummerTime=0

[4][NativeLibrary] Timezone=60

[4][NativeLibrary] SummerTime=0

[4][NativeLibrary] Timezone=60

[4][NativeLibrary] SummerTime=0

[4][NativeLibrary] Timezone=60

[4][NativeLibrary] SummerTime=0

[4][NativeLibrary] Timezone=60

[4][NativeLibrary] SummerTime=0

[4][NativeLibrary] Timezone=60

[4][NativeLibrary] SummerTime=0

[4][NativeLibrary] Timezone=60

[4][NativeLibrary] SummerTime=0

[VK] FPS 39.8 | 25.13 ms/frame | min 18.92 max 38.39 ms | 40 framu | lsfg=0
[4][NativeLibrary] Timezone=60

[4][NativeLibrary] SummerTime=0

[4][NativeLibrary] Timezone=60

[4][NativeLibrary] SummerTime=0

[4][NativeLibrary] Timezone=60

[4][NativeLibrary] SummerTime=0

[4][NativeLibrary] Timezone=60

[4][NativeLibrary] SummerTime=0

[4][NativeLibrary] Timezone=60

[4][NativeLibrary] SummerTime=0

[4][NativeLibrary] Timezone=60

[4][NativeLibrary] SummerTime=0

[4][NativeLibrary] Timezone=60

[4][NativeLibrary] SummerTime=0

[4][NativeLibrary] Timezone=60

[4][NativeLibrary] SummerTime=0

[4][NativeLibrary] Timezone=60

[4][NativeLibrary] SummerTime=0

[4][NativeLibrary] Timezone=60

[4][NativeLibrary] SummerTime=0

[4][NativeLibrary] Timezone=60

[4][NativeLibrary] SummerTime=0

[4][NativeLibrary] Timezone=60

[4][NativeLibrary] SummerTime=0

[4][NativeLibrary] Timezone=60

[4][NativeLibrary] SummerTime=0

[4][NativeLibrary] Timezone=60

[4][NativeLibrary] SummerTime=0

[4][NativeLibrary] Timezone=60

[4][NativeLibrary] SummerTime=0

[4][NativeLibrary] Timezone=60

[4][NativeLibrary] SummerTime=0

[4][NativeLibrary] Timezone=60

[4][NativeLibrary] SummerTime=0

[4][NativeLibrary] Timezone=60

[4][NativeLibrary] SummerTime=0

[4][NativeLibrary] Timezone=60

[4][NativeLibrary] SummerTime=0

[4][NativeLibrary] Timezone=60

[4][NativeLibrary] SummerTime=0

[4][NativeLibrary] Timezone=60

[4][NativeLibrary] SummerTime=0

[4][NativeLibrary] Timezone=60

[4][NativeLibrary] SummerTime=0

[4][NativeLibrary] Timezone=60

[4][NativeLibrary] SummerTime=0

[4][NativeLibrary] Timezone=60

[4][NativeLibrary] SummerTime=0

[4][NativeLibrary] Timezone=60

[4][NativeLibrary] SummerTime=0

[4][NativeLibrary] Timezone=60

[4][NativeLibrary] SummerTime=0

[4][NativeLibrary] Timezone=60

[4][NativeLibrary] SummerTime=0

[4][NativeLibrary] Timezone=60

[4][NativeLibrary] SummerTime=0

[4][NativeLibrary] Timezone=60

[4][NativeLibrary] SummerTime=0

[4][NativeLibrary] Timezone=60

[4][NativeLibrary] SummerTime=0

[4][NativeLibrary] Timezone=60

[4][NativeLibrary] SummerTime=0

[4][NativeLibrary] Timezone=60

[4][NativeLibrary] SummerTime=0

[4][NativeLibrary] Timezone=60

[4][NativeLibrary] SummerTime=0

[4][NativeLibrary] Timezone=60

[4][NativeLibrary] SummerTime=0

[4][NativeLibrary] Timezone=60

[4][NativeLibrary] SummerTime=0

[4][NativeLibrary] Timezone=60

[4][NativeLibrary] SummerTime=0

[4][NativeLibrary] Timezone=60

[4][NativeLibrary] SummerTime=0

[4][NativeLibrary] Timezone=60

[4][NativeLibrary] SummerTime=0

[4][NativeLibrary] Timezone=60

[4][NativeLibrary] SummerTime=0

[4][NativeLibrary] Timezone=60

[4][NativeLibrary] SummerTime=0

[4][NativeLibrary] Timezone=60

[4][NativeLibrary] SummerTime=0

[4][NativeLibrary] Timezone=60

[4][NativeLibrary] SummerTime=0

[4][NativeLibrary] Timezone=60

[4][NativeLibrary] SummerTime=0

[VK] FPS 42.8 | 23.34 ms/frame | min 20.79 max 26.16 ms | 43 framu | lsfg=0
[4][NativeLibrary] Timezone=60

[4][NativeLibrary] SummerTime=0

[4][NativeLibrary] Timezone=60

[4][NativeLibrary] SummerTime=0

[4][NativeLibrary] Timezone=60

[4][NativeLibrary] SummerTime=0

[4][NativeLibrary] Timezone=60

[4][NativeLibrary] SummerTime=0

[4][NativeLibrary] Timezone=60

[4][NativeLibrary] SummerTime=0

[4][NativeLibrary] Timezone=60

[4][NativeLibrary] SummerTime=0

[4][NativeLibrary] Timezone=60

[4][NativeLibrary] SummerTime=0

[4][NativeLibrary] Timezone=60

[4][NativeLibrary] SummerTime=0

[4][NativeLibrary] Timezone=60

[4][NativeLibrary] SummerTime=0

[4][NativeLibrary] Timezone=60

[4][NativeLibrary] SummerTime=0

[4][NativeLibrary] Timezone=60

[4][NativeLibrary] SummerTime=0

[4][NativeLibrary] Timezone=60

[4][NativeLibrary] SummerTime=0

[4][NativeLibrary] Timezone=60

[4][NativeLibrary] SummerTime=0

[4][NativeLibrary] Timezone=60

[4][NativeLibrary] SummerTime=0

[4][NativeLibrary] Timezone=60

[4][NativeLibrary] SummerTime=0

[4][NativeLibrary] Timezone=60

[4][NativeLibrary] SummerTime=0

[4][NativeLibrary] Timezone=60

[4][NativeLibrary] SummerTime=0

[4][NativeLibrary] Timezone=60

[4][NativeLibrary] SummerTime=0

[4][NativeLibrary] Timezone=60

[4][NativeLibrary] SummerTime=0

[4][NativeLibrary] Timezone=60

[4][NativeLibrary] SummerTime=0

[4][NativeLibrary] Timezone=60

[4][NativeLibrary] SummerTime=0

[4][NativeLibrary] Timezone=60

[4][NativeLibrary] SummerTime=0

[4][NativeLibrary] Timezone=60

[4][NativeLibrary] SummerTime=0

[4][NativeLibrary] Timezone=60

[4][NativeLibrary] SummerTime=0

[4][NativeLibrary] Timezone=60

[4][NativeLibrary] SummerTime=0

[4][NativeLibrary] Timezone=60

[4][NativeLibrary] SummerTime=0

[4][NativeLibrary] Timezone=60

[4][NativeLibrary] SummerTime=0

[4][NativeLibrary] Timezone=60

[4][NativeLibrary] SummerTime=0

[4][NativeLibrary] Timezone=60

[4][NativeLibrary] SummerTime=0

[4][NativeLibrary] Timezone=60

[4][NativeLibrary] SummerTime=0

[4][NativeLibrary] Timezone=60

[4][NativeLibrary] SummerTime=0

[4][NativeLibrary] Timezone=60

[4][NativeLibrary] SummerTime=0

[4][NativeLibrary] Timezone=60

[4][NativeLibrary] SummerTime=0

[4][NativeLibrary] Timezone=60

[4][NativeLibrary] SummerTime=0

[4][NativeLibrary] Timezone=60

[4][NativeLibrary] SummerTime=0

[4][NativeLibrary] Timezone=60

[4][NativeLibrary] SummerTime=0

[4][NativeLibrary] Timezone=60

[4][NativeLibrary] SummerTime=0

[4][NativeLibrary] Timezone=60

[4][NativeLibrary] SummerTime=0

[4][NativeLibrary] Timezone=60

[4][NativeLibrary] SummerTime=0

[4][NativeLibrary] Timezone=60

[4][NativeLibrary] SummerTime=0

[4][NativeLibrary] Timezone=60

[4][NativeLibrary] SummerTime=0

[4][NativeLibrary] Timezone=60

[4][NativeLibrary] SummerTime=0

[4][NativeLibrary] Timezone=60

[4][NativeLibrary] SummerTime=0

[4][NativeLibrary] Timezone=60

[4][NativeLibrary] SummerTime=0

[4][NativeLibrary] Timezone=60

[4][NativeLibrary] SummerTime=0

[4][NativeLibrary] Timezone=60

[4][NativeLibrary] SummerTime=0

[VK] FPS 45.2 | 22.13 ms/frame | min 19.31 max 28.21 ms | 46 framu | lsfg=0
[4][NativeLibrary] Timezone=60

[4][NativeLibrary] SummerTime=0

[4][NativeLibrary] Timezone=60

[4][NativeLibrary] SummerTime=0

[4][NativeLibrary] Timezone=60

[4][NativeLibrary] SummerTime=0

[4][NativeLibrary] Timezone=60

[4][NativeLibrary] SummerTime=0

[4][NativeLibrary] Timezone=60

[4][NativeLibrary] SummerTime=0

[4][NativeLibrary] Timezone=60

[4][NativeLibrary] SummerTime=0

[4][NativeLibrary] Timezone=60

[4][NativeLibrary] SummerTime=0

[4][NativeLibrary] Timezone=60

[4][NativeLibrary] SummerTime=0

[4][NativeLibrary] Timezone=60

[4][NativeLibrary] SummerTime=0

[4][NativeLibrary] Timezone=60

[4][NativeLibrary] SummerTime=0

[4][NativeLibrary] Timezone=60

[4][NativeLibrary] SummerTime=0

[4][NativeLibrary] Timezone=60

[4][NativeLibrary] SummerTime=0

[4][NativeLibrary] Timezone=60

[4][NativeLibrary] SummerTime=0

[4][NativeLibrary] Timezone=60

[4][NativeLibrary] SummerTime=0

[4][NativeLibrary] Timezone=60

[4][NativeLibrary] SummerTime=0

[4][NativeLibrary] Timezone=60

[4][NativeLibrary] SummerTime=0

[4][NativeLibrary] Timezone=60

[4][NativeLibrary] SummerTime=0

[4][NativeLibrary] Timezone=60

[4][NativeLibrary] SummerTime=0

[4][NativeLibrary] Timezone=60

[4][NativeLibrary] SummerTime=0

[4][NativeLibrary] Timezone=60

[4][NativeLibrary] SummerTime=0

[4][NativeLibrary] Timezone=60

[4][NativeLibrary] SummerTime=0

[4][NativeLibrary] Timezone=60

[4][NativeLibrary] SummerTime=0

[4][NativeLibrary] Timezone=60

[4][NativeLibrary] SummerTime=0

[4][NativeLibrary] Timezone=60

[4][NativeLibrary] SummerTime=0

[4][NativeLibrary] Timezone=60

[4][NativeLibrary] SummerTime=0

[4][NativeLibrary] Timezone=60

[4][NativeLibrary] SummerTime=0

[4][NativeLibrary] Timezone=60

[4][NativeLibrary] SummerTime=0

[4][NativeLibrary] Timezone=60

[4][NativeLibrary] SummerTime=0

[4][NativeLibrary] Timezone=60

[4][NativeLibrary] SummerTime=0

[4][NativeLibrary] Timezone=60

[4][NativeLibrary] SummerTime=0

[4][NativeLibrary] Timezone=60

[4][NativeLibrary] SummerTime=0

[4][NativeLibrary] Timezone=60

[4][NativeLibrary] SummerTime=0

[4][NativeLibrary] Timezone=60

[4][NativeLibrary] SummerTime=0

[4][NativeLibrary] Timezone=60

[4][NativeLibrary] SummerTime=0

[4][NativeLibrary] Timezone=60

[4][NativeLibrary] SummerTime=0

[4][NativeLibrary] Timezone=60

[4][NativeLibrary] SummerTime=0

[4][NativeLibrary] Timezone=60

[4][NativeLibrary] SummerTime=0

[4][NativeLibrary] Timezone=60

[4][NativeLibrary] SummerTime=0

[4][NativeLibrary] Timezone=60

[4][NativeLibrary] SummerTime=0

[4][NativeLibrary] Timezone=60

[4][NativeLibrary] SummerTime=0

[4][NativeLibrary] Timezone=60

[4][NativeLibrary] SummerTime=0

[4][NativeLibrary] Timezone=60

[4][NativeLibrary] SummerTime=0

[4][NativeLibrary] Timezone=60

[4][NativeLibrary] SummerTime=0

[4][NativeLibrary] Timezone=60

[4][NativeLibrary] SummerTime=0

[VK] FPS 43.1 | 23.19 ms/frame | min 20.02 max 28.44 ms | 44 framu | lsfg=0
[4][NativeLibrary] Timezone=60

[4][NativeLibrary] SummerTime=0

[4][NativeLibrary] Timezone=60

[4][NativeLibrary] SummerTime=0

[4][NativeLibrary] Timezone=60

[4][NativeLibrary] SummerTime=0

[4][NativeLibrary] Timezone=60

[4][NativeLibrary] SummerTime=0

[4][NativeLibrary] Timezone=60

[4][NativeLibrary] SummerTime=0

[4][NativeLibrary] Timezone=60

[4][NativeLibrary] SummerTime=0

[4][NativeLibrary] Timezone=60

[4][NativeLibrary] SummerTime=0

[4][NativeLibrary] Timezone=60

[4][NativeLibrary] SummerTime=0

[4][NativeLibrary] Timezone=60

[4][NativeLibrary] SummerTime=0

[4][NativeLibrary] Timezone=60

[4][NativeLibrary] SummerTime=0

[4][NativeLibrary] Timezone=60

[4][NativeLibrary] SummerTime=0

[4][NativeLibrary] Timezone=60

[4][NativeLibrary] SummerTime=0

[4][NativeLibrary] Timezone=60

[4][NativeLibrary] SummerTime=0

[4][NativeLibrary] Timezone=60

[4][NativeLibrary] SummerTime=0

[4][NativeLibrary] Timezone=60

[4][NativeLibrary] SummerTime=0

[4][NativeLibrary] Timezone=60

[4][NativeLibrary] SummerTime=0

[4][NativeLibrary] Timezone=60

[4][NativeLibrary] SummerTime=0

[4][NativeLibrary] Timezone=60

[4][NativeLibrary] SummerTime=0

[4][NativeLibrary] Timezone=60

[4][NativeLibrary] SummerTime=0

[4][NativeLibrary] Timezone=60

[4][NativeLibrary] SummerTime=0

[4][NativeLibrary] Timezone=60

[4][NativeLibrary] SummerTime=0

[4][NativeLibrary] Timezone=60

[4][NativeLibrary] SummerTime=0

[4][NativeLibrary] Timezone=60

[4][NativeLibrary] SummerTime=0

[4][NativeLibrary] Timezone=60

[4][NativeLibrary] SummerTime=0

[4][NativeLibrary] Timezone=60

[4][NativeLibrary] SummerTime=0

[4][NativeLibrary] Timezone=60

[4][NativeLibrary] SummerTime=0

[4][NativeLibrary] Timezone=60

[4][NativeLibrary] SummerTime=0

[4][NativeLibrary] Timezone=60

[4][NativeLibrary] SummerTime=0

[4][NativeLibrary] Timezone=60

[4][NativeLibrary] SummerTime=0

[4][NativeLibrary] Timezone=60

[4][NativeLibrary] SummerTime=0

[4][NativeLibrary] Timezone=60

[4][NativeLibrary] SummerTime=0

[4][NativeLibrary] Timezone=60

[4][NativeLibrary] SummerTime=0

[4][NativeLibrary] Timezone=60

[4][NativeLibrary] SummerTime=0

[4][NativeLibrary] Timezone=60

[4][NativeLibrary] SummerTime=0

[4][NativeLibrary] Timezone=60

[4][NativeLibrary] SummerTime=0

[4][NativeLibrary] Timezone=60

[4][NativeLibrary] SummerTime=0

[4][NativeLibrary] Timezone=60

[4][NativeLibrary] SummerTime=0

[4][NativeLibrary] Timezone=60

[4][NativeLibrary] SummerTime=0

[4][NativeLibrary] Timezone=60

[4][NativeLibrary] SummerTime=0

[VK] FPS 38.9 | 25.71 ms/frame | min 22.74 max 42.90 ms | 39 framu | lsfg=0
[4][NativeLibrary] Timezone=60

[4][NativeLibrary] SummerTime=0

[4][NativeLibrary] Timezone=60

[4][NativeLibrary] SummerTime=0

[4][NativeLibrary] Timezone=60

[4][NativeLibrary] SummerTime=0

[4][NativeLibrary] Timezone=60

[4][NativeLibrary] SummerTime=0

[4][NativeLibrary] Timezone=60

[4][NativeLibrary] SummerTime=0

[4][NativeLibrary] Timezone=60

[4][NativeLibrary] SummerTime=0

[4][NativeLibrary] Timezone=60

[4][NativeLibrary] SummerTime=0

[4][NativeLibrary] Timezone=60

[4][NativeLibrary] SummerTime=0

[4][NativeLibrary] Timezone=60

[4][NativeLibrary] SummerTime=0

[4][NativeLibrary] Timezone=60

[4][NativeLibrary] SummerTime=0

[4][NativeLibrary] Timezone=60

[4][NativeLibrary] SummerTime=0

[4][NativeLibrary] Timezone=60

[4][NativeLibrary] SummerTime=0

[4][NativeLibrary] Timezone=60

[4][NativeLibrary] SummerTime=0

[4][NativeLibrary] Timezone=60

[4][NativeLibrary] SummerTime=0

[4][NativeLibrary] Timezone=60

[4][NativeLibrary] SummerTime=0

[4][NativeLibrary] Timezone=60

[4][NativeLibrary] SummerTime=0

[4][NativeLibrary] Timezone=60

[4][NativeLibrary] SummerTime=0

[4][NativeLibrary] Timezone=60

[4][NativeLibrary] SummerTime=0

[4][NativeLibrary] Timezone=60

[4][NativeLibrary] SummerTime=0

[4][NativeLibrary] Timezone=60

[4][NativeLibrary] SummerTime=0

[4][NativeLibrary] Timezone=60

[4][NativeLibrary] SummerTime=0

[4][NativeLibrary] Timezone=60

[4][NativeLibrary] SummerTime=0

[4][NativeLibrary] Timezone=60

[4][NativeLibrary] SummerTime=0

[4][NativeLibrary] Timezone=60

[4][NativeLibrary] SummerTime=0

[4][NativeLibrary] Timezone=60

[4][NativeLibrary] SummerTime=0

[4][NativeLibrary] Timezone=60

[4][NativeLibrary] SummerTime=0

[4][NativeLibrary] Timezone=60

[4][NativeLibrary] SummerTime=0

[4][NativeLibrary] Timezone=60

[4][NativeLibrary] SummerTime=0

[4][NativeLibrary] Timezone=60

[4][NativeLibrary] SummerTime=0

[VK] FPS 28.4 | 35.17 ms/frame | min 28.68 max 42.88 ms | 29 framu | lsfg=0
[4][NativeLibrary] Timezone=60

[4][NativeLibrary] SummerTime=0

[4][NativeLibrary] Timezone=60

[4][NativeLibrary] SummerTime=0

[4][NativeLibrary] Timezone=60

[4][NativeLibrary] SummerTime=0

[4][NativeLibrary] Timezone=60

[4][NativeLibrary] SummerTime=0

[4][NativeLibrary] Timezone=60

[4][NativeLibrary] SummerTime=0

[4][NativeLibrary] Timezone=60

[4][NativeLibrary] SummerTime=0

[4][NativeLibrary] Timezone=60

[4][NativeLibrary] SummerTime=0

[4][NativeLibrary] Timezone=60

[4][NativeLibrary] SummerTime=0

[4][NativeLibrary] Timezone=60

[4][NativeLibrary] SummerTime=0

[4][NativeLibrary] Timezone=60

[4][NativeLibrary] SummerTime=0

[4][NativeLibrary] Timezone=60

[4][NativeLibrary] SummerTime=0

[4][NativeLibrary] Timezone=60

[4][NativeLibrary] SummerTime=0

[4][NativeLibrary] Timezone=60

[4][NativeLibrary] SummerTime=0

[4][NativeLibrary] Timezone=60

[4][NativeLibrary] SummerTime=0

[4][NativeLibrary] Timezone=60

[4][NativeLibrary] SummerTime=0

[4][NativeLibrary] Timezone=60

[4][NativeLibrary] SummerTime=0

[4][NativeLibrary] Timezone=60

[4][NativeLibrary] SummerTime=0

[4][NativeLibrary] Timezone=60

[4][NativeLibrary] SummerTime=0

[4][NativeLibrary] Timezone=60

[4][NativeLibrary] SummerTime=0

[4][NativeLibrary] Timezone=60

[4][NativeLibrary] SummerTime=0

[4][NativeLibrary] Timezone=60

[4][NativeLibrary] SummerTime=0

[4][NativeLibrary] Timezone=60

[4][NativeLibrary] SummerTime=0

[4][NativeLibrary] Timezone=60

[4][NativeLibrary] SummerTime=0

[4][NativeLibrary] Timezone=60

[4][NativeLibrary] SummerTime=0

[4][NativeLibrary] Timezone=60

[4][NativeLibrary] SummerTime=0

[4][NativeLibrary] Timezone=60

[4][NativeLibrary] SummerTime=0

[4][NativeLibrary] Timezone=60

[4][NativeLibrary] SummerTime=0

[4][NativeLibrary] Timezone=60

[4][NativeLibrary] SummerTime=0

[4][NativeLibrary] Timezone=60

[4][NativeLibrary] SummerTime=0

[4][NativeLibrary] Timezone=60

[4][NativeLibrary] SummerTime=0

[4][NativeLibrary] Timezone=60

[4][NativeLibrary] SummerTime=0

[VK] FPS 30.4 | 32.87 ms/frame | min 25.90 max 40.39 ms | 31 framu | lsfg=0
[4][NativeLibrary] Timezone=60

[4][NativeLibrary] SummerTime=0

[4][NativeLibrary] Timezone=60

[4][NativeLibrary] SummerTime=0

[4][NativeLibrary] Timezone=60

[4][NativeLibrary] SummerTime=0

[4][NativeLibrary] Timezone=60

[4][NativeLibrary] SummerTime=0

[4][NativeLibrary] Timezone=60

[4][NativeLibrary] SummerTime=0

[4][NativeLibrary] Timezone=60

[4][NativeLibrary] SummerTime=0

[4][NativeLibrary] Timezone=60

[4][NativeLibrary] SummerTime=0

[4][NativeLibrary] Timezone=60

[4][NativeLibrary] SummerTime=0

[4][NativeLibrary] Timezone=60

[4][NativeLibrary] SummerTime=0

[4][NativeLibrary] Timezone=60

[4][NativeLibrary] SummerTime=0

[4][NativeLibrary] Timezone=60

[4][NativeLibrary] SummerTime=0

[4][NativeLibrary] Timezone=60

[4][NativeLibrary] SummerTime=0

[4][NativeLibrary] Timezone=60

[4][NativeLibrary] SummerTime=0

[4][NativeLibrary] Timezone=60

[4][NativeLibrary] SummerTime=0

[4][NativeLibrary] Timezone=60

[4][NativeLibrary] SummerTime=0

[4][NativeLibrary] Timezone=60

[4][NativeLibrary] SummerTime=0

[4][NativeLibrary] Timezone=60

[4][NativeLibrary] SummerTime=0

[4][NativeLibrary] Timezone=60

[4][NativeLibrary] SummerTime=0

[4][NativeLibrary] Timezone=60

[4][NativeLibrary] SummerTime=0

[4][NativeLibrary] Timezone=60

[4][NativeLibrary] SummerTime=0

[4][NativeLibrary] Timezone=60

[4][NativeLibrary] SummerTime=0

[4][NativeLibrary] Timezone=60

[4][NativeLibrary] SummerTime=0

[4][NativeLibrary] Timezone=60

[4][NativeLibrary] SummerTime=0

[4][NativeLibrary] Timezone=60

[4][NativeLibrary] SummerTime=0

[4][NativeLibrary] Timezone=60

[4][NativeLibrary] SummerTime=0

[4][NativeLibrary] Timezone=60

[4][NativeLibrary] SummerTime=0

[4][NativeLibrary] Timezone=60

[4][NativeLibrary] SummerTime=0

[4][NativeLibrary] Timezone=60

[4][NativeLibrary] SummerTime=0

[4][NativeLibrary] Timezone=60

[4][NativeLibrary] SummerTime=0

[VK] FPS 28.2 | 35.48 ms/frame | min 30.01 max 47.27 ms | 29 framu | lsfg=0
[4][NativeLibrary] Timezone=60

[4][NativeLibrary] SummerTime=0

[4][NativeLibrary] Timezone=60

[4][NativeLibrary] SummerTime=0

[4][NativeLibrary] Timezone=60

[4][NativeLibrary] SummerTime=0

[4][NativeLibrary] Timezone=60

[4][NativeLibrary] SummerTime=0

[4][NativeLibrary] Timezone=60

[4][NativeLibrary] SummerTime=0

[4][NativeLibrary] Timezone=60

[4][NativeLibrary] SummerTime=0

[4][NativeLibrary] Timezone=60

[4][NativeLibrary] SummerTime=0

[4][NativeLibrary] Timezone=60

[4][NativeLibrary] SummerTime=0

[4][NativeLibrary] Timezone=60

[4][NativeLibrary] SummerTime=0

[4][NativeLibrary] Timezone=60

[4][NativeLibrary] SummerTime=0

[4][NativeLibrary] Timezone=60

[4][NativeLibrary] SummerTime=0

[4][NativeLibrary] Timezone=60

[4][NativeLibrary] SummerTime=0

[4][NativeLibrary] Timezone=60

[4][NativeLibrary] SummerTime=0

[4][NativeLibrary] Timezone=60

[4][NativeLibrary] SummerTime=0

[4][NativeLibrary] Timezone=60

[4][NativeLibrary] SummerTime=0

[4][NativeLibrary] Timezone=60

[4][NativeLibrary] SummerTime=0

[4][NativeLibrary] Timezone=60

[4][NativeLibrary] SummerTime=0

[4][NativeLibrary] Timezone=60

[4][NativeLibrary] SummerTime=0

[4][NativeLibrary] Timezone=60

[4][NativeLibrary] SummerTime=0

[4][NativeLibrary] Timezone=60

[4][NativeLibrary] SummerTime=0

[4][NativeLibrary] Timezone=60

[4][NativeLibrary] SummerTime=0

[4][NativeLibrary] Timezone=60

[4][NativeLibrary] SummerTime=0

[4][NativeLibrary] Timezone=60

[4][NativeLibrary] SummerTime=0

[4][NativeLibrary] Timezone=60

[4][NativeLibrary] SummerTime=0

[4][NativeLibrary] Timezone=60

[4][NativeLibrary] SummerTime=0

[4][NativeLibrary] Timezone=60

[4][NativeLibrary] SummerTime=0

[4][NativeLibrary] Timezone=60

[4][NativeLibrary] SummerTime=0

[4][NativeLibrary] Timezone=60

[4][NativeLibrary] SummerTime=0

[4][NativeLibrary] Timezone=60

[4][NativeLibrary] SummerTime=0

[4][NativeLibrary] Timezone=60

[4][NativeLibrary] SummerTime=0

[VK] FPS 29.3 | 34.07 ms/frame | min 27.26 max 43.46 ms | 30 framu | lsfg=0
[4][NativeLibrary] Timezone=60

[4][NativeLibrary] SummerTime=0

[4][NativeLibrary] Timezone=60

[4][NativeLibrary] SummerTime=0

[4][NativeLibrary] Timezone=60

[4][NativeLibrary] SummerTime=0

[4][NativeLibrary] Timezone=60

[4][NativeLibrary] SummerTime=0

[4][NativeLibrary] Timezone=60

[4][NativeLibrary] SummerTime=0

[4][NativeLibrary] Timezone=60

[4][NativeLibrary] SummerTime=0

[4][NativeLibrary] Timezone=60

[4][NativeLibrary] SummerTime=0

[4][NativeLibrary] Timezone=60

[4][NativeLibrary] SummerTime=0

[4][NativeLibrary] Timezone=60

[4][NativeLibrary] SummerTime=0

[4][NativeLibrary] Timezone=60

[4][NativeLibrary] SummerTime=0

[4][NativeLibrary] Timezone=60

[4][NativeLibrary] SummerTime=0

[4][NativeLibrary] Timezone=60

[4][NativeLibrary] SummerTime=0

[4][NativeLibrary] Timezone=60

[4][NativeLibrary] SummerTime=0

[4][NativeLibrary] Timezone=60

[4][NativeLibrary] SummerTime=0

[4][NativeLibrary] Timezone=60

[4][NativeLibrary] SummerTime=0

[4][NativeLibrary] Timezone=60

[4][NativeLibrary] SummerTime=0

[4][NativeLibrary] Timezone=60

[4][NativeLibrary] SummerTime=0

[4][NativeLibrary] Timezone=60

[4][NativeLibrary] SummerTime=0

[4][NativeLibrary] Timezone=60

[4][NativeLibrary] SummerTime=0

[4][NativeLibrary] Timezone=60

[4][NativeLibrary] SummerTime=0

[4][NativeLibrary] Timezone=60

[4][NativeLibrary] SummerTime=0

[4][NativeLibrary] Timezone=60

[4][NativeLibrary] SummerTime=0

[4][NativeLibrary] Timezone=60

[4][NativeLibrary] SummerTime=0

[4][NativeLibrary] Timezone=60

[4][NativeLibrary] SummerTime=0

[4][NativeLibrary] Timezone=60

[4][NativeLibrary] SummerTime=0

[4][NativeLibrary] Timezone=60

[4][NativeLibrary] SummerTime=0

[4][NativeLibrary] Timezone=60

[4][NativeLibrary] SummerTime=0

[4][NativeLibrary] Timezone=60

[4][NativeLibrary] SummerTime=0

[4][NativeLibrary] Timezone=60

[4][NativeLibrary] SummerTime=0

[4][NativeLibrary] Timezone=60

[4][NativeLibrary] SummerTime=0

[4][NativeLibrary] Timezone=60

[4][NativeLibrary] SummerTime=0

[4][NativeLibrary] Timezone=60

[4][NativeLibrary] SummerTime=0

[4][NativeLibrary] Timezone=60

[4][NativeLibrary] SummerTime=0

[4][NativeLibrary] Timezone=60

[4][NativeLibrary] SummerTime=0

[4][NativeLibrary] Timezone=60

[4][NativeLibrary] SummerTime=0

[4][NativeLibrary] Timezone=60

[4][NativeLibrary] SummerTime=0

[4][NativeLibrary] Timezone=60

[4][NativeLibrary] SummerTime=0

[4][NativeLibrary] Timezone=60

[4][NativeLibrary] SummerTime=0

[VK] FPS 37.6 | 26.56 ms/frame | min 21.61 max 44.92 ms | 38 framu | lsfg=0
[4][NativeLibrary] Timezone=60

[4][NativeLibrary] SummerTime=0

[4][NativeLibrary] Timezone=60

[4][NativeLibrary] SummerTime=0

[4][NativeLibrary] Timezone=60

[4][NativeLibrary] SummerTime=0

[4][NativeLibrary] Timezone=60

[4][NativeLibrary] SummerTime=0

[4][NativeLibrary] Timezone=60

[4][NativeLibrary] SummerTime=0

[4][NativeLibrary] Timezone=60

[4][NativeLibrary] SummerTime=0

[4][NativeLibrary] Timezone=60

[4][NativeLibrary] SummerTime=0

[4][NativeLibrary] Timezone=60

[4][NativeLibrary] SummerTime=0

[4][NativeLibrary] Timezone=60

[4][NativeLibrary] SummerTime=0

[4][NativeLibrary] Timezone=60

[4][NativeLibrary] SummerTime=0

[4][NativeLibrary] Timezone=60

[4][NativeLibrary] SummerTime=0

[4][NativeLibrary] Timezone=60

[4][NativeLibrary] SummerTime=0

[4][NativeLibrary] Timezone=60

[4][NativeLibrary] SummerTime=0

[4][NativeLibrary] Timezone=60

[4][NativeLibrary] SummerTime=0

[4][NativeLibrary] Timezone=60

[4][NativeLibrary] SummerTime=0

[4][NativeLibrary] Timezone=60

[4][NativeLibrary] SummerTime=0

[4][NativeLibrary] Timezone=60

[4][NativeLibrary] SummerTime=0

[4][NativeLibrary] Timezone=60

[4][NativeLibrary] SummerTime=0

[4][NativeLibrary] Timezone=60

[4][NativeLibrary] SummerTime=0

[4][NativeLibrary] Timezone=60

[4][NativeLibrary] SummerTime=0

[4][NativeLibrary] Timezone=60

[4][NativeLibrary] SummerTime=0

[4][NativeLibrary] Timezone=60

[4][NativeLibrary] SummerTime=0

[4][NativeLibrary] Timezone=60

[4][NativeLibrary] SummerTime=0

[4][NativeLibrary] Timezone=60

[4][NativeLibrary] SummerTime=0

[4][NativeLibrary] Timezone=60

[4][NativeLibrary] SummerTime=0

[4][NativeLibrary] Timezone=60

[4][NativeLibrary] SummerTime=0

[4][NativeLibrary] Timezone=60

[4][NativeLibrary] SummerTime=0

[4][NativeLibrary] Timezone=60

[4][NativeLibrary] SummerTime=0

[4][NativeLibrary] Timezone=60

[4][NativeLibrary] SummerTime=0

[4][NativeLibrary] Timezone=60

[4][NativeLibrary] SummerTime=0

[4][NativeLibrary] Timezone=60

[4][NativeLibrary] SummerTime=0

[4][NativeLibrary] Timezone=60

[4][NativeLibrary] SummerTime=0

[4][NativeLibrary] Timezone=60

[4][NativeLibrary] SummerTime=0

[4][NativeLibrary] Timezone=60

[4][NativeLibrary] SummerTime=0

[4][NativeLibrary] Timezone=60

[4][NativeLibrary] SummerTime=0

[4][NativeLibrary] Timezone=60

[4][NativeLibrary] SummerTime=0

[4][NativeLibrary] Timezone=60

[4][NativeLibrary] SummerTime=0

[4][NativeLibrary] Timezone=60

[4][NativeLibrary] SummerTime=0

[4][NativeLibrary] Timezone=60

[4][NativeLibrary] SummerTime=0

[4][NativeLibrary] Timezone=60

[4][NativeLibrary] SummerTime=0

[4][NativeLibrary] Timezone=60

[4][NativeLibrary] SummerTime=0

[4][NativeLibrary] Timezone=60

[4][NativeLibrary] SummerTime=0

[VK] FPS 41.3 | 24.23 ms/frame | min 19.97 max 50.91 ms | 42 framu | lsfg=0
[4][NativeLibrary] Timezone=60

[4][NativeLibrary] SummerTime=0

[4][NativeLibrary] Timezone=60

[4][NativeLibrary] SummerTime=0

[4][NativeLibrary] Timezone=60

[4][NativeLibrary] SummerTime=0

[4][NativeLibrary] Timezone=60

[4][NativeLibrary] SummerTime=0

[4][NativeLibrary] Timezone=60

[4][NativeLibrary] SummerTime=0

[4][NativeLibrary] Timezone=60

[4][NativeLibrary] SummerTime=0

[4][NativeLibrary] Timezone=60

[4][NativeLibrary] SummerTime=0

[4][NativeLibrary] Timezone=60

[4][NativeLibrary] SummerTime=0

[4][NativeLibrary] Timezone=60

[4][NativeLibrary] SummerTime=0

[4][NativeLibrary] Timezone=60

[4][NativeLibrary] SummerTime=0

[4][NativeLibrary] Timezone=60

[4][NativeLibrary] SummerTime=0

[4][NativeLibrary] Timezone=60

[4][NativeLibrary] SummerTime=0

[4][NativeLibrary] Timezone=60

[4][NativeLibrary] SummerTime=0

[4][NativeLibrary] Timezone=60

[4][NativeLibrary] SummerTime=0

[4][NativeLibrary] Timezone=60

[4][NativeLibrary] SummerTime=0

[4][NativeLibrary] Timezone=60

[4][NativeLibrary] SummerTime=0

[4][NativeLibrary] Timezone=60

[4][NativeLibrary] SummerTime=0

[4][NativeLibrary] Timezone=60

[4][NativeLibrary] SummerTime=0

[4][NativeLibrary] Timezone=60

[4][NativeLibrary] SummerTime=0

[4][NativeLibrary] Timezone=60

[4][NativeLibrary] SummerTime=0

[4][NativeLibrary] Timezone=60

[4][NativeLibrary] SummerTime=0

[4][NativeLibrary] Timezone=60

[4][NativeLibrary] SummerTime=0

[4][NativeLibrary] Timezone=60

[4][NativeLibrary] SummerTime=0

[4][NativeLibrary] Timezone=60

[4][NativeLibrary] SummerTime=0

[4][NativeLibrary] Timezone=60

[4][NativeLibrary] SummerTime=0

[4][NativeLibrary] Timezone=60

[4][NativeLibrary] SummerTime=0

[4][NativeLibrary] Timezone=60

[4][NativeLibrary] SummerTime=0

[4][NativeLibrary] Timezone=60

[4][NativeLibrary] SummerTime=0

[4][NativeLibrary] Timezone=60

[4][NativeLibrary] SummerTime=0

[4][NativeLibrary] Timezone=60

[4][NativeLibrary] SummerTime=0

[4][NativeLibrary] Timezone=60

[4][NativeLibrary] SummerTime=0

[4][NativeLibrary] Timezone=60

[4][NativeLibrary] SummerTime=0

[4][NativeLibrary] Timezone=60

[4][NativeLibrary] SummerTime=0

[4][NativeLibrary] Timezone=60

[4][NativeLibrary] SummerTime=0

[4][NativeLibrary] Timezone=60

[4][NativeLibrary] SummerTime=0

[4][NativeLibrary] Timezone=60

[4][NativeLibrary] SummerTime=0

[4][NativeLibrary] Timezone=60

[4][NativeLibrary] SummerTime=0

[4][NativeLibrary] Timezone=60

[4][NativeLibrary] SummerTime=0

[4][NativeLibrary] Timezone=60

[4][NativeLibrary] SummerTime=0

[4][NativeLibrary] Timezone=60

[4][NativeLibrary] SummerTime=0

[4][NativeLibrary] Timezone=60

[4][NativeLibrary] SummerTime=0

[4][NativeLibrary] Timezone=60

[4][NativeLibrary] SummerTime=0

[4][NativeLibrary] Timezone=60

[4][NativeLibrary] SummerTime=0

[4][NativeLibrary] Timezone=60

[4][NativeLibrary] SummerTime=0

[VK] FPS 43.2 | 23.13 ms/frame | min 21.07 max 25.43 ms | 44 framu | lsfg=0
[4][NativeLibrary] Timezone=60

[4][NativeLibrary] SummerTime=0

[4][NativeLibrary] Timezone=60

[4][NativeLibrary] SummerTime=0

[4][NativeLibrary] Timezone=60

[4][NativeLibrary] SummerTime=0

[4][NativeLibrary] Timezone=60

[4][NativeLibrary] SummerTime=0

[4][NativeLibrary] Timezone=60

[4][NativeLibrary] SummerTime=0

[4][NativeLibrary] Timezone=60

[4][NativeLibrary] SummerTime=0

[4][NativeLibrary] Timezone=60

[4][NativeLibrary] SummerTime=0

[4][NativeLibrary] Timezone=60

[4][NativeLibrary] SummerTime=0

[4][NativeLibrary] Timezone=60

[4][NativeLibrary] SummerTime=0

[4][NativeLibrary] Timezone=60

[4][NativeLibrary] SummerTime=0

[4][NativeLibrary] Timezone=60

[4][NativeLibrary] SummerTime=0

[4][NativeLibrary] Timezone=60

[4][NativeLibrary] SummerTime=0

[4][NativeLibrary] Timezone=60

[4][NativeLibrary] SummerTime=0

[4][NativeLibrary] Timezone=60

[4][NativeLibrary] SummerTime=0

[4][NativeLibrary] Timezone=60

[4][NativeLibrary] SummerTime=0

[4][NativeLibrary] Timezone=60

[4][NativeLibrary] SummerTime=0

[4][NativeLibrary] Timezone=60

[4][NativeLibrary] SummerTime=0

[4][NativeLibrary] Timezone=60

[4][NativeLibrary] SummerTime=0

[4][NativeLibrary] Timezone=60

[4][NativeLibrary] SummerTime=0

[4][NativeLibrary] Timezone=60

[4][NativeLibrary] SummerTime=0

[4][NativeLibrary] Timezone=60

[4][NativeLibrary] SummerTime=0

[4][NativeLibrary] Timezone=60

[4][NativeLibrary] SummerTime=0

[4][NativeLibrary] Timezone=60

[4][NativeLibrary] SummerTime=0

[4][NativeLibrary] Timezone=60

[4][NativeLibrary] SummerTime=0

[4][NativeLibrary] Timezone=60

[4][NativeLibrary] SummerTime=0

[4][NativeLibrary] Timezone=60

[4][NativeLibrary] SummerTime=0

[4][NativeLibrary] Timezone=60

[4][NativeLibrary] SummerTime=0

[4][NativeLibrary] Timezone=60

[4][NativeLibrary] SummerTime=0

[4][NativeLibrary] Timezone=60

[4][NativeLibrary] SummerTime=0

[4][NativeLibrary] Timezone=60

[4][NativeLibrary] SummerTime=0

[4][NativeLibrary] Timezone=60

[4][NativeLibrary] SummerTime=0

[4][NativeLibrary] Timezone=60

[4][NativeLibrary] SummerTime=0

[4][NativeLibrary] Timezone=60

[4][NativeLibrary] SummerTime=0

[4][NativeLibrary] Timezone=60

[4][NativeLibrary] SummerTime=0

[4][NativeLibrary] Timezone=60

[4][NativeLibrary] SummerTime=0

[4][NativeLibrary] Timezone=60

[4][NativeLibrary] SummerTime=0

[4][NativeLibrary] Timezone=60

[4][NativeLibrary] SummerTime=0

[4][NativeLibrary] Timezone=60

[4][NativeLibrary] SummerTime=0

[4][NativeLibrary] Timezone=60

[4][NativeLibrary] SummerTime=0

[4][NativeLibrary] Timezone=60

[4][NativeLibrary] SummerTime=0

[4][NativeLibrary] Timezone=60

[4][NativeLibrary] SummerTime=0

[4][NativeLibrary] Timezone=60

[4][NativeLibrary] SummerTime=0

[VK] FPS 41.8 | 23.95 ms/frame | min 23.13 max 26.30 ms | 42 framu | lsfg=0
[4][NativeLibrary] Timezone=60

[4][NativeLibrary] SummerTime=0

[4][NativeLibrary] Timezone=60

[4][NativeLibrary] SummerTime=0

[4][NativeLibrary] Timezone=60

[4][NativeLibrary] SummerTime=0

[4][NativeLibrary] Timezone=60

[4][NativeLibrary] SummerTime=0

[4][NativeLibrary] Timezone=60

[4][NativeLibrary] SummerTime=0

[4][NativeLibrary] Timezone=60

[4][NativeLibrary] SummerTime=0

[4][NativeLibrary] Timezone=60

[4][NativeLibrary] SummerTime=0

[4][NativeLibrary] Timezone=60

[4][NativeLibrary] SummerTime=0

[4][NativeLibrary] Timezone=60

[4][NativeLibrary] SummerTime=0

[4][NativeLibrary] Timezone=60

[4][NativeLibrary] SummerTime=0

[4][NativeLibrary] Timezone=60

[4][NativeLibrary] SummerTime=0

[4][NativeLibrary] Timezone=60

[4][NativeLibrary] SummerTime=0

[4][NativeLibrary] Timezone=60

[4][NativeLibrary] SummerTime=0

[4][NativeLibrary] Timezone=60

[4][NativeLibrary] SummerTime=0

[4][NativeLibrary] Timezone=60

[4][NativeLibrary] SummerTime=0

[4][NativeLibrary] Timezone=60

[4][NativeLibrary] SummerTime=0

[4][NativeLibrary] Timezone=60

[4][NativeLibrary] SummerTime=0

[4][NativeLibrary] Timezone=60

[4][NativeLibrary] SummerTime=0

[4][NativeLibrary] Timezone=60

[4][NativeLibrary] SummerTime=0

[4][NativeLibrary] Timezone=60

[4][NativeLibrary] SummerTime=0

[4][NativeLibrary] Timezone=60

[4][NativeLibrary] SummerTime=0

[4][NativeLibrary] Timezone=60

[4][NativeLibrary] SummerTime=0

[4][NativeLibrary] Timezone=60

[4][NativeLibrary] SummerTime=0

[4][NativeLibrary] Timezone=60

[4][NativeLibrary] SummerTime=0

[4][NativeLibrary] Timezone=60

[4][NativeLibrary] SummerTime=0

[4][NativeLibrary] Timezone=60

[4][NativeLibrary] SummerTime=0

[4][NativeLibrary] Timezone=60

[4][NativeLibrary] SummerTime=0

[4][NativeLibrary] Timezone=60

[4][NativeLibrary] SummerTime=0

[4][NativeLibrary] Timezone=60

[4][NativeLibrary] SummerTime=0

[4][NativeLibrary] Timezone=60

[4][NativeLibrary] SummerTime=0

[4][NativeLibrary] Timezone=60

[4][NativeLibrary] SummerTime=0

[4][NativeLibrary] Timezone=60

[4][NativeLibrary] SummerTime=0

[4][NativeLibrary] Timezone=60

[4][NativeLibrary] SummerTime=0

[4][NativeLibrary] Timezone=60

[4][NativeLibrary] SummerTime=0

[4][NativeLibrary] Timezone=60

[4][NativeLibrary] SummerTime=0

[4][NativeLibrary] Timezone=60

[4][NativeLibrary] SummerTime=0

[4][NativeLibrary] Timezone=60

[4][NativeLibrary] SummerTime=0

[4][NativeLibrary] Timezone=60

[4][NativeLibrary] SummerTime=0

[4][NativeLibrary] Timezone=60

[4][NativeLibrary] SummerTime=0

[4][NativeLibrary] Timezone=60

[4][NativeLibrary] SummerTime=0

[4][NativeLibrary] Timezone=60

[4][NativeLibrary] SummerTime=0

[4][NativeLibrary] Timezone=60

[4][NativeLibrary] SummerTime=0

[4][NativeLibrary] Timezone=60

[4][NativeLibrary] SummerTime=0

[VK] FPS 42.6 | 23.49 ms/frame | min 20.87 max 26.70 ms | 43 framu | lsfg=0
[4][NativeLibrary] Timezone=60

[4][NativeLibrary] SummerTime=0

[4][NativeLibrary] Timezone=60

[4][NativeLibrary] SummerTime=0

[4][NativeLibrary] Timezone=60

[4][NativeLibrary] SummerTime=0

[4][NativeLibrary] Timezone=60

[4][NativeLibrary] SummerTime=0

[4][NativeLibrary] Timezone=60

[4][NativeLibrary] SummerTime=0

[4][NativeLibrary] Timezone=60

[4][NativeLibrary] SummerTime=0

[4][NativeLibrary] Timezone=60

[4][NativeLibrary] SummerTime=0

[4][NativeLibrary] Timezone=60

[4][NativeLibrary] SummerTime=0

[4][NativeLibrary] Timezone=60

[4][NativeLibrary] SummerTime=0

[4][NativeLibrary] Timezone=60

[4][NativeLibrary] SummerTime=0

[4][NativeLibrary] Timezone=60

[4][NativeLibrary] SummerTime=0

[4][NativeLibrary] Timezone=60

[4][NativeLibrary] SummerTime=0

[4][NativeLibrary] Timezone=60

[4][NativeLibrary] SummerTime=0

[4][NativeLibrary] Timezone=60

[4][NativeLibrary] SummerTime=0

[4][NativeLibrary] Timezone=60

[4][NativeLibrary] SummerTime=0

[4][NativeLibrary] Timezone=60

[4][NativeLibrary] SummerTime=0

[4][NativeLibrary] Timezone=60

[4][NativeLibrary] SummerTime=0

[4][NativeLibrary] Timezone=60

[4][NativeLibrary] SummerTime=0

[4][NativeLibrary] Timezone=60

[4][NativeLibrary] SummerTime=0

[4][NativeLibrary] Timezone=60

[4][NativeLibrary] SummerTime=0

[4][NativeLibrary] Timezone=60

[4][NativeLibrary] SummerTime=0

[4][NativeLibrary] Timezone=60

[4][NativeLibrary] SummerTime=0

[4][NativeLibrary] Timezone=60

[4][NativeLibrary] SummerTime=0

[4][NativeLibrary] Timezone=60

[4][NativeLibrary] SummerTime=0

[4][NativeLibrary] Timezone=60

[4][NativeLibrary] SummerTime=0

[4][NativeLibrary] Timezone=60

[4][NativeLibrary] SummerTime=0

[4][NativeLibrary] Timezone=60

[4][NativeLibrary] SummerTime=0

[4][NativeLibrary] Timezone=60

[4][NativeLibrary] SummerTime=0

[4][NativeLibrary] Timezone=60

[4][NativeLibrary] SummerTime=0

[4][NativeLibrary] Timezone=60

[4][NativeLibrary] SummerTime=0

[4][NativeLibrary] Timezone=60

[4][NativeLibrary] SummerTime=0

[4][NativeLibrary] Timezone=60

[4][NativeLibrary] SummerTime=0

[4][NativeLibrary] Timezone=60

[4][NativeLibrary] SummerTime=0

[VK] FPS 32.5 | 30.80 ms/frame | min 20.99 max 107.76 ms | 33 framu | lsfg=0
[4][NativeLibrary] Timezone=60

[4][NativeLibrary] SummerTime=0

[4][NativeLibrary] Timezone=60

[4][NativeLibrary] SummerTime=0

[4][NativeLibrary] Timezone=60

[4][NativeLibrary] SummerTime=0

[4][NativeLibrary] Timezone=60

[4][NativeLibrary] SummerTime=0

[4][NativeLibrary] Timezone=60

[4][NativeLibrary] SummerTime=0

[4][NativeLibrary] Timezone=60

[4][NativeLibrary] SummerTime=0

[4][NativeLibrary] Timezone=60

[4][NativeLibrary] SummerTime=0

[4][NativeLibrary] Timezone=60

[4][NativeLibrary] SummerTime=0

[4][NativeLibrary] Timezone=60

[4][NativeLibrary] SummerTime=0

[4][NativeLibrary] Timezone=60

[4][NativeLibrary] SummerTime=0

[4][NativeLibrary] Timezone=60

[4][NativeLibrary] SummerTime=0

[4][NativeLibrary] Timezone=60

[4][NativeLibrary] SummerTime=0

[4][NativeLibrary] Timezone=60

[4][NativeLibrary] SummerTime=0

[4][NativeLibrary] Timezone=60

[4][NativeLibrary] SummerTime=0

[4][NativeLibrary] Timezone=60

[4][NativeLibrary] SummerTime=0

[4][NativeLibrary] Timezone=60

[4][NativeLibrary] SummerTime=0

[4][NativeLibrary] Timezone=60

[4][NativeLibrary] SummerTime=0

[4][NativeLibrary] Timezone=60

[4][NativeLibrary] SummerTime=0

[4][NativeLibrary] Timezone=60

[4][NativeLibrary] SummerTime=0

[4][NativeLibrary] Timezone=60

[4][NativeLibrary] SummerTime=0

[4][NativeLibrary] Timezone=60

[4][NativeLibrary] SummerTime=0

[4][NativeLibrary] Timezone=60

[4][NativeLibrary] SummerTime=0

[4][NativeLibrary] Timezone=60

[4][NativeLibrary] SummerTime=0

[4][NativeLibrary] Timezone=60

[4][NativeLibrary] SummerTime=0

[4][NativeLibrary] Timezone=60

[4][NativeLibrary] SummerTime=0

[4][NativeLibrary] Timezone=60

[4][NativeLibrary] SummerTime=0

[4][NativeLibrary] Timezone=60

[4][NativeLibrary] SummerTime=0

[4][NativeLibrary] Timezone=60

[4][NativeLibrary] SummerTime=0

[4][NativeLibrary] Timezone=60

[4][NativeLibrary] SummerTime=0

[4][NativeLibrary] Timezone=60

[4][NativeLibrary] SummerTime=0

[4][NativeLibrary] Timezone=60

[4][NativeLibrary] SummerTime=0

[4][NativeLibrary] Timezone=60

[4][NativeLibrary] SummerTime=0

[4][NativeLibrary] Timezone=60

[4][NativeLibrary] SummerTime=0

[4][NativeLibrary] Timezone=60

[4][NativeLibrary] SummerTime=0

[4][NativeLibrary] Timezone=60

[4][NativeLibrary] SummerTime=0

[4][NativeLibrary] Timezone=60

[4][NativeLibrary] SummerTime=0

[4][NativeLibrary] Timezone=60

[4][NativeLibrary] SummerTime=0

[4][NativeLibrary] Timezone=60

[4][NativeLibrary] SummerTime=0

[4][NativeLibrary] Timezone=60

[4][NativeLibrary] SummerTime=0

[4][NativeLibrary] Timezone=60

[4][NativeLibrary] SummerTime=0

[4][NativeLibrary] Timezone=60

[4][NativeLibrary] SummerTime=0

[4][NativeLibrary] Timezone=60

[4][NativeLibrary] SummerTime=0

[4][NativeLibrary] Timezone=60

[4][NativeLibrary] SummerTime=0

[4][NativeLibrary] Timezone=60

[4][NativeLibrary] SummerTime=0

[VK] FPS 43.4 | 23.07 ms/frame | min 21.12 max 30.48 ms | 44 framu | lsfg=0
[4][NativeLibrary] Timezone=60

[4][NativeLibrary] SummerTime=0

[4][NativeLibrary] Timezone=60

[4][NativeLibrary] SummerTime=0

[4][NativeLibrary] Timezone=60

[4][NativeLibrary] SummerTime=0

[4][NativeLibrary] Timezone=60

[4][NativeLibrary] SummerTime=0

[4][NativeLibrary] Timezone=60

[4][NativeLibrary] SummerTime=0

[4][NativeLibrary] Timezone=60

[4][NativeLibrary] SummerTime=0

[4][NativeLibrary] Timezone=60

[4][NativeLibrary] SummerTime=0

[4][NativeLibrary] Timezone=60

[4][NativeLibrary] SummerTime=0

[4][NativeLibrary] Timezone=60

[4][NativeLibrary] SummerTime=0

[4][NativeLibrary] Timezone=60

[4][NativeLibrary] SummerTime=0

[4][NativeLibrary] Timezone=60

[4][NativeLibrary] SummerTime=0

[4][NativeLibrary] Timezone=60

[4][NativeLibrary] SummerTime=0

[4][NativeLibrary] Timezone=60

[4][NativeLibrary] SummerTime=0

[4][NativeLibrary] Timezone=60

[4][NativeLibrary] SummerTime=0

[4][NativeLibrary] Timezone=60

[4][NativeLibrary] SummerTime=0

[4][NativeLibrary] Timezone=60

[4][NativeLibrary] SummerTime=0

[4][NativeLibrary] Timezone=60

[4][NativeLibrary] SummerTime=0

[4][NativeLibrary] Timezone=60

[4][NativeLibrary] SummerTime=0

[4][NativeLibrary] Timezone=60

[4][NativeLibrary] SummerTime=0

[4][NativeLibrary] Timezone=60

[4][NativeLibrary] SummerTime=0

[4][NativeLibrary] Timezone=60

[4][NativeLibrary] SummerTime=0

[4][NativeLibrary] Timezone=60

[4][NativeLibrary] SummerTime=0

[4][NativeLibrary] Timezone=60

[4][NativeLibrary] SummerTime=0

[4][NativeLibrary] Timezone=60

[4][NativeLibrary] SummerTime=0

[4][NativeLibrary] Timezone=60

[4][NativeLibrary] SummerTime=0

[4][NativeLibrary] Timezone=60

[4][NativeLibrary] SummerTime=0

[4][NativeLibrary] Timezone=60

[4][NativeLibrary] SummerTime=0

[4][NativeLibrary] Timezone=60

[4][NativeLibrary] SummerTime=0

[4][NativeLibrary] Timezone=60

[4][NativeLibrary] SummerTime=0

[4][NativeLibrary] Timezone=60

[4][NativeLibrary] SummerTime=0

[4][NativeLibrary] Timezone=60

[4][NativeLibrary] SummerTime=0

[4][NativeLibrary] Timezone=60

[4][NativeLibrary] SummerTime=0

[4][NativeLibrary] Timezone=60

[4][NativeLibrary] SummerTime=0

[4][NativeLibrary] Timezone=60

[4][NativeLibrary] SummerTime=0

[4][NativeLibrary] Timezone=60

[4][NativeLibrary] SummerTime=0

[4][NativeLibrary] Timezone=60

[4][NativeLibrary] SummerTime=0

[4][NativeLibrary] Timezone=60

[4][NativeLibrary] SummerTime=0

[4][NativeLibrary] Timezone=60

[4][NativeLibrary] SummerTime=0

[4][NativeLibrary] Timezone=60

[4][NativeLibrary] SummerTime=0

[4][NativeLibrary] Timezone=60

[4][NativeLibrary] SummerTime=0

[4][NativeLibrary] Timezone=60

[4][NativeLibrary] SummerTime=0

[4][NativeLibrary] Timezone=60

[4][NativeLibrary] SummerTime=0

[VK] FPS 41.2 | 24.27 ms/frame | min 21.03 max 39.27 ms | 42 framu | lsfg=0
[4][NativeLibrary] Timezone=60

[4][NativeLibrary] SummerTime=0

[4][NativeLibrary] Timezone=60

[4][NativeLibrary] SummerTime=0

[4][NativeLibrary] Timezone=60

[4][NativeLibrary] SummerTime=0

[4][NativeLibrary] Timezone=60

[4][NativeLibrary] SummerTime=0

[4][NativeLibrary] Timezone=60

[4][NativeLibrary] SummerTime=0

[4][NativeLibrary] Timezone=60

[4][NativeLibrary] SummerTime=0

[4][NativeLibrary] Timezone=60

[4][NativeLibrary] SummerTime=0

[4][NativeLibrary] Timezone=60

[4][NativeLibrary] SummerTime=0

[4][NativeLibrary] Timezone=60

[4][NativeLibrary] SummerTime=0

[4][NativeLibrary] Timezone=60

[4][NativeLibrary] SummerTime=0

[4][NativeLibrary] Timezone=60

[4][NativeLibrary] SummerTime=0

[4][NativeLibrary] Timezone=60

[4][NativeLibrary] SummerTime=0

[4][NativeLibrary] Timezone=60

[4][NativeLibrary] SummerTime=0

[4][NativeLibrary] Timezone=60

[4][NativeLibrary] SummerTime=0

[4][NativeLibrary] Timezone=60

[4][NativeLibrary] SummerTime=0

[4][NativeLibrary] Timezone=60

[4][NativeLibrary] SummerTime=0

[4][NativeLibrary] Timezone=60

[4][NativeLibrary] SummerTime=0

[4][NativeLibrary] Timezone=60

[4][NativeLibrary] SummerTime=0

[4][NativeLibrary] Timezone=60

[4][NativeLibrary] SummerTime=0

[4][NativeLibrary] Timezone=60

[4][NativeLibrary] SummerTime=0

[4][NativeLibrary] Timezone=60

[4][NativeLibrary] SummerTime=0

[4][NativeLibrary] Timezone=60

[4][NativeLibrary] SummerTime=0

[4][NativeLibrary] Timezone=60

[4][NativeLibrary] SummerTime=0

[4][NativeLibrary] Timezone=60

[4][NativeLibrary] SummerTime=0

[4][NativeLibrary] Timezone=60

[4][NativeLibrary] SummerTime=0

[4][NativeLibrary] Timezone=60

[4][NativeLibrary] SummerTime=0

[4][NativeLibrary] Timezone=60

[4][NativeLibrary] SummerTime=0

[4][NativeLibrary] Timezone=60

[4][NativeLibrary] SummerTime=0

[4][NativeLibrary] Timezone=60

[4][NativeLibrary] SummerTime=0

[4][NativeLibrary] Timezone=60

[4][NativeLibrary] SummerTime=0

[4][NativeLibrary] Timezone=60

[4][NativeLibrary] SummerTime=0

[4][NativeLibrary] Timezone=60

[4][NativeLibrary] SummerTime=0

[4][NativeLibrary] Timezone=60

[4][NativeLibrary] SummerTime=0

[4][NativeLibrary] Timezone=60

[4][NativeLibrary] SummerTime=0

[4][NativeLibrary] Timezone=60

[4][NativeLibrary] SummerTime=0

[4][NativeLibrary] Timezone=60

[4][NativeLibrary] SummerTime=0

[4][NativeLibrary] Timezone=60

[4][NativeLibrary] SummerTime=0

[4][NativeLibrary] Timezone=60

[4][NativeLibrary] SummerTime=0

[4][NativeLibrary] Timezone=60

[4][NativeLibrary] SummerTime=0

[4][NativeLibrary] Timezone=60

[4][NativeLibrary] SummerTime=0

[4][NativeLibrary] Timezone=60

[4][NativeLibrary] SummerTime=0

[4][NativeLibrary] Timezone=60

[4][NativeLibrary] SummerTime=0

[VK] FPS 41.1 | 24.31 ms/frame | min 21.44 max 26.84 ms | 42 framu | lsfg=0
[4][NativeLibrary] Timezone=60

[4][NativeLibrary] SummerTime=0

[4][NativeLibrary] Timezone=60

[4][NativeLibrary] SummerTime=0

[4][NativeLibrary] Timezone=60

[4][NativeLibrary] SummerTime=0

[4][NativeLibrary] Timezone=60

[4][NativeLibrary] SummerTime=0

[4][NativeLibrary] Timezone=60

[4][NativeLibrary] SummerTime=0

[4][NativeLibrary] Timezone=60

[4][NativeLibrary] SummerTime=0

[4][NativeLibrary] Timezone=60

[4][NativeLibrary] SummerTime=0

[4][NativeLibrary] Timezone=60

[4][NativeLibrary] SummerTime=0

[4][NativeLibrary] Timezone=60

[4][NativeLibrary] SummerTime=0

[4][NativeLibrary] Timezone=60

[4][NativeLibrary] SummerTime=0

[4][NativeLibrary] Timezone=60

[4][NativeLibrary] SummerTime=0

[4][NativeLibrary] Timezone=60

[4][NativeLibrary] SummerTime=0

[4][NativeLibrary] Timezone=60

[4][NativeLibrary] SummerTime=0

[4][NativeLibrary] Timezone=60

[4][NativeLibrary] SummerTime=0

[4][NativeLibrary] Timezone=60

[4][NativeLibrary] SummerTime=0

[4][NativeLibrary] Timezone=60

[4][NativeLibrary] SummerTime=0

[4][NativeLibrary] Timezone=60

[4][NativeLibrary] SummerTime=0

[4][NativeLibrary] Timezone=60

[4][NativeLibrary] SummerTime=0

[4][NativeLibrary] Timezone=60

[4][NativeLibrary] SummerTime=0

[4][NativeLibrary] Timezone=60

[4][NativeLibrary] SummerTime=0

[4][NativeLibrary] Timezone=60

[4][NativeLibrary] SummerTime=0

[4][NativeLibrary] Timezone=60

[4][NativeLibrary] SummerTime=0

[4][NativeLibrary] Timezone=60

[4][NativeLibrary] SummerTime=0

[4][NativeLibrary] Timezone=60

[4][NativeLibrary] SummerTime=0

[4][NativeLibrary] Timezone=60

[4][NativeLibrary] SummerTime=0

[4][NativeLibrary] Timezone=60

[4][NativeLibrary] SummerTime=0

[4][NativeLibrary] Timezone=60

[4][NativeLibrary] SummerTime=0

[4][NativeLibrary] Timezone=60

[4][NativeLibrary] SummerTime=0

[4][NativeLibrary] Timezone=60

[4][NativeLibrary] SummerTime=0

[4][NativeLibrary] Timezone=60

[4][NativeLibrary] SummerTime=0

[4][NativeLibrary] Timezone=60

[4][NativeLibrary] SummerTime=0

[4][NativeLibrary] Timezone=60

[4][NativeLibrary] SummerTime=0

[4][NativeLibrary] Timezone=60

[4][NativeLibrary] SummerTime=0

[4][NativeLibrary] Timezone=60

[4][NativeLibrary] SummerTime=0

[4][NativeLibrary] Timezone=60

[4][NativeLibrary] SummerTime=0

[4][NativeLibrary] Timezone=60

[4][NativeLibrary] SummerTime=0

[4][NativeLibrary] Timezone=60

[4][NativeLibrary] SummerTime=0

[4][NativeLibrary] Timezone=60

[4][NativeLibrary] SummerTime=0

[4][NativeLibrary] Timezone=60

[4][NativeLibrary] SummerTime=0

[4][NativeLibrary] Timezone=60

[4][NativeLibrary] SummerTime=0

[4][NativeLibrary] Timezone=60

[4][NativeLibrary] SummerTime=0

[VK] FPS 40.2 | 24.90 ms/frame | min 23.18 max 26.38 ms | 41 framu | lsfg=0
[4][NativeLibrary] Timezone=60

[4][NativeLibrary] SummerTime=0

[4][NativeLibrary] Timezone=60

[4][NativeLibrary] SummerTime=0

[4][NativeLibrary] Timezone=60

[4][NativeLibrary] SummerTime=0

[4][NativeLibrary] Timezone=60

[4][NativeLibrary] SummerTime=0

[4][NativeLibrary] Timezone=60

[4][NativeLibrary] SummerTime=0

[4][NativeLibrary] Timezone=60

[4][NativeLibrary] SummerTime=0

[4][NativeLibrary] Timezone=60

[4][NativeLibrary] SummerTime=0

[4][NativeLibrary] Timezone=60

[4][NativeLibrary] SummerTime=0

[4][NativeLibrary] Timezone=60

[4][NativeLibrary] SummerTime=0

[4][NativeLibrary] Timezone=60

[4][NativeLibrary] SummerTime=0

[4][NativeLibrary] Timezone=60

[4][NativeLibrary] SummerTime=0

[4][NativeLibrary] Timezone=60

[4][NativeLibrary] SummerTime=0

[4][NativeLibrary] Timezone=60

[4][NativeLibrary] SummerTime=0

[4][NativeLibrary] Timezone=60

[4][NativeLibrary] SummerTime=0

[4][NativeLibrary] Timezone=60

[4][NativeLibrary] SummerTime=0

[4][NativeLibrary] Timezone=60

[4][NativeLibrary] SummerTime=0

[4][NativeLibrary] Timezone=60

[4][NativeLibrary] SummerTime=0

[4][NativeLibrary] Timezone=60

[4][NativeLibrary] SummerTime=0

[4][NativeLibrary] Timezone=60

[4][NativeLibrary] SummerTime=0

[4][NativeLibrary] Timezone=60

[4][NativeLibrary] SummerTime=0

[4][NativeLibrary] Timezone=60

[4][NativeLibrary] SummerTime=0

[4][NativeLibrary] Timezone=60

[4][NativeLibrary] SummerTime=0

[4][NativeLibrary] Timezone=60

[4][NativeLibrary] SummerTime=0

[4][NativeLibrary] Timezone=60

[4][NativeLibrary] SummerTime=0

[4][NativeLibrary] Timezone=60

[4][NativeLibrary] SummerTime=0

[4][NativeLibrary] Timezone=60

[4][NativeLibrary] SummerTime=0

[4][NativeLibrary] Timezone=60

[4][NativeLibrary] SummerTime=0

[4][NativeLibrary] Timezone=60

[4][NativeLibrary] SummerTime=0

[4][NativeLibrary] Timezone=60

[4][NativeLibrary] SummerTime=0

[4][NativeLibrary] Timezone=60

[4][NativeLibrary] SummerTime=0

[4][NativeLibrary] Timezone=60

[4][NativeLibrary] SummerTime=0

[4][NativeLibrary] Timezone=60

[4][NativeLibrary] SummerTime=0

[4][NativeLibrary] Timezone=60

[4][NativeLibrary] SummerTime=0

[4][NativeLibrary] Timezone=60

[4][NativeLibrary] SummerTime=0

[4][NativeLibrary] Timezone=60

[4][NativeLibrary] SummerTime=0

[4][NativeLibrary] Timezone=60

[4][NativeLibrary] SummerTime=0

[4][NativeLibrary] Timezone=60

[4][NativeLibrary] SummerTime=0

[4][NativeLibrary] Timezone=60

[4][NativeLibrary] SummerTime=0

[4][NativeLibrary] Timezone=60

[4][NativeLibrary] SummerTime=0

[4][NativeLibrary] Timezone=60

[4][NativeLibrary] SummerTime=0

[4][NativeLibrary] Timezone=60

[4][NativeLibrary] SummerTime=0

[4][NativeLibrary] Timezone=60

[4][NativeLibrary] SummerTime=0

[VK] FPS 41.7 | 23.98 ms/frame | min 20.13 max 26.45 ms | 42 framu | lsfg=0
[4][NativeLibrary] Timezone=60

[4][NativeLibrary] SummerTime=0

[4][NativeLibrary] Timezone=60

[4][NativeLibrary] SummerTime=0

[4][NativeLibrary] Timezone=60

[4][NativeLibrary] SummerTime=0

[4][NativeLibrary] Timezone=60

[4][NativeLibrary] SummerTime=0

[4][NativeLibrary] Timezone=60

[4][NativeLibrary] SummerTime=0

[4][NativeLibrary] Timezone=60

[4][NativeLibrary] SummerTime=0

[4][NativeLibrary] Timezone=60

[4][NativeLibrary] SummerTime=0

[4][NativeLibrary] Timezone=60

[4][NativeLibrary] SummerTime=0

[4][NativeLibrary] Timezone=60

[4][NativeLibrary] SummerTime=0

[4][NativeLibrary] Timezone=60

[4][NativeLibrary] SummerTime=0

[4][NativeLibrary] Timezone=60

[4][NativeLibrary] SummerTime=0

[4][NativeLibrary] Timezone=60

[4][NativeLibrary] SummerTime=0

[4][NativeLibrary] Timezone=60

[4][NativeLibrary] SummerTime=0

[4][NativeLibrary] Timezone=60

[4][NativeLibrary] SummerTime=0

[4][NativeLibrary] Timezone=60

[4][NativeLibrary] SummerTime=0

[4][NativeLibrary] Timezone=60

[4][NativeLibrary] SummerTime=0

[4][NativeLibrary] Timezone=60

[4][NativeLibrary] SummerTime=0

[4][NativeLibrary] Timezone=60

[4][NativeLibrary] SummerTime=0

[4][NativeLibrary] Timezone=60

[4][NativeLibrary] SummerTime=0

[4][NativeLibrary] Timezone=60

[4][NativeLibrary] SummerTime=0

[4][NativeLibrary] Timezone=60

[4][NativeLibrary] SummerTime=0

[4][NativeLibrary] Timezone=60

[4][NativeLibrary] SummerTime=0

[4][NativeLibrary] Timezone=60

[4][NativeLibrary] SummerTime=0

[4][NativeLibrary] Timezone=60

[4][NativeLibrary] SummerTime=0

[4][NativeLibrary] Timezone=60

[4][NativeLibrary] SummerTime=0

[4][NativeLibrary] Timezone=60

[4][NativeLibrary] SummerTime=0

[4][NativeLibrary] Timezone=60

[4][NativeLibrary] SummerTime=0

[4][NativeLibrary] Timezone=60

[4][NativeLibrary] SummerTime=0

[4][NativeLibrary] Timezone=60

[4][NativeLibrary] SummerTime=0

[4][NativeLibrary] Timezone=60

[4][NativeLibrary] SummerTime=0

[4][NativeLibrary] Timezone=60

[4][NativeLibrary] SummerTime=0

[4][NativeLibrary] Timezone=60

[4][NativeLibrary] SummerTime=0

[4][NativeLibrary] Timezone=60

[4][NativeLibrary] SummerTime=0

[4][NativeLibrary] Timezone=60

[4][NativeLibrary] SummerTime=0

[4][NativeLibrary] Timezone=60

[4][NativeLibrary] SummerTime=0

[4][NativeLibrary] Timezone=60

[4][NativeLibrary] SummerTime=0

[4][NativeLibrary] Timezone=60

[4][NativeLibrary] SummerTime=0

[4][NativeLibrary] Timezone=60

[4][NativeLibrary] SummerTime=0

[4][NativeLibrary] Timezone=60

[4][NativeLibrary] SummerTime=0

[4][NativeLibrary] Timezone=60

[4][NativeLibrary] SummerTime=0

[4][NativeLibrary] Timezone=60

[4][NativeLibrary] SummerTime=0

[VK] FPS 40.9 | 24.46 ms/frame | min 20.96 max 28.82 ms | 41 framu | lsfg=0
[4][NativeLibrary] Timezone=60

[4][NativeLibrary] SummerTime=0

[4][NativeLibrary] Timezone=60

[4][NativeLibrary] SummerTime=0

[4][NativeLibrary] Timezone=60

[4][NativeLibrary] SummerTime=0

[4][NativeLibrary] Timezone=60

[4][NativeLibrary] SummerTime=0

[4][NativeLibrary] Timezone=60

[4][NativeLibrary] SummerTime=0

[4][NativeLibrary] Timezone=60

[4][NativeLibrary] SummerTime=0

[4][NativeLibrary] Timezone=60

[4][NativeLibrary] SummerTime=0

[4][NativeLibrary] Timezone=60

[4][NativeLibrary] SummerTime=0

[4][NativeLibrary] Timezone=60

[4][NativeLibrary] SummerTime=0

[4][NativeLibrary] Timezone=60

[4][NativeLibrary] SummerTime=0

[4][NativeLibrary] Timezone=60

[4][NativeLibrary] SummerTime=0

[4][NativeLibrary] Timezone=60

[4][NativeLibrary] SummerTime=0

[4][NativeLibrary] Timezone=60

[4][NativeLibrary] SummerTime=0

[4][NativeLibrary] Timezone=60

[4][NativeLibrary] SummerTime=0

[4][NativeLibrary] Timezone=60

[4][NativeLibrary] SummerTime=0

[4][NativeLibrary] Timezone=60

[4][NativeLibrary] SummerTime=0

[4][NativeLibrary] Timezone=60

[4][NativeLibrary] SummerTime=0

[4][NativeLibrary] Timezone=60

[4][NativeLibrary] SummerTime=0

[4][NativeLibrary] Timezone=60

[4][NativeLibrary] SummerTime=0

[4][NativeLibrary] Timezone=60

[4][NativeLibrary] SummerTime=0

[4][NativeLibrary] Timezone=60

[4][NativeLibrary] SummerTime=0

[4][NativeLibrary] Timezone=60

[4][NativeLibrary] SummerTime=0

[4][NativeLibrary] Timezone=60

[4][NativeLibrary] SummerTime=0

[4][NativeLibrary] Timezone=60

[4][NativeLibrary] SummerTime=0

[4][NativeLibrary] Timezone=60

[4][NativeLibrary] SummerTime=0

[4][NativeLibrary] Timezone=60

[4][NativeLibrary] SummerTime=0

[4][NativeLibrary] Timezone=60

[4][NativeLibrary] SummerTime=0

[4][NativeLibrary] Timezone=60

[4][NativeLibrary] SummerTime=0

[4][NativeLibrary] Timezone=60

[4][NativeLibrary] SummerTime=0

[4][NativeLibrary] Timezone=60

[4][NativeLibrary] SummerTime=0

[4][NativeLibrary] Timezone=60

[4][NativeLibrary] SummerTime=0

[4][NativeLibrary] Timezone=60

[4][NativeLibrary] SummerTime=0

[4][NativeLibrary] Timezone=60

[4][NativeLibrary] SummerTime=0

[4][NativeLibrary] Timezone=60

[4][NativeLibrary] SummerTime=0

[4][NativeLibrary] Timezone=60

[4][NativeLibrary] SummerTime=0

[4][NativeLibrary] Timezone=60

[4][NativeLibrary] SummerTime=0

[4][NativeLibrary] Timezone=60

[4][NativeLibrary] SummerTime=0

[4][NativeLibrary] Timezone=60

[4][NativeLibrary] SummerTime=0

[4][NativeLibrary] Timezone=60

[4][NativeLibrary] SummerTime=0

[4][NativeLibrary] Timezone=60

[4][NativeLibrary] SummerTime=0

[4][NativeLibrary] Timezone=60

[4][NativeLibrary] SummerTime=0

[4][NativeLibrary] Timezone=60

[4][NativeLibrary] SummerTime=0

[VK] FPS 41.5 | 24.08 ms/frame | min 21.66 max 61.89 ms | 42 framu | lsfg=0
[4][NativeLibrary] Timezone=60

[4][NativeLibrary] SummerTime=0

[4][NativeLibrary] Timezone=60

[4][NativeLibrary] SummerTime=0

[4][NativeLibrary] Timezone=60

[4][NativeLibrary] SummerTime=0

[4][NativeLibrary] Timezone=60

[4][NativeLibrary] SummerTime=0

[4][NativeLibrary] Timezone=60

[4][NativeLibrary] SummerTime=0

[4][NativeLibrary] Timezone=60

[4][NativeLibrary] SummerTime=0

[4][NativeLibrary] Timezone=60

[4][NativeLibrary] SummerTime=0

[4][NativeLibrary] Timezone=60

[4][NativeLibrary] SummerTime=0

[4][NativeLibrary] Timezone=60

[4][NativeLibrary] SummerTime=0

[4][NativeLibrary] Timezone=60

[4][NativeLibrary] SummerTime=0

[4][NativeLibrary] Timezone=60

[4][NativeLibrary] SummerTime=0

[4][NativeLibrary] Timezone=60

[4][NativeLibrary] SummerTime=0

[4][NativeLibrary] Timezone=60

[4][NativeLibrary] SummerTime=0

[4][NativeLibrary] Timezone=60

[4][NativeLibrary] SummerTime=0

[4][NativeLibrary] Timezone=60

[4][NativeLibrary] SummerTime=0

[4][NativeLibrary] Timezone=60

[4][NativeLibrary] SummerTime=0

[4][NativeLibrary] Timezone=60

[4][NativeLibrary] SummerTime=0

[4][NativeLibrary] Timezone=60

[4][NativeLibrary] SummerTime=0

[4][NativeLibrary] Timezone=60

[4][NativeLibrary] SummerTime=0

[4][NativeLibrary] Timezone=60

[4][NativeLibrary] SummerTime=0

[4][NativeLibrary] Timezone=60

[4][NativeLibrary] SummerTime=0

[4][NativeLibrary] Timezone=60

[4][NativeLibrary] SummerTime=0

[4][NativeLibrary] Timezone=60

[4][NativeLibrary] SummerTime=0

[4][NativeLibrary] Timezone=60

[4][NativeLibrary] SummerTime=0

[4][NativeLibrary] Timezone=60

[4][NativeLibrary] SummerTime=0

[4][NativeLibrary] Timezone=60

[4][NativeLibrary] SummerTime=0

[4][NativeLibrary] Timezone=60

[4][NativeLibrary] SummerTime=0

[4][NativeLibrary] Timezone=60

[4][NativeLibrary] SummerTime=0

[4][NativeLibrary] Timezone=60

[4][NativeLibrary] SummerTime=0

[4][NativeLibrary] Timezone=60

[4][NativeLibrary] SummerTime=0

[4][NativeLibrary] Timezone=60

[4][NativeLibrary] SummerTime=0

[4][NativeLibrary] Timezone=60

[4][NativeLibrary] SummerTime=0

[4][NativeLibrary] Timezone=60

[4][NativeLibrary] SummerTime=0

[4][NativeLibrary] Timezone=60

[4][NativeLibrary] SummerTime=0

[4][NativeLibrary] Timezone=60

[4][NativeLibrary] SummerTime=0

[4][NativeLibrary] Timezone=60

[4][NativeLibrary] SummerTime=0

[4][NativeLibrary] Timezone=60

[4][NativeLibrary] SummerTime=0

[4][NativeLibrary] Timezone=60

[4][NativeLibrary] SummerTime=0

[4][NativeLibrary] Timezone=60

[4][NativeLibrary] SummerTime=0

[4][NativeLibrary] Timezone=60

[4][NativeLibrary] SummerTime=0

[4][NativeLibrary] Timezone=60

[4][NativeLibrary] SummerTime=0

[4][NativeLibrary] Timezone=60

[4][NativeLibrary] SummerTime=0

[4][NativeLibrary] Timezone=60

[4][NativeLibrary] SummerTime=0

[VK] FPS 42.5 | 23.54 ms/frame | min 19.36 max 45.59 ms | 43 framu | lsfg=0
[4][NativeLibrary] Timezone=60

[4][NativeLibrary] SummerTime=0

[4][NativeLibrary] Timezone=60

[4][NativeLibrary] SummerTime=0

[4][NativeLibrary] Timezone=60

[4][NativeLibrary] SummerTime=0

[4][NativeLibrary] Timezone=60

[4][NativeLibrary] SummerTime=0

[4][NativeLibrary] Timezone=60

[4][NativeLibrary] SummerTime=0

[4][NativeLibrary] Timezone=60

[4][NativeLibrary] SummerTime=0

[4][NativeLibrary] Timezone=60

[4][NativeLibrary] SummerTime=0

[4][NativeLibrary] Timezone=60

[4][NativeLibrary] SummerTime=0

[4][NativeLibrary] Timezone=60

[4][NativeLibrary] SummerTime=0

[4][NativeLibrary] Timezone=60

[4][NativeLibrary] SummerTime=0

[4][NativeLibrary] Timezone=60

[4][NativeLibrary] SummerTime=0

[4][NativeLibrary] Timezone=60

[4][NativeLibrary] SummerTime=0

[4][NativeLibrary] Timezone=60

[4][NativeLibrary] SummerTime=0

[4][NativeLibrary] Timezone=60

[4][NativeLibrary] SummerTime=0

[4][NativeLibrary] Timezone=60

[4][NativeLibrary] SummerTime=0

[4][NativeLibrary] Timezone=60

[4][NativeLibrary] SummerTime=0

[4][NativeLibrary] Timezone=60

[4][NativeLibrary] SummerTime=0

[4][NativeLibrary] Timezone=60

[4][NativeLibrary] SummerTime=0

[4][NativeLibrary] Timezone=60

[4][NativeLibrary] SummerTime=0

[4][NativeLibrary] Timezone=60

[4][NativeLibrary] SummerTime=0

[4][NativeLibrary] Timezone=60

[4][NativeLibrary] SummerTime=0

[4][NativeLibrary] Timezone=60

[4][NativeLibrary] SummerTime=0

[4][NativeLibrary] Timezone=60

[4][NativeLibrary] SummerTime=0

[4][NativeLibrary] Timezone=60

[4][NativeLibrary] SummerTime=0

[4][NativeLibrary] Timezone=60

[4][NativeLibrary] SummerTime=0

[4][NativeLibrary] Timezone=60

[4][NativeLibrary] SummerTime=0

[4][NativeLibrary] Timezone=60

[4][NativeLibrary] SummerTime=0

[4][NativeLibrary] Timezone=60

[4][NativeLibrary] SummerTime=0

[4][NativeLibrary] Timezone=60

[4][NativeLibrary] SummerTime=0

[4][NativeLibrary] Timezone=60

[4][NativeLibrary] SummerTime=0

[4][NativeLibrary] Timezone=60

[4][NativeLibrary] SummerTime=0

[4][NativeLibrary] Timezone=60

[4][NativeLibrary] SummerTime=0

[4][NativeLibrary] Timezone=60

[4][NativeLibrary] SummerTime=0

[4][NativeLibrary] Timezone=60

[4][NativeLibrary] SummerTime=0

[4][NativeLibrary] Timezone=60

[4][NativeLibrary] SummerTime=0

[4][NativeLibrary] Timezone=60

[4][NativeLibrary] SummerTime=0

[4][NativeLibrary] Timezone=60

[4][NativeLibrary] SummerTime=0

[4][NativeLibrary] Timezone=60

[4][NativeLibrary] SummerTime=0

[4][NativeLibrary] Timezone=60

[4][NativeLibrary] SummerTime=0

[4][NativeLibrary] Timezone=60

[4][NativeLibrary] SummerTime=0

[4][NativeLibrary] Timezone=60

[4][NativeLibrary] SummerTime=0

[4][NativeLibrary] Timezone=60

[4][NativeLibrary] SummerTime=0

[4][NativeLibrary] Timezone=60

[4][NativeLibrary] SummerTime=0

[VK] FPS 42.5 | 23.50 ms/frame | min 19.61 max 33.38 ms | 43 framu | lsfg=0
[4][NativeLibrary] Timezone=60

[4][NativeLibrary] SummerTime=0

[4][NativeLibrary] Timezone=60

[4][NativeLibrary] SummerTime=0

[4][NativeLibrary] Timezone=60

[4][NativeLibrary] SummerTime=0

[4][NativeLibrary] Timezone=60

[4][NativeLibrary] SummerTime=0

[4][NativeLibrary] Timezone=60

[4][NativeLibrary] SummerTime=0

[4][NativeLibrary] Timezone=60

[4][NativeLibrary] SummerTime=0

[4][NativeLibrary] Timezone=60

[4][NativeLibrary] SummerTime=0

[4][NativeLibrary] Timezone=60

[4][NativeLibrary] SummerTime=0

[4][NativeLibrary] Timezone=60

[4][NativeLibrary] SummerTime=0

[4][NativeLibrary] Timezone=60

[4][NativeLibrary] SummerTime=0

[4][NativeLibrary] Timezone=60

[4][NativeLibrary] SummerTime=0

[4][NativeLibrary] Timezone=60

[4][NativeLibrary] SummerTime=0

[4][NativeLibrary] Timezone=60

[4][NativeLibrary] SummerTime=0

[4][NativeLibrary] Timezone=60

[4][NativeLibrary] SummerTime=0

[4][NativeLibrary] Timezone=60

[4][NativeLibrary] SummerTime=0

[4][NativeLibrary] Timezone=60

[4][NativeLibrary] SummerTime=0

[4][NativeLibrary] Timezone=60

[4][NativeLibrary] SummerTime=0

[4][NativeLibrary] Timezone=60

[4][NativeLibrary] SummerTime=0

[4][NativeLibrary] Timezone=60

[4][NativeLibrary] SummerTime=0

[4][NativeLibrary] Timezone=60

[4][NativeLibrary] SummerTime=0

[4][NativeLibrary] Timezone=60

[4][NativeLibrary] SummerTime=0

[4][NativeLibrary] Timezone=60

[4][NativeLibrary] SummerTime=0

[4][NativeLibrary] Timezone=60

[4][NativeLibrary] SummerTime=0

[4][NativeLibrary] Timezone=60

[4][NativeLibrary] SummerTime=0

[4][NativeLibrary] Timezone=60

[4][NativeLibrary] SummerTime=0

[4][NativeLibrary] Timezone=60

[4][NativeLibrary] SummerTime=0

[4][NativeLibrary] Timezone=60

[4][NativeLibrary] SummerTime=0

[4][NativeLibrary] Timezone=60

[4][NativeLibrary] SummerTime=0

[4][NativeLibrary] Timezone=60

[4][NativeLibrary] SummerTime=0

[4][NativeLibrary] Timezone=60

[4][NativeLibrary] SummerTime=0

[4][NativeLibrary] Timezone=60

[4][NativeLibrary] SummerTime=0

[4][NativeLibrary] Timezone=60

[4][NativeLibrary] SummerTime=0

[4][NativeLibrary] Timezone=60

[4][NativeLibrary] SummerTime=0

[4][NativeLibrary] Timezone=60

[4][NativeLibrary] SummerTime=0

[4][NativeLibrary] Timezone=60

[4][NativeLibrary] SummerTime=0

[4][NativeLibrary] Timezone=60

[4][NativeLibrary] SummerTime=0

[4][NativeLibrary] Timezone=60

[4][NativeLibrary] SummerTime=0

[4][NativeLibrary] Timezone=60

[4][NativeLibrary] SummerTime=0

[4][NativeLibrary] Timezone=60

[4][NativeLibrary] SummerTime=0

[4][NativeLibrary] Timezone=60

[4][NativeLibrary] SummerTime=0

[4][NativeLibrary] Timezone=60

[4][NativeLibrary] SummerTime=0

[4][NativeLibrary] Timezone=60

[4][NativeLibrary] SummerTime=0

[4][NativeLibrary] Timezone=60

[4][NativeLibrary] SummerTime=0

[VK] FPS 42.0 | 23.79 ms/frame | min 22.13 max 36.44 ms | 43 framu | lsfg=0
[4][NativeLibrary] Timezone=60

[4][NativeLibrary] SummerTime=0

[4][NativeLibrary] Timezone=60

[4][NativeLibrary] SummerTime=0

[4][NativeLibrary] Timezone=60

[4][NativeLibrary] SummerTime=0

[4][NativeLibrary] Timezone=60

[4][NativeLibrary] SummerTime=0

[4][NativeLibrary] Timezone=60

[4][NativeLibrary] SummerTime=0

[4][NativeLibrary] Timezone=60

[4][NativeLibrary] SummerTime=0

[4][NativeLibrary] Timezone=60

[4][NativeLibrary] SummerTime=0

[4][NativeLibrary] Timezone=60

[4][NativeLibrary] SummerTime=0

[4][NativeLibrary] Timezone=60

[4][NativeLibrary] SummerTime=0

[4][NativeLibrary] Timezone=60

[4][NativeLibrary] SummerTime=0

[4][NativeLibrary] Timezone=60

[4][NativeLibrary] SummerTime=0

[4][NativeLibrary] Timezone=60

[4][NativeLibrary] SummerTime=0

[4][NativeLibrary] Timezone=60

[4][NativeLibrary] SummerTime=0

[4][NativeLibrary] Timezone=60

[4][NativeLibrary] SummerTime=0

[4][NativeLibrary] Timezone=60

[4][NativeLibrary] SummerTime=0

[4][NativeLibrary] Timezone=60

[4][NativeLibrary] SummerTime=0

[4][NativeLibrary] Timezone=60

[4][NativeLibrary] SummerTime=0

[4][NativeLibrary] Timezone=60

[4][NativeLibrary] SummerTime=0

[4][NativeLibrary] Timezone=60

[4][NativeLibrary] SummerTime=0

[4][NativeLibrary] Timezone=60

[4][NativeLibrary] SummerTime=0

[4][NativeLibrary] Timezone=60

[4][NativeLibrary] SummerTime=0

[4][NativeLibrary] Timezone=60

[4][NativeLibrary] SummerTime=0

[4][NativeLibrary] Timezone=60

[4][NativeLibrary] SummerTime=0

[4][NativeLibrary] Timezone=60

[4][NativeLibrary] SummerTime=0

[4][NativeLibrary] Timezone=60

[4][NativeLibrary] SummerTime=0

[4][NativeLibrary] Timezone=60

[4][NativeLibrary] SummerTime=0

[4][NativeLibrary] Timezone=60

[4][NativeLibrary] SummerTime=0

[4][NativeLibrary] Timezone=60

[4][NativeLibrary] SummerTime=0

[4][NativeLibrary] Timezone=60

[4][NativeLibrary] SummerTime=0

[4][NativeLibrary] Timezone=60

[4][NativeLibrary] SummerTime=0

[4][NativeLibrary] Timezone=60

[4][NativeLibrary] SummerTime=0

[4][NativeLibrary] Timezone=60

[4][NativeLibrary] SummerTime=0

[4][NativeLibrary] Timezone=60

[4][NativeLibrary] SummerTime=0

[4][NativeLibrary] Timezone=60

[4][NativeLibrary] SummerTime=0

[4][NativeLibrary] Timezone=60

[4][NativeLibrary] SummerTime=0

[4][NativeLibrary] Timezone=60

[4][NativeLibrary] SummerTime=0

[4][NativeLibrary] Timezone=60

[4][NativeLibrary] SummerTime=0

[4][NativeLibrary] Timezone=60

[4][NativeLibrary] SummerTime=0

[4][NativeLibrary] Timezone=60

[4][NativeLibrary] SummerTime=0

[VK] FPS 38.9 | 25.71 ms/frame | min 22.40 max 29.16 ms | 39 framu | lsfg=0
[4][NativeLibrary] Timezone=60

[4][NativeLibrary] SummerTime=0

[4][NativeLibrary] Timezone=60

[4][NativeLibrary] SummerTime=0

[4][NativeLibrary] Timezone=60

[4][NativeLibrary] SummerTime=0

[4][NativeLibrary] Timezone=60

[4][NativeLibrary] SummerTime=0

[4][NativeLibrary] Timezone=60

[4][NativeLibrary] SummerTime=0

[4][NativeLibrary] Timezone=60

[4][NativeLibrary] SummerTime=0

[4][NativeLibrary] Timezone=60

[4][NativeLibrary] SummerTime=0

[4][NativeLibrary] Timezone=60

[4][NativeLibrary] SummerTime=0

[4][NativeLibrary] Timezone=60

[4][NativeLibrary] SummerTime=0

[4][NativeLibrary] Timezone=60

[4][NativeLibrary] SummerTime=0

[4][NativeLibrary] Timezone=60

[4][NativeLibrary] SummerTime=0

[4][NativeLibrary] Timezone=60

[4][NativeLibrary] SummerTime=0

[4][NativeLibrary] Timezone=60

[4][NativeLibrary] SummerTime=0

[4][NativeLibrary] Timezone=60

[4][NativeLibrary] SummerTime=0

[4][NativeLibrary] Timezone=60

[4][NativeLibrary] SummerTime=0

[4][NativeLibrary] Timezone=60

[4][NativeLibrary] SummerTime=0

[4][NativeLibrary] Timezone=60

[4][NativeLibrary] SummerTime=0

[4][NativeLibrary] Timezone=60

[4][NativeLibrary] SummerTime=0

[4][NativeLibrary] Timezone=60

[4][NativeLibrary] SummerTime=0

[4][NativeLibrary] Timezone=60

[4][NativeLibrary] SummerTime=0

[4][NativeLibrary] Timezone=60

[4][NativeLibrary] SummerTime=0

[4][NativeLibrary] Timezone=60

[4][NativeLibrary] SummerTime=0

[4][NativeLibrary] Timezone=60

[4][NativeLibrary] SummerTime=0

[4][NativeLibrary] Timezone=60

[4][NativeLibrary] SummerTime=0

[4][NativeLibrary] Timezone=60

[4][NativeLibrary] SummerTime=0

[4][NativeLibrary] Timezone=60

[4][NativeLibrary] SummerTime=0

[4][NativeLibrary] Timezone=60

[4][NativeLibrary] SummerTime=0

[4][NativeLibrary] Timezone=60

[4][NativeLibrary] SummerTime=0

[4][NativeLibrary] Timezone=60

[4][NativeLibrary] SummerTime=0

[4][NativeLibrary] Timezone=60

[4][NativeLibrary] SummerTime=0

[4][NativeLibrary] Timezone=60

[4][NativeLibrary] SummerTime=0

[4][NativeLibrary] Timezone=60

[4][NativeLibrary] SummerTime=0

[4][NativeLibrary] Timezone=60

[4][NativeLibrary] SummerTime=0

[4][NativeLibrary] Timezone=60

[4][NativeLibrary] SummerTime=0

[4][NativeLibrary] Timezone=60

[4][NativeLibrary] SummerTime=0

[4][NativeLibrary] Timezone=60

[4][NativeLibrary] SummerTime=0

[4][NativeLibrary] Timezone=60

[4][NativeLibrary] SummerTime=0

[4][NativeLibrary] Timezone=60

[4][NativeLibrary] SummerTime=0

[VK] FPS 38.0 | 26.35 ms/frame | min 22.29 max 55.90 ms | 38 framu | lsfg=0
[4][NativeLibrary] Timezone=60

[4][NativeLibrary] SummerTime=0

[4][NativeLibrary] Timezone=60

[4][NativeLibrary] SummerTime=0

[4][NativeLibrary] Timezone=60

[4][NativeLibrary] SummerTime=0

[4][NativeLibrary] Timezone=60

[4][NativeLibrary] SummerTime=0

[4][NativeLibrary] Timezone=60

[4][NativeLibrary] SummerTime=0

[4][NativeLibrary] Timezone=60

[4][NativeLibrary] SummerTime=0

[4][NativeLibrary] Timezone=60

[4][NativeLibrary] SummerTime=0

[4][NativeLibrary] Timezone=60

[4][NativeLibrary] SummerTime=0

[4][NativeLibrary] Timezone=60

[4][NativeLibrary] SummerTime=0

[4][NativeLibrary] Timezone=60

[4][NativeLibrary] SummerTime=0

[4][NativeLibrary] Timezone=60

[4][NativeLibrary] SummerTime=0

[4][NativeLibrary] Timezone=60

[4][NativeLibrary] SummerTime=0

[4][NativeLibrary] Timezone=60

[4][NativeLibrary] SummerTime=0

[4][NativeLibrary] Timezone=60

[4][NativeLibrary] SummerTime=0

[4][NativeLibrary] Timezone=60

[4][NativeLibrary] SummerTime=0

[4][NativeLibrary] Timezone=60

[4][NativeLibrary] SummerTime=0

[4][NativeLibrary] Timezone=60

[4][NativeLibrary] SummerTime=0

[4][NativeLibrary] Timezone=60

[4][NativeLibrary] SummerTime=0

[4][NativeLibrary] Timezone=60

[4][NativeLibrary] SummerTime=0

[4][NativeLibrary] Timezone=60

[4][NativeLibrary] SummerTime=0

[4][NativeLibrary] Timezone=60

[4][NativeLibrary] SummerTime=0

[4][NativeLibrary] Timezone=60

[4][NativeLibrary] SummerTime=0

[4][NativeLibrary] Timezone=60

[4][NativeLibrary] SummerTime=0

[4][NativeLibrary] Timezone=60

[4][NativeLibrary] SummerTime=0

[4][NativeLibrary] Timezone=60

[4][NativeLibrary] SummerTime=0

[4][NativeLibrary] Timezone=60

[4][NativeLibrary] SummerTime=0

[4][NativeLibrary] Timezone=60

[4][NativeLibrary] SummerTime=0

[4][NativeLibrary] Timezone=60

[4][NativeLibrary] SummerTime=0

[4][NativeLibrary] Timezone=60

[4][NativeLibrary] SummerTime=0

[4][NativeLibrary] Timezone=60

[4][NativeLibrary] SummerTime=0

[4][NativeLibrary] Timezone=60

[4][NativeLibrary] SummerTime=0

[4][NativeLibrary] Timezone=60

[4][NativeLibrary] SummerTime=0

[4][NativeLibrary] Timezone=60

[4][NativeLibrary] SummerTime=0

[4][NativeLibrary] Timezone=60

[4][NativeLibrary] SummerTime=0

[4][NativeLibrary] Timezone=60

[4][NativeLibrary] SummerTime=0

[4][NativeLibrary] Timezone=60

[4][NativeLibrary] SummerTime=0

[4][NativeLibrary] Timezone=60

[4][NativeLibrary] SummerTime=0

[4][NativeLibrary] Timezone=60

[4][NativeLibrary] SummerTime=0

[4][NativeLibrary] Timezone=60

[4][NativeLibrary] SummerTime=0

[4][NativeLibrary] Timezone=60

[4][NativeLibrary] SummerTime=0

[4][NativeLibrary] Timezone=60

[4][NativeLibrary] SummerTime=0

[4][NativeLibrary] Timezone=60

[4][NativeLibrary] SummerTime=0

[4][NativeLibrary] Timezone=60

[4][NativeLibrary] SummerTime=0

[VK] FPS 42.7 | 23.43 ms/frame | min 20.92 max 42.44 ms | 43 framu | lsfg=0
[4][NativeLibrary] Timezone=60

[4][NativeLibrary] SummerTime=0

[4][NativeLibrary] Timezone=60

[4][NativeLibrary] SummerTime=0

[4][NativeLibrary] Timezone=60

[4][NativeLibrary] SummerTime=0

[4][NativeLibrary] Timezone=60

[4][NativeLibrary] SummerTime=0

[4][NativeLibrary] Timezone=60

[4][NativeLibrary] SummerTime=0

[4][NativeLibrary] Timezone=60

[4][NativeLibrary] SummerTime=0

[4][NativeLibrary] Timezone=60

[4][NativeLibrary] SummerTime=0

[4][NativeLibrary] Timezone=60

[4][NativeLibrary] SummerTime=0

[4][NativeLibrary] Timezone=60

[4][NativeLibrary] SummerTime=0

[4][NativeLibrary] Timezone=60

[4][NativeLibrary] SummerTime=0

[4][NativeLibrary] Timezone=60

[4][NativeLibrary] SummerTime=0

[4][NativeLibrary] Timezone=60

[4][NativeLibrary] SummerTime=0

[4][NativeLibrary] Timezone=60

[4][NativeLibrary] SummerTime=0

[4][NativeLibrary] Timezone=60

[4][NativeLibrary] SummerTime=0

[4][NativeLibrary] Timezone=60

[4][NativeLibrary] SummerTime=0

[4][NativeLibrary] Timezone=60

[4][NativeLibrary] SummerTime=0

[4][NativeLibrary] Timezone=60

[4][NativeLibrary] SummerTime=0

[4][NativeLibrary] Timezone=60

[4][NativeLibrary] SummerTime=0

[4][NativeLibrary] Timezone=60

[4][NativeLibrary] SummerTime=0

[4][NativeLibrary] Timezone=60

[4][NativeLibrary] SummerTime=0

[4][NativeLibrary] Timezone=60

[4][NativeLibrary] SummerTime=0

[4][NativeLibrary] Timezone=60

[4][NativeLibrary] SummerTime=0

[4][NativeLibrary] Timezone=60

[4][NativeLibrary] SummerTime=0

[4][NativeLibrary] Timezone=60

[4][NativeLibrary] SummerTime=0

[4][NativeLibrary] Timezone=60

[4][NativeLibrary] SummerTime=0

[4][NativeLibrary] Timezone=60

[4][NativeLibrary] SummerTime=0

[4][NativeLibrary] Timezone=60

[4][NativeLibrary] SummerTime=0

[4][NativeLibrary] Timezone=60

[4][NativeLibrary] SummerTime=0

[4][NativeLibrary] Timezone=60

[4][NativeLibrary] SummerTime=0

[4][NativeLibrary] Timezone=60

[4][NativeLibrary] SummerTime=0

[VK] FPS 26.7 | 37.51 ms/frame | min 19.46 max 304.69 ms | 30 framu | lsfg=0
[4][NativeLibrary] Timezone=60

[4][NativeLibrary] SummerTime=0

[4][NativeLibrary] Timezone=60

[4][NativeLibrary] SummerTime=0

[4][NativeLibrary] Timezone=60

[4][NativeLibrary] SummerTime=0

[4][NativeLibrary] Timezone=60

[4][NativeLibrary] SummerTime=0

[4][NativeLibrary] Timezone=60

[4][NativeLibrary] SummerTime=0

[4][NativeLibrary] Timezone=60

[4][NativeLibrary] SummerTime=0

[4][NativeLibrary] Timezone=60

[4][NativeLibrary] SummerTime=0

[4][NativeLibrary] Timezone=60

[4][NativeLibrary] SummerTime=0

[4][NativeLibrary] Timezone=60

[4][NativeLibrary] SummerTime=0

[4][NativeLibrary] Timezone=60

[4][NativeLibrary] SummerTime=0

[4][NativeLibrary] Timezone=60

[4][NativeLibrary] SummerTime=0

[4][NativeLibrary] Timezone=60

[4][NativeLibrary] SummerTime=0

[4][NativeLibrary] Timezone=60

[4][NativeLibrary] SummerTime=0

[4][NativeLibrary] Timezone=60

[4][NativeLibrary] SummerTime=0

[4][NativeLibrary] Timezone=60

[4][NativeLibrary] SummerTime=0

[4][NativeLibrary] Timezone=60

[4][NativeLibrary] SummerTime=0

[4][NativeLibrary] Timezone=60

[4][NativeLibrary] SummerTime=0

[4][NativeLibrary] Timezone=60

[4][NativeLibrary] SummerTime=0

[4][NativeLibrary] Timezone=60

[4][NativeLibrary] SummerTime=0

[4][NativeLibrary] Timezone=60

[4][NativeLibrary] SummerTime=0

[4][NativeLibrary] Timezone=60

[4][NativeLibrary] SummerTime=0

[4][NativeLibrary] Timezone=60

[4][NativeLibrary] SummerTime=0

[VK] FPS 21.8 | 45.92 ms/frame | min 12.41 max 35.04 ms | 22 framu | lsfg=0
[4][NativeLibrary] Timezone=60

[4][NativeLibrary] SummerTime=0

[4][NativeLibrary] Timezone=60

[4][NativeLibrary] SummerTime=0

[4][NativeLibrary] Timezone=60

[4][NativeLibrary] SummerTime=0

[4][NativeLibrary] Timezone=60

[4][NativeLibrary] SummerTime=0

[4][NativeLibrary] Timezone=60

[4][NativeLibrary] SummerTime=0

[4][NativeLibrary] Timezone=60

[4][NativeLibrary] SummerTime=0

[4][NativeLibrary] Timezone=60

[4][NativeLibrary] SummerTime=0

[4][NativeLibrary] Timezone=60

[4][NativeLibrary] SummerTime=0

[4][NativeLibrary] Timezone=60

[4][NativeLibrary] SummerTime=0

[4][NativeLibrary] Timezone=60

[4][NativeLibrary] SummerTime=0

[4][NativeLibrary] Timezone=60

[4][NativeLibrary] SummerTime=0

[4][NativeLibrary] Timezone=60

[4][NativeLibrary] SummerTime=0

[4][NativeLibrary] Timezone=60

[4][NativeLibrary] SummerTime=0

[4][NativeLibrary] Timezone=60

[4][NativeLibrary] SummerTime=0

[4][NativeLibrary] Timezone=60

[4][NativeLibrary] SummerTime=0

[4][NativeLibrary] Timezone=60

[4][NativeLibrary] SummerTime=0

[4][NativeLibrary] Timezone=60

[4][NativeLibrary] SummerTime=0

[4][NativeLibrary] Timezone=60

[4][NativeLibrary] SummerTime=0

[4][NativeLibrary] Timezone=60

[4][NativeLibrary] SummerTime=0

[4][NativeLibrary] Timezone=60

[4][NativeLibrary] SummerTime=0

[4][NativeLibrary] Timezone=60

[4][NativeLibrary] SummerTime=0

[4][NativeLibrary] Timezone=60

[4][NativeLibrary] SummerTime=0

[4][NativeLibrary] Timezone=60

[4][NativeLibrary] SummerTime=0

[4][NativeLibrary] Timezone=60

[4][NativeLibrary] SummerTime=0

[4][NativeLibrary] Timezone=60

[4][NativeLibrary] SummerTime=0

[4][NativeLibrary] Timezone=60

[4][NativeLibrary] SummerTime=0

[4][NativeLibrary] Timezone=60

[4][NativeLibrary] SummerTime=0

[4][NativeLibrary] Timezone=60

[4][NativeLibrary] SummerTime=0

[4][NativeLibrary] Timezone=60

[4][NativeLibrary] SummerTime=0

[4][NativeLibrary] Timezone=60

[4][NativeLibrary] SummerTime=0

[4][NativeLibrary] Timezone=60

[4][NativeLibrary] SummerTime=0

[4][NativeLibrary] Timezone=60

[4][NativeLibrary] SummerTime=0

[4][NativeLibrary] Timezone=60

[4][NativeLibrary] SummerTime=0

[4][NativeLibrary] Timezone=60

[4][NativeLibrary] SummerTime=0

[VK] FPS 33.8 | 29.60 ms/frame | min 27.09 max 30.73 ms | 34 framu | lsfg=0
[4][NativeLibrary] Timezone=60

[4][NativeLibrary] SummerTime=0

[4][NativeLibrary] Timezone=60

[4][NativeLibrary] SummerTime=0

[4][NativeLibrary] Timezone=60

[4][NativeLibrary] SummerTime=0

[4][NativeLibrary] Timezone=60

[4][NativeLibrary] SummerTime=0

[4][NativeLibrary] Timezone=60

[4][NativeLibrary] SummerTime=0

[4][NativeLibrary] Timezone=60

[4][NativeLibrary] SummerTime=0

[4][NativeLibrary] Timezone=60

[4][NativeLibrary] SummerTime=0

[4][NativeLibrary] Timezone=60

[4][NativeLibrary] SummerTime=0

[4][NativeLibrary] Timezone=60

[4][NativeLibrary] SummerTime=0

[4][NativeLibrary] Timezone=60

[4][NativeLibrary] SummerTime=0

[4][NativeLibrary] Timezone=60

[4][NativeLibrary] SummerTime=0

[4][NativeLibrary] Timezone=60

[4][NativeLibrary] SummerTime=0

[4][NativeLibrary] Timezone=60

[4][NativeLibrary] SummerTime=0

[4][NativeLibrary] Timezone=60

[4][NativeLibrary] SummerTime=0

[4][NativeLibrary] Timezone=60

[4][NativeLibrary] SummerTime=0

[4][NativeLibrary] Timezone=60

[4][NativeLibrary] SummerTime=0

[4][NativeLibrary] Timezone=60

[4][NativeLibrary] SummerTime=0

[4][NativeLibrary] Timezone=60

[4][NativeLibrary] SummerTime=0

[4][NativeLibrary] Timezone=60

[4][NativeLibrary] SummerTime=0

[4][NativeLibrary] Timezone=60

[4][NativeLibrary] SummerTime=0

[4][NativeLibrary] Timezone=60

[4][NativeLibrary] SummerTime=0

[4][NativeLibrary] Timezone=60

[4][NativeLibrary] SummerTime=0

[4][NativeLibrary] Timezone=60

[4][NativeLibrary] SummerTime=0

[4][NativeLibrary] Timezone=60

[4][NativeLibrary] SummerTime=0

[4][NativeLibrary] Timezone=60

[4][NativeLibrary] SummerTime=0

[4][NativeLibrary] Timezone=60

[4][NativeLibrary] SummerTime=0

[4][NativeLibrary] Timezone=60

[4][NativeLibrary] SummerTime=0

[4][NativeLibrary] Timezone=60

[4][NativeLibrary] SummerTime=0

[VK] FPS 27.7 | 36.04 ms/frame | min 14.92 max 144.66 ms | 28 framu | lsfg=0
[4][NativeLibrary] Timezone=60

[4][NativeLibrary] SummerTime=0

[4][NativeLibrary] Timezone=60

[4][NativeLibrary] SummerTime=0

[4][NativeLibrary] Timezone=60

[4][NativeLibrary] SummerTime=0

[4][NativeLibrary] Timezone=60

[4][NativeLibrary] SummerTime=0

[4][NativeLibrary] Timezone=60

[4][NativeLibrary] SummerTime=0

[4][NativeLibrary] Timezone=60

[4][NativeLibrary] SummerTime=0

[4][NativeLibrary] Timezone=60

[4][NativeLibrary] SummerTime=0

[4][NativeLibrary] Timezone=60

[4][NativeLibrary] SummerTime=0

[4][NativeLibrary] Timezone=60

[4][NativeLibrary] SummerTime=0

[4][NativeLibrary] Timezone=60

[4][NativeLibrary] SummerTime=0

[4][NativeLibrary] Timezone=60

[4][NativeLibrary] SummerTime=0

[4][NativeLibrary] Timezone=60

[4][NativeLibrary] SummerTime=0

[4][NativeLibrary] Timezone=60

[4][NativeLibrary] SummerTime=0

[4][NativeLibrary] Timezone=60

[4][NativeLibrary] SummerTime=0

[4][NativeLibrary] Timezone=60

[4][NativeLibrary] SummerTime=0

[4][NativeLibrary] Timezone=60

[4][NativeLibrary] SummerTime=0

[4][NativeLibrary] Timezone=60

[4][NativeLibrary] SummerTime=0

[4][NativeLibrary] Timezone=60

[4][NativeLibrary] SummerTime=0

[4][NativeLibrary] Timezone=60

[4][NativeLibrary] SummerTime=0

[4][NativeLibrary] Timezone=60

[4][NativeLibrary] SummerTime=0

[4][NativeLibrary] Timezone=60

[4][NativeLibrary] SummerTime=0

[4][NativeLibrary] Timezone=60

[4][NativeLibrary] SummerTime=0

[4][NativeLibrary] Timezone=60

[4][NativeLibrary] SummerTime=0

[4][NativeLibrary] Timezone=60

[4][NativeLibrary] SummerTime=0

[4][NativeLibrary] Timezone=60

[4][NativeLibrary] SummerTime=0

[4][NativeLibrary] Timezone=60

[4][NativeLibrary] SummerTime=0

[4][NativeLibrary] Timezone=60

[4][NativeLibrary] SummerTime=0

[4][NativeLibrary] Timezone=60

[4][NativeLibrary] SummerTime=0

[4][NativeLibrary] Timezone=60

[4][NativeLibrary] SummerTime=0

[4][NativeLibrary] Timezone=60

[4][NativeLibrary] SummerTime=0

[4][NativeLibrary] Timezone=60

[4][NativeLibrary] SummerTime=0

[4][NativeLibrary] Timezone=60

[4][NativeLibrary] SummerTime=0

[4][NativeLibrary] Timezone=60

[4][NativeLibrary] SummerTime=0

[4][NativeLibrary] Timezone=60

[4][NativeLibrary] SummerTime=0

[VK] FPS 33.2 | 30.09 ms/frame | min 27.26 max 32.82 ms | 34 framu | lsfg=0
[4][NativeLibrary] Timezone=60

[4][NativeLibrary] SummerTime=0

[4][NativeLibrary] Timezone=60

[4][NativeLibrary] SummerTime=0

[4][NativeLibrary] Timezone=60

[4][NativeLibrary] SummerTime=0

[4][NativeLibrary] Timezone=60

[4][NativeLibrary] SummerTime=0

[4][NativeLibrary] Timezone=60

[4][NativeLibrary] SummerTime=0

[4][NativeLibrary] Timezone=60

[4][NativeLibrary] SummerTime=0

[4][NativeLibrary] Timezone=60

[4][NativeLibrary] SummerTime=0

[4][NativeLibrary] Timezone=60

[4][NativeLibrary] SummerTime=0

[4][NativeLibrary] Timezone=60

[4][NativeLibrary] SummerTime=0

[4][NativeLibrary] Timezone=60

[4][NativeLibrary] SummerTime=0

[4][NativeLibrary] Timezone=60

[4][NativeLibrary] SummerTime=0

[4][NativeLibrary] Timezone=60

[4][NativeLibrary] SummerTime=0

[4][NativeLibrary] Timezone=60

[4][NativeLibrary] SummerTime=0

[4][NativeLibrary] Timezone=60

[4][NativeLibrary] SummerTime=0

[4][NativeLibrary] Timezone=60

[4][NativeLibrary] SummerTime=0

[4][NativeLibrary] Timezone=60

[4][NativeLibrary] SummerTime=0

[4][NativeLibrary] Timezone=60

[4][NativeLibrary] SummerTime=0

[4][NativeLibrary] Timezone=60

[4][NativeLibrary] SummerTime=0

[4][NativeLibrary] Timezone=60

[4][NativeLibrary] SummerTime=0

[4][NativeLibrary] Timezone=60

[4][NativeLibrary] SummerTime=0

[4][NativeLibrary] Timezone=60

[4][NativeLibrary] SummerTime=0

[4][NativeLibrary] Timezone=60

[4][NativeLibrary] SummerTime=0

[4][NativeLibrary] Timezone=60

[4][NativeLibrary] SummerTime=0

[4][NativeLibrary] Timezone=60

[4][NativeLibrary] SummerTime=0

[4][NativeLibrary] Timezone=60

[4][NativeLibrary] SummerTime=0

[4][NativeLibrary] Timezone=60

[4][NativeLibrary] SummerTime=0

[4][NativeLibrary] Timezone=60

[4][NativeLibrary] SummerTime=0

[4][NativeLibrary] Timezone=60

[4][NativeLibrary] SummerTime=0

[4][NativeLibrary] Timezone=60

[4][NativeLibrary] SummerTime=0

[4][NativeLibrary] Timezone=60

[4][NativeLibrary] SummerTime=0

[VK] FPS 29.8 | 33.50 ms/frame | min 16.93 max 57.01 ms | 30 framu | lsfg=0
[4][NativeLibrary] Timezone=60

[4][NativeLibrary] SummerTime=0

[4][NativeLibrary] Timezone=60

[4][NativeLibrary] SummerTime=0

[4][NativeLibrary] Timezone=60

[4][NativeLibrary] SummerTime=0

[4][NativeLibrary] Timezone=60

[4][NativeLibrary] SummerTime=0

[4][NativeLibrary] Timezone=60

[4][NativeLibrary] SummerTime=0

[4][NativeLibrary] Timezone=60

[4][NativeLibrary] SummerTime=0

[4][NativeLibrary] Timezone=60

[4][NativeLibrary] SummerTime=0

[4][NativeLibrary] Timezone=60

[4][NativeLibrary] SummerTime=0

[4][NativeLibrary] Timezone=60

[4][NativeLibrary] SummerTime=0

[4][NativeLibrary] Timezone=60

[4][NativeLibrary] SummerTime=0

[4][NativeLibrary] Timezone=60

[4][NativeLibrary] SummerTime=0

[4][NativeLibrary] Timezone=60

[4][NativeLibrary] SummerTime=0

[4][NativeLibrary] Timezone=60

[4][NativeLibrary] SummerTime=0

[4][NativeLibrary] Timezone=60

[4][NativeLibrary] SummerTime=0

[4][NativeLibrary] Timezone=60

[4][NativeLibrary] SummerTime=0

[4][NativeLibrary] Timezone=60

[4][NativeLibrary] SummerTime=0

[4][NativeLibrary] Timezone=60

[4][NativeLibrary] SummerTime=0

[4][NativeLibrary] Timezone=60

[4][NativeLibrary] SummerTime=0

[4][NativeLibrary] Timezone=60

[4][NativeLibrary] SummerTime=0

[4][NativeLibrary] Timezone=60

[4][NativeLibrary] SummerTime=0

[4][NativeLibrary] Timezone=60

[4][NativeLibrary] SummerTime=0

[4][NativeLibrary] Timezone=60

[4][NativeLibrary] SummerTime=0

[4][NativeLibrary] Timezone=60

[4][NativeLibrary] SummerTime=0

[4][NativeLibrary] Timezone=60

[4][NativeLibrary] SummerTime=0

[4][NativeLibrary] Timezone=60

[4][NativeLibrary] SummerTime=0

[4][NativeLibrary] Timezone=60

[4][NativeLibrary] SummerTime=0

[4][NativeLibrary] Timezone=60

[4][NativeLibrary] SummerTime=0

[4][NativeLibrary] Timezone=60

[4][NativeLibrary] SummerTime=0

[4][NativeLibrary] Timezone=60

[4][NativeLibrary] SummerTime=0

[4][NativeLibrary] Timezone=60

[4][NativeLibrary] SummerTime=0

[4][NativeLibrary] Timezone=60

[4][NativeLibrary] SummerTime=0

[4][NativeLibrary] Timezone=60

[4][NativeLibrary] SummerTime=0

[4][NativeLibrary] Timezone=60

[4][NativeLibrary] SummerTime=0

[VK] FPS 32.7 | 30.57 ms/frame | min 28.66 max 32.72 ms | 33 framu | lsfg=0
[4][NativeLibrary] Timezone=60

[4][NativeLibrary] SummerTime=0

[4][NativeLibrary] Timezone=60

[4][NativeLibrary] SummerTime=0

[4][NativeLibrary] Timezone=60

[4][NativeLibrary] SummerTime=0

[4][NativeLibrary] Timezone=60

[4][NativeLibrary] SummerTime=0

[4][NativeLibrary] Timezone=60

[4][NativeLibrary] SummerTime=0

[4][NativeLibrary] Timezone=60

[4][NativeLibrary] SummerTime=0

[4][NativeLibrary] Timezone=60

[4][NativeLibrary] SummerTime=0

[4][NativeLibrary] Timezone=60

[4][NativeLibrary] SummerTime=0

[4][NativeLibrary] Timezone=60

[4][NativeLibrary] SummerTime=0

[4][NativeLibrary] Timezone=60

[4][NativeLibrary] SummerTime=0

[4][NativeLibrary] Timezone=60

[4][NativeLibrary] SummerTime=0

[4][NativeLibrary] Timezone=60

[4][NativeLibrary] SummerTime=0

[4][NativeLibrary] Timezone=60

[4][NativeLibrary] SummerTime=0

[4][NativeLibrary] Timezone=60

[4][NativeLibrary] SummerTime=0

[4][NativeLibrary] Timezone=60

[4][NativeLibrary] SummerTime=0

[4][NativeLibrary] Timezone=60

[4][NativeLibrary] SummerTime=0

[4][NativeLibrary] Timezone=60

[4][NativeLibrary] SummerTime=0

[4][NativeLibrary] Timezone=60

[4][NativeLibrary] SummerTime=0

[4][NativeLibrary] Timezone=60

[4][NativeLibrary] SummerTime=0

[4][NativeLibrary] Timezone=60

[4][NativeLibrary] SummerTime=0

[4][NativeLibrary] Timezone=60

[4][NativeLibrary] SummerTime=0

[4][NativeLibrary] Timezone=60

[4][NativeLibrary] SummerTime=0

[4][NativeLibrary] Timezone=60

[4][NativeLibrary] SummerTime=0

[4][NativeLibrary] Timezone=60

[4][NativeLibrary] SummerTime=0

[4][NativeLibrary] Timezone=60

[4][NativeLibrary] SummerTime=0

[4][NativeLibrary] Timezone=60

[4][NativeLibrary] SummerTime=0

[4][NativeLibrary] Timezone=60

[4][NativeLibrary] SummerTime=0

[4][NativeLibrary] Timezone=60

[4][NativeLibrary] SummerTime=0

[4][NativeLibrary] Timezone=60

[4][NativeLibrary] SummerTime=0

[4][NativeLibrary] Timezone=60

[4][NativeLibrary] SummerTime=0

[4][NativeLibrary] Timezone=60

[4][NativeLibrary] SummerTime=0

[4][NativeLibrary] Timezone=60

[4][NativeLibrary] SummerTime=0

[4][NativeLibrary] Timezone=60

[4][NativeLibrary] SummerTime=0

[4][NativeLibrary] Timezone=60

[4][NativeLibrary] SummerTime=0

[VK] FPS 33.2 | 30.10 ms/frame | min 28.79 max 32.18 ms | 34 framu | lsfg=0
[4][NativeLibrary] Timezone=60

[4][NativeLibrary] SummerTime=0

[4][NativeLibrary] Timezone=60

[4][NativeLibrary] SummerTime=0

[4][NativeLibrary] Timezone=60

[4][NativeLibrary] SummerTime=0

[4][NativeLibrary] Timezone=60

[4][NativeLibrary] SummerTime=0

[4][NativeLibrary] Timezone=60

[4][NativeLibrary] SummerTime=0

[4][NativeLibrary] Timezone=60

[4][NativeLibrary] SummerTime=0

[4][NativeLibrary] Timezone=60

[4][NativeLibrary] SummerTime=0

[4][NativeLibrary] Timezone=60

[4][NativeLibrary] SummerTime=0

[4][NativeLibrary] Timezone=60

[4][NativeLibrary] SummerTime=0

[4][NativeLibrary] Timezone=60

[4][NativeLibrary] SummerTime=0

[4][NativeLibrary] Timezone=60

[4][NativeLibrary] SummerTime=0

[4][NativeLibrary] Timezone=60

[4][NativeLibrary] SummerTime=0

[4][NativeLibrary] Timezone=60

[4][NativeLibrary] SummerTime=0

[4][NativeLibrary] Timezone=60

[4][NativeLibrary] SummerTime=0

[4][NativeLibrary] Timezone=60

[4][NativeLibrary] SummerTime=0

[4][NativeLibrary] Timezone=60

[4][NativeLibrary] SummerTime=0

[4][NativeLibrary] Timezone=60

[4][NativeLibrary] SummerTime=0

[4][NativeLibrary] Timezone=60

[4][NativeLibrary] SummerTime=0

[4][NativeLibrary] Timezone=60

[4][NativeLibrary] SummerTime=0

[4][NativeLibrary] Timezone=60

[4][NativeLibrary] SummerTime=0

[4][NativeLibrary] Timezone=60

[4][NativeLibrary] SummerTime=0

[4][NativeLibrary] Timezone=60

[4][NativeLibrary] SummerTime=0

[4][NativeLibrary] Timezone=60

[4][NativeLibrary] SummerTime=0

[4][NativeLibrary] Timezone=60

[4][NativeLibrary] SummerTime=0

[4][NativeLibrary] Timezone=60

[4][NativeLibrary] SummerTime=0

[4][NativeLibrary] Timezone=60

[4][NativeLibrary] SummerTime=0

[4][NativeLibrary] Timezone=60

[4][NativeLibrary] SummerTime=0

[VK] FPS 26.1 | 38.26 ms/frame | min 19.49 max 249.43 ms | 27 framu | lsfg=0
[4][NativeLibrary] Timezone=60

[4][NativeLibrary] SummerTime=0

[4][NativeLibrary] Timezone=60

[4][NativeLibrary] SummerTime=0

[4][NativeLibrary] Timezone=60

[4][NativeLibrary] SummerTime=0

[4][NativeLibrary] Timezone=60

[4][NativeLibrary] SummerTime=0

[4][NativeLibrary] Timezone=60

[4][NativeLibrary] SummerTime=0

[4][NativeLibrary] Timezone=60

[4][NativeLibrary] SummerTime=0

[4][NativeLibrary] Timezone=60

[4][NativeLibrary] SummerTime=0

[4][NativeLibrary] Timezone=60

[4][NativeLibrary] SummerTime=0

[4][NativeLibrary] Timezone=60

[4][NativeLibrary] SummerTime=0

[4][NativeLibrary] Timezone=60

[4][NativeLibrary] SummerTime=0

[4][NativeLibrary] Timezone=60

[4][NativeLibrary] SummerTime=0

[4][NativeLibrary] Timezone=60

[4][NativeLibrary] SummerTime=0

[4][NativeLibrary] Timezone=60

[4][NativeLibrary] SummerTime=0

[4][NativeLibrary] Timezone=60

[4][NativeLibrary] SummerTime=0

[4][NativeLibrary] Timezone=60

[4][NativeLibrary] SummerTime=0

[4][NativeLibrary] Timezone=60

[4][NativeLibrary] SummerTime=0

[4][NativeLibrary] Timezone=60

[4][NativeLibrary] SummerTime=0

[4][NativeLibrary] Timezone=60

[4][NativeLibrary] SummerTime=0

[4][NativeLibrary] Timezone=60

[4][NativeLibrary] SummerTime=0

[4][NativeLibrary] Timezone=60

[4][NativeLibrary] SummerTime=0

[4][NativeLibrary] Timezone=60

[4][NativeLibrary] SummerTime=0

[4][NativeLibrary] Timezone=60

[4][NativeLibrary] SummerTime=0

[4][NativeLibrary] Timezone=60

[4][NativeLibrary] SummerTime=0

[4][NativeLibrary] Timezone=60

[4][NativeLibrary] SummerTime=0

[4][NativeLibrary] Timezone=60

[4][NativeLibrary] SummerTime=0

[4][NativeLibrary] Timezone=60

[4][NativeLibrary] SummerTime=0

[4][NativeLibrary] Timezone=60

[4][NativeLibrary] SummerTime=0

[4][NativeLibrary] Timezone=60

[4][NativeLibrary] SummerTime=0

[4][NativeLibrary] Timezone=60

[4][NativeLibrary] SummerTime=0

[4][NativeLibrary] Timezone=60

[4][NativeLibrary] SummerTime=0

[4][NativeLibrary] Timezone=60

[4][NativeLibrary] SummerTime=0

[VK] FPS 30.6 | 32.70 ms/frame | min 30.33 max 42.09 ms | 31 framu | lsfg=0
[4][NativeLibrary] Timezone=60

[4][NativeLibrary] SummerTime=0

[4][NativeLibrary] Timezone=60

[4][NativeLibrary] SummerTime=0

[4][NativeLibrary] Timezone=60

[4][NativeLibrary] SummerTime=0

[4][NativeLibrary] Timezone=60

[4][NativeLibrary] SummerTime=0

[4][NativeLibrary] Timezone=60

[4][NativeLibrary] SummerTime=0

[4][NativeLibrary] Timezone=60

[4][NativeLibrary] SummerTime=0

[4][NativeLibrary] Timezone=60

[4][NativeLibrary] SummerTime=0

[4][NativeLibrary] Timezone=60

[4][NativeLibrary] SummerTime=0

[4][NativeLibrary] Timezone=60

[4][NativeLibrary] SummerTime=0

[4][NativeLibrary] Timezone=60

[4][NativeLibrary] SummerTime=0

[4][NativeLibrary] Timezone=60

[4][NativeLibrary] SummerTime=0

[4][NativeLibrary] Timezone=60

[4][NativeLibrary] SummerTime=0

[4][NativeLibrary] Timezone=60

[4][NativeLibrary] SummerTime=0

[4][NativeLibrary] Timezone=60

[4][NativeLibrary] SummerTime=0

[4][NativeLibrary] Timezone=60

[4][NativeLibrary] SummerTime=0

[4][NativeLibrary] Timezone=60

[4][NativeLibrary] SummerTime=0

[4][NativeLibrary] Timezone=60

[4][NativeLibrary] SummerTime=0

[4][NativeLibrary] Timezone=60

[4][NativeLibrary] SummerTime=0

[4][NativeLibrary] Timezone=60

[4][NativeLibrary] SummerTime=0

[4][NativeLibrary] Timezone=60

[4][NativeLibrary] SummerTime=0

[4][NativeLibrary] Timezone=60

[4][NativeLibrary] SummerTime=0

[4][NativeLibrary] Timezone=60

[4][NativeLibrary] SummerTime=0

[4][NativeLibrary] Timezone=60

[4][NativeLibrary] SummerTime=0

[4][NativeLibrary] Timezone=60

[4][NativeLibrary] SummerTime=0

[4][NativeLibrary] Timezone=60

[4][NativeLibrary] SummerTime=0

[4][NativeLibrary] Timezone=60

[4][NativeLibrary] SummerTime=0

[4][NativeLibrary] Timezone=60

[4][NativeLibrary] SummerTime=0

[4][NativeLibrary] Timezone=60

[4][NativeLibrary] SummerTime=0

[4][NativeLibrary] Timezone=60

[4][NativeLibrary] SummerTime=0

[4][NativeLibrary] Timezone=60

[4][NativeLibrary] SummerTime=0

[VK] FPS 29.6 | 33.82 ms/frame | min 30.04 max 42.24 ms | 30 framu | lsfg=0
[4][NativeLibrary] Timezone=60

[4][NativeLibrary] SummerTime=0

[4][NativeLibrary] Timezone=60

[4][NativeLibrary] SummerTime=0

[4][NativeLibrary] Timezone=60

[4][NativeLibrary] SummerTime=0

[4][NativeLibrary] Timezone=60

[4][NativeLibrary] SummerTime=0

[4][NativeLibrary] Timezone=60

[4][NativeLibrary] SummerTime=0

[4][NativeLibrary] Timezone=60

[4][NativeLibrary] SummerTime=0

[4][NativeLibrary] Timezone=60

[4][NativeLibrary] SummerTime=0

[4][NativeLibrary] Timezone=60

[4][NativeLibrary] SummerTime=0

[4][NativeLibrary] Timezone=60

[4][NativeLibrary] SummerTime=0

[4][NativeLibrary] Timezone=60

[4][NativeLibrary] SummerTime=0

[4][NativeLibrary] Timezone=60

[4][NativeLibrary] SummerTime=0

[4][NativeLibrary] Timezone=60

[4][NativeLibrary] SummerTime=0

[4][NativeLibrary] Timezone=60

[4][NativeLibrary] SummerTime=0

[4][NativeLibrary] Timezone=60

[4][NativeLibrary] SummerTime=0

[4][NativeLibrary] Timezone=60

[4][NativeLibrary] SummerTime=0

[4][NativeLibrary] Timezone=60

[4][NativeLibrary] SummerTime=0

[4][NativeLibrary] Timezone=60

[4][NativeLibrary] SummerTime=0

[4][NativeLibrary] Timezone=60

[4][NativeLibrary] SummerTime=0

[4][NativeLibrary] Timezone=60

[4][NativeLibrary] SummerTime=0

[4][NativeLibrary] Timezone=60

[4][NativeLibrary] SummerTime=0

[4][NativeLibrary] Timezone=60

[4][NativeLibrary] SummerTime=0

[4][NativeLibrary] Timezone=60

[4][NativeLibrary] SummerTime=0

[4][NativeLibrary] Timezone=60

[4][NativeLibrary] SummerTime=0

[4][NativeLibrary] Timezone=60

[4][NativeLibrary] SummerTime=0

[4][NativeLibrary] Timezone=60

[4][NativeLibrary] SummerTime=0

[4][NativeLibrary] Timezone=60

[4][NativeLibrary] SummerTime=0

[4][NativeLibrary] Timezone=60

[4][NativeLibrary] SummerTime=0

[4][NativeLibrary] Timezone=60

[4][NativeLibrary] SummerTime=0

[4][NativeLibrary] Timezone=60

[4][NativeLibrary] SummerTime=0

[4][NativeLibrary] Timezone=60

[4][NativeLibrary] SummerTime=0

[VK] FPS 29.2 | 34.22 ms/frame | min 33.00 max 37.37 ms | 30 framu | lsfg=0
[4][NativeLibrary] Timezone=60

[4][NativeLibrary] SummerTime=0

[4][NativeLibrary] Timezone=60

[4][NativeLibrary] SummerTime=0

[4][NativeLibrary] Timezone=60

[4][NativeLibrary] SummerTime=0

[4][NativeLibrary] Timezone=60

[4][NativeLibrary] SummerTime=0

[4][NativeLibrary] Timezone=60

[4][NativeLibrary] SummerTime=0

[4][NativeLibrary] Timezone=60

[4][NativeLibrary] SummerTime=0

[4][NativeLibrary] Timezone=60

[4][NativeLibrary] SummerTime=0

[4][NativeLibrary] Timezone=60

[4][NativeLibrary] SummerTime=0

[4][NativeLibrary] Timezone=60

[4][NativeLibrary] SummerTime=0

[4][NativeLibrary] Timezone=60

[4][NativeLibrary] SummerTime=0

[4][NativeLibrary] Timezone=60

[4][NativeLibrary] SummerTime=0

[4][NativeLibrary] Timezone=60

[4][NativeLibrary] SummerTime=0

[4][NativeLibrary] Timezone=60

[4][NativeLibrary] SummerTime=0

[4][NativeLibrary] Timezone=60

[4][NativeLibrary] SummerTime=0

[4][NativeLibrary] Timezone=60

[4][NativeLibrary] SummerTime=0

[4][NativeLibrary] Timezone=60

[4][NativeLibrary] SummerTime=0

[4][NativeLibrary] Timezone=60

[4][NativeLibrary] SummerTime=0

[4][NativeLibrary] Timezone=60

[4][NativeLibrary] SummerTime=0

[4][NativeLibrary] Timezone=60

[4][NativeLibrary] SummerTime=0

[4][NativeLibrary] Timezone=60

[4][NativeLibrary] SummerTime=0

[4][NativeLibrary] Timezone=60

[4][NativeLibrary] SummerTime=0

[4][NativeLibrary] Timezone=60

[4][NativeLibrary] SummerTime=0

[4][NativeLibrary] Timezone=60

[4][NativeLibrary] SummerTime=0

[4][NativeLibrary] Timezone=60

[4][NativeLibrary] SummerTime=0

[4][NativeLibrary] Timezone=60

[4][NativeLibrary] SummerTime=0

[4][NativeLibrary] Timezone=60

[4][NativeLibrary] SummerTime=0

[4][NativeLibrary] Timezone=60

[4][NativeLibrary] SummerTime=0

[4][NativeLibrary] Timezone=60

[4][NativeLibrary] SummerTime=0

[4][NativeLibrary] Timezone=60

[4][NativeLibrary] SummerTime=0

[4][NativeLibrary] Timezone=60

[4][NativeLibrary] SummerTime=0

[4][NativeLibrary] Timezone=60

[4][NativeLibrary] SummerTime=0

[VK] FPS 30.2 | 33.12 ms/frame | min 30.23 max 34.82 ms | 31 framu | lsfg=0
[4][NativeLibrary] Timezone=60

[4][NativeLibrary] SummerTime=0

[4][NativeLibrary] Timezone=60

[4][NativeLibrary] SummerTime=0

[4][NativeLibrary] Timezone=60

[4][NativeLibrary] SummerTime=0

[4][NativeLibrary] Timezone=60

[4][NativeLibrary] SummerTime=0

[4][NativeLibrary] Timezone=60

[4][NativeLibrary] SummerTime=0

[4][NativeLibrary] Timezone=60

[4][NativeLibrary] SummerTime=0

[4][NativeLibrary] Timezone=60

[4][NativeLibrary] SummerTime=0

[4][NativeLibrary] Timezone=60

[4][NativeLibrary] SummerTime=0

[4][NativeLibrary] Timezone=60

[4][NativeLibrary] SummerTime=0

[4][NativeLibrary] Timezone=60

[4][NativeLibrary] SummerTime=0

[4][NativeLibrary] Timezone=60

[4][NativeLibrary] SummerTime=0

[4][NativeLibrary] Timezone=60

[4][NativeLibrary] SummerTime=0

[4][NativeLibrary] Timezone=60

[4][NativeLibrary] SummerTime=0

[4][NativeLibrary] Timezone=60

[4][NativeLibrary] SummerTime=0

[4][NativeLibrary] Timezone=60

[4][NativeLibrary] SummerTime=0

[4][NativeLibrary] Timezone=60

[4][NativeLibrary] SummerTime=0

[4][NativeLibrary] Timezone=60

[4][NativeLibrary] SummerTime=0

[4][NativeLibrary] Timezone=60

[4][NativeLibrary] SummerTime=0

[4][NativeLibrary] Timezone=60

[4][NativeLibrary] SummerTime=0

[4][NativeLibrary] Timezone=60

[4][NativeLibrary] SummerTime=0

[4][NativeLibrary] Timezone=60

[4][NativeLibrary] SummerTime=0

[4][NativeLibrary] Timezone=60

[4][NativeLibrary] SummerTime=0

[4][NativeLibrary] Timezone=60

[4][NativeLibrary] SummerTime=0

[4][NativeLibrary] Timezone=60

[4][NativeLibrary] SummerTime=0

[4][NativeLibrary] Timezone=60

[4][NativeLibrary] SummerTime=0

[4][NativeLibrary] Timezone=60

[4][NativeLibrary] SummerTime=0

[4][NativeLibrary] Timezone=60

[4][NativeLibrary] SummerTime=0

[4][NativeLibrary] Timezone=60

[4][NativeLibrary] SummerTime=0

[4][NativeLibrary] Timezone=60

[4][NativeLibrary] SummerTime=0

[4][NativeLibrary] Timezone=60

[4][NativeLibrary] SummerTime=0

[VK] FPS 29.2 | 34.30 ms/frame | min 33.01 max 37.18 ms | 30 framu | lsfg=0
[4][NativeLibrary] Timezone=60

[4][NativeLibrary] SummerTime=0

[4][NativeLibrary] Timezone=60

[4][NativeLibrary] SummerTime=0

[4][NativeLibrary] Timezone=60

[4][NativeLibrary] SummerTime=0

[4][NativeLibrary] Timezone=60

[4][NativeLibrary] SummerTime=0

[4][NativeLibrary] Timezone=60

[4][NativeLibrary] SummerTime=0

[4][NativeLibrary] Timezone=60

[4][NativeLibrary] SummerTime=0

[4][NativeLibrary] Timezone=60

[4][NativeLibrary] SummerTime=0

[4][NativeLibrary] Timezone=60

[4][NativeLibrary] SummerTime=0

[4][NativeLibrary] Timezone=60

[4][NativeLibrary] SummerTime=0

[4][NativeLibrary] Timezone=60

[4][NativeLibrary] SummerTime=0

[4][NativeLibrary] Timezone=60

[4][NativeLibrary] SummerTime=0

[4][NativeLibrary] Timezone=60

[4][NativeLibrary] SummerTime=0

[4][NativeLibrary] Timezone=60

[4][NativeLibrary] SummerTime=0

[4][NativeLibrary] Timezone=60

[4][NativeLibrary] SummerTime=0

[4][NativeLibrary] Timezone=60

[4][NativeLibrary] SummerTime=0

[4][NativeLibrary] Timezone=60

[4][NativeLibrary] SummerTime=0

[4][NativeLibrary] Timezone=60

[4][NativeLibrary] SummerTime=0

[4][NativeLibrary] Timezone=60

[4][NativeLibrary] SummerTime=0

[4][NativeLibrary] Timezone=60

[4][NativeLibrary] SummerTime=0

[4][NativeLibrary] Timezone=60

[4][NativeLibrary] SummerTime=0

[4][NativeLibrary] Timezone=60

[4][NativeLibrary] SummerTime=0

[4][NativeLibrary] Timezone=60

[4][NativeLibrary] SummerTime=0

[4][NativeLibrary] Timezone=60

[4][NativeLibrary] SummerTime=0

[4][NativeLibrary] Timezone=60

[4][NativeLibrary] SummerTime=0

[4][NativeLibrary] Timezone=60

[4][NativeLibrary] SummerTime=0

[4][NativeLibrary] Timezone=60

[4][NativeLibrary] SummerTime=0

[4][NativeLibrary] Timezone=60

[4][NativeLibrary] SummerTime=0

[4][NativeLibrary] Timezone=60

[4][NativeLibrary] SummerTime=0

[VK] FPS 27.8 | 35.99 ms/frame | min 22.88 max 145.85 ms | 28 framu | lsfg=0
[4][NativeLibrary] Timezone=60

[4][NativeLibrary] SummerTime=0

[4][NativeLibrary] Timezone=60

[4][NativeLibrary] SummerTime=0

[4][NativeLibrary] Timezone=60

[4][NativeLibrary] SummerTime=0

[4][NativeLibrary] Timezone=60

[4][NativeLibrary] SummerTime=0

[4][NativeLibrary] Timezone=60

[4][NativeLibrary] SummerTime=0

[4][NativeLibrary] Timezone=60

[4][NativeLibrary] SummerTime=0

[4][NativeLibrary] Timezone=60

[4][NativeLibrary] SummerTime=0

[4][NativeLibrary] Timezone=60

[4][NativeLibrary] SummerTime=0

[4][NativeLibrary] Timezone=60

[4][NativeLibrary] SummerTime=0

[4][NativeLibrary] Timezone=60

[4][NativeLibrary] SummerTime=0

[4][NativeLibrary] Timezone=60

[4][NativeLibrary] SummerTime=0

[4][NativeLibrary] Timezone=60

[4][NativeLibrary] SummerTime=0

[4][NativeLibrary] Timezone=60

[4][NativeLibrary] SummerTime=0

[4][NativeLibrary] Timezone=60

[4][NativeLibrary] SummerTime=0

[4][NativeLibrary] Timezone=60

[4][NativeLibrary] SummerTime=0

[4][NativeLibrary] Timezone=60

[4][NativeLibrary] SummerTime=0

[4][NativeLibrary] Timezone=60

[4][NativeLibrary] SummerTime=0

[4][NativeLibrary] Timezone=60

[4][NativeLibrary] SummerTime=0

[4][NativeLibrary] Timezone=60

[4][NativeLibrary] SummerTime=0

[4][NativeLibrary] Timezone=60

[4][NativeLibrary] SummerTime=0

[4][NativeLibrary] Timezone=60

[4][NativeLibrary] SummerTime=0

[4][NativeLibrary] Timezone=60

[4][NativeLibrary] SummerTime=0

[4][NativeLibrary] Timezone=60

[4][NativeLibrary] SummerTime=0

[4][NativeLibrary] Timezone=60

[4][NativeLibrary] SummerTime=0

[4][NativeLibrary] Timezone=60

[4][NativeLibrary] SummerTime=0

[4][NativeLibrary] Timezone=60

[4][NativeLibrary] SummerTime=0

[4][NativeLibrary] Timezone=60

[4][NativeLibrary] SummerTime=0

[4][NativeLibrary] Timezone=60

[4][NativeLibrary] SummerTime=0

[4][NativeLibrary] Timezone=60

[4][NativeLibrary] SummerTime=0

[4][NativeLibrary] Timezone=60

[4][NativeLibrary] SummerTime=0

[4][NativeLibrary] Timezone=60

[4][NativeLibrary] SummerTime=0

[VK] FPS 30.5 | 32.81 ms/frame | min 31.10 max 35.05 ms | 31 framu | lsfg=0
[4][NativeLibrary] Timezone=60

[4][NativeLibrary] SummerTime=0

[4][NativeLibrary] Timezone=60

[4][NativeLibrary] SummerTime=0

[4][NativeLibrary] Timezone=60

[4][NativeLibrary] SummerTime=0

[4][NativeLibrary] Timezone=60

[4][NativeLibrary] SummerTime=0

[4][NativeLibrary] Timezone=60

[4][NativeLibrary] SummerTime=0

[4][NativeLibrary] Timezone=60

[4][NativeLibrary] SummerTime=0

[4][NativeLibrary] Timezone=60

[4][NativeLibrary] SummerTime=0

[4][NativeLibrary] Timezone=60

[4][NativeLibrary] SummerTime=0

[4][NativeLibrary] Timezone=60

[4][NativeLibrary] SummerTime=0

[4][NativeLibrary] Timezone=60

[4][NativeLibrary] SummerTime=0

[4][NativeLibrary] Timezone=60

[4][NativeLibrary] SummerTime=0

[4][NativeLibrary] Timezone=60

[4][NativeLibrary] SummerTime=0

[4][NativeLibrary] Timezone=60

[4][NativeLibrary] SummerTime=0

[4][NativeLibrary] Timezone=60

[4][NativeLibrary] SummerTime=0

[4][NativeLibrary] Timezone=60

[4][NativeLibrary] SummerTime=0

[4][NativeLibrary] Timezone=60

[4][NativeLibrary] SummerTime=0

[4][NativeLibrary] Timezone=60

[4][NativeLibrary] SummerTime=0

[4][NativeLibrary] Timezone=60

[4][NativeLibrary] SummerTime=0

[4][NativeLibrary] Timezone=60

[4][NativeLibrary] SummerTime=0

[4][NativeLibrary] Timezone=60

[4][NativeLibrary] SummerTime=0

[4][NativeLibrary] Timezone=60

[4][NativeLibrary] SummerTime=0

[4][NativeLibrary] Timezone=60

[4][NativeLibrary] SummerTime=0

[4][NativeLibrary] Timezone=60

[4][NativeLibrary] SummerTime=0

[4][NativeLibrary] Timezone=60

[4][NativeLibrary] SummerTime=0

[4][NativeLibrary] Timezone=60

[4][NativeLibrary] SummerTime=0

[4][NativeLibrary] Timezone=60

[4][NativeLibrary] SummerTime=0

[4][NativeLibrary] Timezone=60

[4][NativeLibrary] SummerTime=0

[4][NativeLibrary] Timezone=60

[4][NativeLibrary] SummerTime=0

[4][NativeLibrary] Timezone=60

[4][NativeLibrary] SummerTime=0

[4][NativeLibrary] Timezone=60

[4][NativeLibrary] SummerTime=0

[4][NativeLibrary] Timezone=60

[4][NativeLibrary] SummerTime=0

[VK] FPS 30.2 | 33.16 ms/frame | min 24.80 max 65.69 ms | 31 framu | lsfg=0
[4][NativeLibrary] Timezone=60

[4][NativeLibrary] SummerTime=0

[4][NativeLibrary] Timezone=60

[4][NativeLibrary] SummerTime=0

[4][NativeLibrary] Timezone=60

[4][NativeLibrary] SummerTime=0

[4][NativeLibrary] Timezone=60

[4][NativeLibrary] SummerTime=0

[4][NativeLibrary] Timezone=60

[4][NativeLibrary] SummerTime=0

[4][NativeLibrary] Timezone=60

[4][NativeLibrary] SummerTime=0

[4][NativeLibrary] Timezone=60

[4][NativeLibrary] SummerTime=0

[4][NativeLibrary] Timezone=60

[4][NativeLibrary] SummerTime=0

[4][NativeLibrary] Timezone=60

[4][NativeLibrary] SummerTime=0

[4][NativeLibrary] Timezone=60

[4][NativeLibrary] SummerTime=0

[4][NativeLibrary] Timezone=60

[4][NativeLibrary] SummerTime=0

[4][NativeLibrary] Timezone=60

[4][NativeLibrary] SummerTime=0

[4][NativeLibrary] Timezone=60

[4][NativeLibrary] SummerTime=0

[4][NativeLibrary] Timezone=60

[4][NativeLibrary] SummerTime=0

[4][NativeLibrary] Timezone=60

[4][NativeLibrary] SummerTime=0

[4][NativeLibrary] Timezone=60

[4][NativeLibrary] SummerTime=0

[4][NativeLibrary] Timezone=60

[4][NativeLibrary] SummerTime=0

[4][NativeLibrary] Timezone=60

[4][NativeLibrary] SummerTime=0

[4][NativeLibrary] Timezone=60

[4][NativeLibrary] SummerTime=0

[4][NativeLibrary] Timezone=60

[4][NativeLibrary] SummerTime=0

[4][NativeLibrary] Timezone=60

[4][NativeLibrary] SummerTime=0

[4][NativeLibrary] Timezone=60

[4][NativeLibrary] SummerTime=0

[4][NativeLibrary] Timezone=60

[4][NativeLibrary] SummerTime=0

[4][NativeLibrary] Timezone=60

[4][NativeLibrary] SummerTime=0

[4][NativeLibrary] Timezone=60

[4][NativeLibrary] SummerTime=0

[4][NativeLibrary] Timezone=60

[4][NativeLibrary] SummerTime=0

[4][NativeLibrary] Timezone=60

[4][NativeLibrary] SummerTime=0

[4][NativeLibrary] Timezone=60

[4][NativeLibrary] SummerTime=0

[4][NativeLibrary] Timezone=60

[4][NativeLibrary] SummerTime=0

[4][NativeLibrary] Timezone=60

[4][NativeLibrary] SummerTime=0

[4][NativeLibrary] Timezone=60

[4][NativeLibrary] SummerTime=0

[4][NativeLibrary] Timezone=60

[4][NativeLibrary] SummerTime=0

[VK] FPS 31.2 | 32.02 ms/frame | min 31.15 max 34.16 ms | 32 framu | lsfg=0
[4][NativeLibrary] Timezone=60

[4][NativeLibrary] SummerTime=0

[4][NativeLibrary] Timezone=60

[4][NativeLibrary] SummerTime=0

[4][NativeLibrary] Timezone=60

[4][NativeLibrary] SummerTime=0

[4][NativeLibrary] Timezone=60

[4][NativeLibrary] SummerTime=0

[4][NativeLibrary] Timezone=60

[4][NativeLibrary] SummerTime=0

[4][NativeLibrary] Timezone=60

[4][NativeLibrary] SummerTime=0

[4][NativeLibrary] Timezone=60

[4][NativeLibrary] SummerTime=0

[4][NativeLibrary] Timezone=60

[4][NativeLibrary] SummerTime=0

[4][NativeLibrary] Timezone=60

[4][NativeLibrary] SummerTime=0

[4][NativeLibrary] Timezone=60

[4][NativeLibrary] SummerTime=0

[4][NativeLibrary] Timezone=60

[4][NativeLibrary] SummerTime=0

[4][NativeLibrary] Timezone=60

[4][NativeLibrary] SummerTime=0

[4][NativeLibrary] Timezone=60

[4][NativeLibrary] SummerTime=0

[4][NativeLibrary] Timezone=60

[4][NativeLibrary] SummerTime=0

[4][NativeLibrary] Timezone=60

[4][NativeLibrary] SummerTime=0

[4][NativeLibrary] Timezone=60

[4][NativeLibrary] SummerTime=0

[4][NativeLibrary] Timezone=60

[4][NativeLibrary] SummerTime=0

[4][NativeLibrary] Timezone=60

[4][NativeLibrary] SummerTime=0

[4][NativeLibrary] Timezone=60

[4][NativeLibrary] SummerTime=0

[4][NativeLibrary] Timezone=60

[4][NativeLibrary] SummerTime=0

[4][NativeLibrary] Timezone=60

[4][NativeLibrary] SummerTime=0

[4][NativeLibrary] Timezone=60

[4][NativeLibrary] SummerTime=0

[4][NativeLibrary] Timezone=60

[4][NativeLibrary] SummerTime=0

[4][NativeLibrary] Timezone=60

[4][NativeLibrary] SummerTime=0

[4][NativeLibrary] Timezone=60

[4][NativeLibrary] SummerTime=0

[4][NativeLibrary] Timezone=60

[4][NativeLibrary] SummerTime=0

[4][NativeLibrary] Timezone=60

[4][NativeLibrary] SummerTime=0

[4][NativeLibrary] Timezone=60

[4][NativeLibrary] SummerTime=0

[4][NativeLibrary] Timezone=60

[4][NativeLibrary] SummerTime=0

[4][NativeLibrary] Timezone=60

[4][NativeLibrary] SummerTime=0

[4][NativeLibrary] Timezone=60

[4][NativeLibrary] SummerTime=0

[4][NativeLibrary] Timezone=60

[4][NativeLibrary] SummerTime=0

[VK] FPS 32.0 | 31.29 ms/frame | min 28.89 max 33.83 ms | 32 framu | lsfg=0
[4][NativeLibrary] Timezone=60

[4][NativeLibrary] SummerTime=0

[4][NativeLibrary] Timezone=60

[4][NativeLibrary] SummerTime=0

[4][NativeLibrary] Timezone=60

[4][NativeLibrary] SummerTime=0

[4][NativeLibrary] Timezone=60

[4][NativeLibrary] SummerTime=0

[4][NativeLibrary] Timezone=60

[4][NativeLibrary] SummerTime=0

[4][NativeLibrary] Timezone=60

[4][NativeLibrary] SummerTime=0

[4][NativeLibrary] Timezone=60

[4][NativeLibrary] SummerTime=0

[4][NativeLibrary] Timezone=60

[4][NativeLibrary] SummerTime=0

[4][NativeLibrary] Timezone=60

[4][NativeLibrary] SummerTime=0

[4][NativeLibrary] Timezone=60

[4][NativeLibrary] SummerTime=0

[4][NativeLibrary] Timezone=60

[4][NativeLibrary] SummerTime=0

[4][NativeLibrary] Timezone=60

[4][NativeLibrary] SummerTime=0

[4][NativeLibrary] Timezone=60

[4][NativeLibrary] SummerTime=0

[4][NativeLibrary] Timezone=60

[4][NativeLibrary] SummerTime=0

[4][NativeLibrary] Timezone=60

[4][NativeLibrary] SummerTime=0

[4][NativeLibrary] Timezone=60

[4][NativeLibrary] SummerTime=0

[4][NativeLibrary] Timezone=60

[4][NativeLibrary] SummerTime=0

[4][NativeLibrary] Timezone=60

[4][NativeLibrary] SummerTime=0

[4][NativeLibrary] Timezone=60

[4][NativeLibrary] SummerTime=0

[4][NativeLibrary] Timezone=60

[4][NativeLibrary] SummerTime=0

[4][NativeLibrary] Timezone=60

[4][NativeLibrary] SummerTime=0

[4][NativeLibrary] Timezone=60

[4][NativeLibrary] SummerTime=0

[4][NativeLibrary] Timezone=60

[4][NativeLibrary] SummerTime=0

[4][NativeLibrary] Timezone=60

[4][NativeLibrary] SummerTime=0

[4][NativeLibrary] Timezone=60

[4][NativeLibrary] SummerTime=0

[4][NativeLibrary] Timezone=60

[4][NativeLibrary] SummerTime=0

[4][NativeLibrary] Timezone=60

[4][NativeLibrary] SummerTime=0

[4][NativeLibrary] Timezone=60

[4][NativeLibrary] SummerTime=0

[4][NativeLibrary] Timezone=60

[4][NativeLibrary] SummerTime=0

[4][NativeLibrary] Timezone=60

[4][NativeLibrary] SummerTime=0

[4][NativeLibrary] Timezone=60

[4][NativeLibrary] SummerTime=0

[4][NativeLibrary] Timezone=60

[4][NativeLibrary] SummerTime=0

[VK] FPS 31.3 | 31.99 ms/frame | min 30.88 max 34.45 ms | 32 framu | lsfg=0
[4][NativeLibrary] Timezone=60

[4][NativeLibrary] SummerTime=0

[4][NativeLibrary] Timezone=60

[4][NativeLibrary] SummerTime=0

[4][NativeLibrary] Timezone=60

[4][NativeLibrary] SummerTime=0

[4][NativeLibrary] Timezone=60

[4][NativeLibrary] SummerTime=0

[4][NativeLibrary] Timezone=60

[4][NativeLibrary] SummerTime=0

[4][NativeLibrary] Timezone=60

[4][NativeLibrary] SummerTime=0

[4][NativeLibrary] Timezone=60

[4][NativeLibrary] SummerTime=0

[4][NativeLibrary] Timezone=60

[4][NativeLibrary] SummerTime=0

[4][NativeLibrary] Timezone=60

[4][NativeLibrary] SummerTime=0

[4][NativeLibrary] Timezone=60

[4][NativeLibrary] SummerTime=0

[4][NativeLibrary] Timezone=60

[4][NativeLibrary] SummerTime=0

[4][NativeLibrary] Timezone=60

[4][NativeLibrary] SummerTime=0

[4][NativeLibrary] Timezone=60

[4][NativeLibrary] SummerTime=0

[4][NativeLibrary] Timezone=60

[4][NativeLibrary] SummerTime=0

[4][NativeLibrary] Timezone=60

[4][NativeLibrary] SummerTime=0

[4][NativeLibrary] Timezone=60

[4][NativeLibrary] SummerTime=0

[4][NativeLibrary] Timezone=60

[4][NativeLibrary] SummerTime=0

[4][NativeLibrary] Timezone=60

[4][NativeLibrary] SummerTime=0

[4][NativeLibrary] Timezone=60

[4][NativeLibrary] SummerTime=0

[4][NativeLibrary] Timezone=60

[4][NativeLibrary] SummerTime=0

[4][NativeLibrary] Timezone=60

[4][NativeLibrary] SummerTime=0

[4][NativeLibrary] Timezone=60

[4][NativeLibrary] SummerTime=0

[4][NativeLibrary] Timezone=60

[4][NativeLibrary] SummerTime=0

[4][NativeLibrary] Timezone=60

[4][NativeLibrary] SummerTime=0

[4][NativeLibrary] Timezone=60

[4][NativeLibrary] SummerTime=0

[4][NativeLibrary] Timezone=60

[4][NativeLibrary] SummerTime=0

[4][NativeLibrary] Timezone=60

[4][NativeLibrary] SummerTime=0

[4][NativeLibrary] Timezone=60

[4][NativeLibrary] SummerTime=0

[4][NativeLibrary] Timezone=60

[4][NativeLibrary] SummerTime=0

[4][NativeLibrary] Timezone=60

[4][NativeLibrary] SummerTime=0

[4][NativeLibrary] Timezone=60

[4][NativeLibrary] SummerTime=0

[VK] FPS 30.8 | 32.48 ms/frame | min 28.51 max 60.45 ms | 31 framu | lsfg=0
[4][NativeLibrary] Timezone=60

[4][NativeLibrary] SummerTime=0

[4][NativeLibrary] Timezone=60

[4][NativeLibrary] SummerTime=0

[4][NativeLibrary] Timezone=60

[4][NativeLibrary] SummerTime=0

[4][NativeLibrary] Timezone=60

[4][NativeLibrary] SummerTime=0

[4][NativeLibrary] Timezone=60

[4][NativeLibrary] SummerTime=0

[4][NativeLibrary] Timezone=60

[4][NativeLibrary] SummerTime=0

[4][NativeLibrary] Timezone=60

[4][NativeLibrary] SummerTime=0

[4][NativeLibrary] Timezone=60

[4][NativeLibrary] SummerTime=0

[4][NativeLibrary] Timezone=60

[4][NativeLibrary] SummerTime=0

[4][NativeLibrary] Timezone=60

[4][NativeLibrary] SummerTime=0

[4][NativeLibrary] Timezone=60

[4][NativeLibrary] SummerTime=0

[4][NativeLibrary] Timezone=60

[4][NativeLibrary] SummerTime=0

[4][NativeLibrary] Timezone=60

[4][NativeLibrary] SummerTime=0

[4][NativeLibrary] Timezone=60

[4][NativeLibrary] SummerTime=0

[4][NativeLibrary] Timezone=60

[4][NativeLibrary] SummerTime=0

[4][NativeLibrary] Timezone=60

[4][NativeLibrary] SummerTime=0

[4][NativeLibrary] Timezone=60

[4][NativeLibrary] SummerTime=0

[4][NativeLibrary] Timezone=60

[4][NativeLibrary] SummerTime=0

[4][NativeLibrary] Timezone=60

[4][NativeLibrary] SummerTime=0

[4][NativeLibrary] Timezone=60

[4][NativeLibrary] SummerTime=0

[4][NativeLibrary] Timezone=60

[4][NativeLibrary] SummerTime=0

[4][NativeLibrary] Timezone=60

[4][NativeLibrary] SummerTime=0

[4][NativeLibrary] Timezone=60

[4][NativeLibrary] SummerTime=0

[4][NativeLibrary] Timezone=60

[4][NativeLibrary] SummerTime=0

[4][NativeLibrary] Timezone=60

[4][NativeLibrary] SummerTime=0

[4][NativeLibrary] Timezone=60

[4][NativeLibrary] SummerTime=0

[4][NativeLibrary] Timezone=60

[4][NativeLibrary] SummerTime=0

[4][NativeLibrary] Timezone=60

[4][NativeLibrary] SummerTime=0

[4][NativeLibrary] Timezone=60

[4][NativeLibrary] SummerTime=0

[4][NativeLibrary] Timezone=60

[4][NativeLibrary] SummerTime=0

[4][NativeLibrary] Timezone=60

[4][NativeLibrary] SummerTime=0

[4][NativeLibrary] Timezone=60

[4][NativeLibrary] SummerTime=0

[VK] FPS 31.2 | 32.03 ms/frame | min 29.61 max 34.12 ms | 32 framu | lsfg=0
[4][NativeLibrary] Timezone=60

[4][NativeLibrary] SummerTime=0

[4][NativeLibrary] Timezone=60

[4][NativeLibrary] SummerTime=0

[4][NativeLibrary] Timezone=60

[4][NativeLibrary] SummerTime=0

[4][NativeLibrary] Timezone=60

[4][NativeLibrary] SummerTime=0

[4][NativeLibrary] Timezone=60

[4][NativeLibrary] SummerTime=0

[4][NativeLibrary] Timezone=60

[4][NativeLibrary] SummerTime=0

[4][NativeLibrary] Timezone=60

[4][NativeLibrary] SummerTime=0

[4][NativeLibrary] Timezone=60

[4][NativeLibrary] SummerTime=0

[4][NativeLibrary] Timezone=60

[4][NativeLibrary] SummerTime=0

[4][NativeLibrary] Timezone=60

[4][NativeLibrary] SummerTime=0

[4][NativeLibrary] Timezone=60

[4][NativeLibrary] SummerTime=0

[4][NativeLibrary] Timezone=60

[4][NativeLibrary] SummerTime=0

[4][NativeLibrary] Timezone=60

[4][NativeLibrary] SummerTime=0

[4][NativeLibrary] Timezone=60

[4][NativeLibrary] SummerTime=0

[4][NativeLibrary] Timezone=60

[4][NativeLibrary] SummerTime=0

[4][NativeLibrary] Timezone=60

[4][NativeLibrary] SummerTime=0

[4][NativeLibrary] Timezone=60

[4][NativeLibrary] SummerTime=0

[4][NativeLibrary] Timezone=60

[4][NativeLibrary] SummerTime=0

[4][NativeLibrary] Timezone=60

[4][NativeLibrary] SummerTime=0

[4][NativeLibrary] Timezone=60

[4][NativeLibrary] SummerTime=0

[4][NativeLibrary] Timezone=60

[4][NativeLibrary] SummerTime=0

[4][NativeLibrary] Timezone=60

[4][NativeLibrary] SummerTime=0

[4][NativeLibrary] Timezone=60

[4][NativeLibrary] SummerTime=0

[4][NativeLibrary] Timezone=60

[4][NativeLibrary] SummerTime=0

[4][NativeLibrary] Timezone=60

[4][NativeLibrary] SummerTime=0

[4][NativeLibrary] Timezone=60

[4][NativeLibrary] SummerTime=0

[4][NativeLibrary] Timezone=60

[4][NativeLibrary] SummerTime=0

[4][NativeLibrary] Timezone=60

[4][NativeLibrary] SummerTime=0

[4][NativeLibrary] Timezone=60

[4][NativeLibrary] SummerTime=0

[4][NativeLibrary] Timezone=60

[4][NativeLibrary] SummerTime=0

[4][NativeLibrary] Timezone=60

[4][NativeLibrary] SummerTime=0

[4][NativeLibrary] Timezone=60

[4][NativeLibrary] SummerTime=0

[4][NativeLibrary] Timezone=60

[4][NativeLibrary] SummerTime=0

[4][NativeLibrary] Timezone=60

[4][NativeLibrary] SummerTime=0

[VK] FPS 33.4 | 29.90 ms/frame | min 28.16 max 32.16 ms | 34 framu | lsfg=0
[4][NativeLibrary] Timezone=60

[4][NativeLibrary] SummerTime=0

[4][NativeLibrary] Timezone=60

[4][NativeLibrary] SummerTime=0

[4][NativeLibrary] Timezone=60

[4][NativeLibrary] SummerTime=0

[4][NativeLibrary] Timezone=60

[4][NativeLibrary] SummerTime=0

[4][NativeLibrary] Timezone=60

[4][NativeLibrary] SummerTime=0

[4][NativeLibrary] Timezone=60

[4][NativeLibrary] SummerTime=0

[4][NativeLibrary] Timezone=60

[4][NativeLibrary] SummerTime=0

[4][NativeLibrary] Timezone=60

[4][NativeLibrary] SummerTime=0

[4][NativeLibrary] Timezone=60

[4][NativeLibrary] SummerTime=0

[4][NativeLibrary] Timezone=60

[4][NativeLibrary] SummerTime=0

[4][NativeLibrary] Timezone=60

[4][NativeLibrary] SummerTime=0

[4][NativeLibrary] Timezone=60

[4][NativeLibrary] SummerTime=0

[4][NativeLibrary] Timezone=60

[4][NativeLibrary] SummerTime=0

[4][NativeLibrary] Timezone=60

[4][NativeLibrary] SummerTime=0

[4][NativeLibrary] Timezone=60

[4][NativeLibrary] SummerTime=0

[4][NativeLibrary] Timezone=60

[4][NativeLibrary] SummerTime=0

[4][NativeLibrary] Timezone=60

[4][NativeLibrary] SummerTime=0

[4][NativeLibrary] Timezone=60

[4][NativeLibrary] SummerTime=0

[4][NativeLibrary] Timezone=60

[4][NativeLibrary] SummerTime=0

[4][NativeLibrary] Timezone=60

[4][NativeLibrary] SummerTime=0

[4][NativeLibrary] Timezone=60

[4][NativeLibrary] SummerTime=0

[4][NativeLibrary] Timezone=60

[4][NativeLibrary] SummerTime=0

[4][NativeLibrary] Timezone=60

[4][NativeLibrary] SummerTime=0

[4][NativeLibrary] Timezone=60

[4][NativeLibrary] SummerTime=0

[4][NativeLibrary] Timezone=60

[4][NativeLibrary] SummerTime=0

[4][NativeLibrary] Timezone=60

[4][NativeLibrary] SummerTime=0

[4][NativeLibrary] Timezone=60

[4][NativeLibrary] SummerTime=0

[4][NativeLibrary] Timezone=60

[4][NativeLibrary] SummerTime=0

[4][NativeLibrary] Timezone=60

[4][NativeLibrary] SummerTime=0

[4][NativeLibrary] Timezone=60

[4][NativeLibrary] SummerTime=0

[4][NativeLibrary] Timezone=60

[4][NativeLibrary] SummerTime=0

[4][NativeLibrary] Timezone=60

[4][NativeLibrary] SummerTime=0

[4][NativeLibrary] Timezone=60

[4][NativeLibrary] SummerTime=0

[4][NativeLibrary] Timezone=60

[4][NativeLibrary] SummerTime=0

[VK] FPS 33.1 | 30.20 ms/frame | min 28.27 max 31.66 ms | 34 framu | lsfg=0
[4][NativeLibrary] Timezone=60

[4][NativeLibrary] SummerTime=0

[4][NativeLibrary] Timezone=60

[4][NativeLibrary] SummerTime=0

[4][NativeLibrary] Timezone=60

[4][NativeLibrary] SummerTime=0

[4][NativeLibrary] Timezone=60

[4][NativeLibrary] SummerTime=0

[4][NativeLibrary] Timezone=60

[4][NativeLibrary] SummerTime=0

[4][NativeLibrary] Timezone=60

[4][NativeLibrary] SummerTime=0

[4][NativeLibrary] Timezone=60

[4][NativeLibrary] SummerTime=0

[4][NativeLibrary] Timezone=60

[4][NativeLibrary] SummerTime=0

[4][NativeLibrary] Timezone=60

[4][NativeLibrary] SummerTime=0

[4][NativeLibrary] Timezone=60

[4][NativeLibrary] SummerTime=0

[4][NativeLibrary] Timezone=60

[4][NativeLibrary] SummerTime=0

[4][NativeLibrary] Timezone=60

[4][NativeLibrary] SummerTime=0

[4][NativeLibrary] Timezone=60

[4][NativeLibrary] SummerTime=0

[4][NativeLibrary] Timezone=60

[4][NativeLibrary] SummerTime=0

[4][NativeLibrary] Timezone=60

[4][NativeLibrary] SummerTime=0

[4][NativeLibrary] Timezone=60

[4][NativeLibrary] SummerTime=0

[4][NativeLibrary] Timezone=60

[4][NativeLibrary] SummerTime=0

[4][NativeLibrary] Timezone=60

[4][NativeLibrary] SummerTime=0

[4][NativeLibrary] Timezone=60

[4][NativeLibrary] SummerTime=0

[4][NativeLibrary] Timezone=60

[4][NativeLibrary] SummerTime=0

[4][NativeLibrary] Timezone=60

[4][NativeLibrary] SummerTime=0

[4][NativeLibrary] Timezone=60

[4][NativeLibrary] SummerTime=0

[4][NativeLibrary] Timezone=60

[4][NativeLibrary] SummerTime=0

[4][NativeLibrary] Timezone=60

[4][NativeLibrary] SummerTime=0

[4][NativeLibrary] Timezone=60

[4][NativeLibrary] SummerTime=0

[4][NativeLibrary] Timezone=60

[4][NativeLibrary] SummerTime=0

[4][NativeLibrary] Timezone=60

[4][NativeLibrary] SummerTime=0

[4][NativeLibrary] Timezone=60

[4][NativeLibrary] SummerTime=0

[4][NativeLibrary] Timezone=60

[4][NativeLibrary] SummerTime=0

[4][NativeLibrary] Timezone=60

[4][NativeLibrary] SummerTime=0

[VK] FPS 29.9 | 33.42 ms/frame | min 32.12 max 35.72 ms | 30 framu | lsfg=0
[4][NativeLibrary] Timezone=60

[4][NativeLibrary] SummerTime=0

[4][NativeLibrary] Timezone=60

[4][NativeLibrary] SummerTime=0

[4][NativeLibrary] Timezone=60

[4][NativeLibrary] SummerTime=0

[4][NativeLibrary] Timezone=60

[4][NativeLibrary] SummerTime=0

[4][NativeLibrary] Timezone=60

[4][NativeLibrary] SummerTime=0

[4][NativeLibrary] Timezone=60

[4][NativeLibrary] SummerTime=0

[4][NativeLibrary] Timezone=60

[4][NativeLibrary] SummerTime=0

[4][NativeLibrary] Timezone=60

[4][NativeLibrary] SummerTime=0

[4][NativeLibrary] Timezone=60

[4][NativeLibrary] SummerTime=0

[4][NativeLibrary] Timezone=60

[4][NativeLibrary] SummerTime=0

[4][NativeLibrary] Timezone=60

[4][NativeLibrary] SummerTime=0

[4][NativeLibrary] Timezone=60

[4][NativeLibrary] SummerTime=0

[4][NativeLibrary] Timezone=60

[4][NativeLibrary] SummerTime=0

[4][NativeLibrary] Timezone=60

[4][NativeLibrary] SummerTime=0

[4][NativeLibrary] Timezone=60

[4][NativeLibrary] SummerTime=0

[4][NativeLibrary] Timezone=60

[4][NativeLibrary] SummerTime=0

[4][NativeLibrary] Timezone=60

[4][NativeLibrary] SummerTime=0

[4][NativeLibrary] Timezone=60

[4][NativeLibrary] SummerTime=0

[4][NativeLibrary] Timezone=60

[4][NativeLibrary] SummerTime=0

[4][NativeLibrary] Timezone=60

[4][NativeLibrary] SummerTime=0

[4][NativeLibrary] Timezone=60

[4][NativeLibrary] SummerTime=0

[4][NativeLibrary] Timezone=60

[4][NativeLibrary] SummerTime=0

[4][NativeLibrary] Timezone=60

[4][NativeLibrary] SummerTime=0

[4][NativeLibrary] Timezone=60

[4][NativeLibrary] SummerTime=0

[4][NativeLibrary] Timezone=60

[4][NativeLibrary] SummerTime=0

[4][NativeLibrary] Timezone=60

[4][NativeLibrary] SummerTime=0

[4][NativeLibrary] Timezone=60

[4][NativeLibrary] SummerTime=0

[4][NativeLibrary] Timezone=60

[4][NativeLibrary] SummerTime=0

[4][NativeLibrary] Timezone=60

[4][NativeLibrary] SummerTime=0

[4][NativeLibrary] Timezone=60

[4][NativeLibrary] SummerTime=0

[4][NativeLibrary] Timezone=60

[4][NativeLibrary] SummerTime=0

[4][NativeLibrary] Timezone=60

[4][NativeLibrary] SummerTime=0

[VK] FPS 31.7 | 31.50 ms/frame | min 28.63 max 34.39 ms | 32 framu | lsfg=0
[4][NativeLibrary] Timezone=60

[4][NativeLibrary] SummerTime=0

[4][NativeLibrary] Timezone=60

[4][NativeLibrary] SummerTime=0

[4][NativeLibrary] Timezone=60

[4][NativeLibrary] SummerTime=0

[4][NativeLibrary] Timezone=60

[4][NativeLibrary] SummerTime=0

[4][NativeLibrary] Timezone=60

[4][NativeLibrary] SummerTime=0

[4][NativeLibrary] Timezone=60

[4][NativeLibrary] SummerTime=0

[4][NativeLibrary] Timezone=60

[4][NativeLibrary] SummerTime=0

[4][NativeLibrary] Timezone=60

[4][NativeLibrary] SummerTime=0

[4][NativeLibrary] Timezone=60

[4][NativeLibrary] SummerTime=0

[4][NativeLibrary] Timezone=60

[4][NativeLibrary] SummerTime=0

[4][NativeLibrary] Timezone=60

[4][NativeLibrary] SummerTime=0

[4][NativeLibrary] Timezone=60

[4][NativeLibrary] SummerTime=0

[4][NativeLibrary] Timezone=60

[4][NativeLibrary] SummerTime=0

[4][NativeLibrary] Timezone=60

[4][NativeLibrary] SummerTime=0

[4][NativeLibrary] Timezone=60

[4][NativeLibrary] SummerTime=0

[4][NativeLibrary] Timezone=60

[4][NativeLibrary] SummerTime=0

[4][NativeLibrary] Timezone=60

[4][NativeLibrary] SummerTime=0

[4][NativeLibrary] Timezone=60

[4][NativeLibrary] SummerTime=0

[4][NativeLibrary] Timezone=60

[4][NativeLibrary] SummerTime=0

[4][NativeLibrary] Timezone=60

[4][NativeLibrary] SummerTime=0

[4][NativeLibrary] Timezone=60

[4][NativeLibrary] SummerTime=0

[4][NativeLibrary] Timezone=60

[4][NativeLibrary] SummerTime=0

[4][NativeLibrary] Timezone=60

[4][NativeLibrary] SummerTime=0

[4][NativeLibrary] Timezone=60

[4][NativeLibrary] SummerTime=0

[4][NativeLibrary] Timezone=60

[4][NativeLibrary] SummerTime=0

[4][NativeLibrary] Timezone=60

[4][NativeLibrary] SummerTime=0

[4][NativeLibrary] Timezone=60

[4][NativeLibrary] SummerTime=0

[4][NativeLibrary] Timezone=60

[4][NativeLibrary] SummerTime=0

[4][NativeLibrary] Timezone=60

[4][NativeLibrary] SummerTime=0

[4][NativeLibrary] Timezone=60

[4][NativeLibrary] SummerTime=0

[4][NativeLibrary] Timezone=60

[4][NativeLibrary] SummerTime=0

[4][NativeLibrary] Timezone=60

[4][NativeLibrary] SummerTime=0

[VK] FPS 31.2 | 32.04 ms/frame | min 31.08 max 34.24 ms | 32 framu | lsfg=0
[4][NativeLibrary] Timezone=60

[4][NativeLibrary] SummerTime=0

[4][NativeLibrary] Timezone=60

[4][NativeLibrary] SummerTime=0

[4][NativeLibrary] Timezone=60

[4][NativeLibrary] SummerTime=0

[4][NativeLibrary] Timezone=60

[4][NativeLibrary] SummerTime=0

[4][NativeLibrary] Timezone=60

[4][NativeLibrary] SummerTime=0

[4][NativeLibrary] Timezone=60

[4][NativeLibrary] SummerTime=0

[4][NativeLibrary] Timezone=60

[4][NativeLibrary] SummerTime=0

[4][NativeLibrary] Timezone=60

[4][NativeLibrary] SummerTime=0

[4][NativeLibrary] Timezone=60

[4][NativeLibrary] SummerTime=0

[4][NativeLibrary] Timezone=60

[4][NativeLibrary] SummerTime=0

[4][NativeLibrary] Timezone=60

[4][NativeLibrary] SummerTime=0

[4][NativeLibrary] Timezone=60

[4][NativeLibrary] SummerTime=0

[4][NativeLibrary] Timezone=60

[4][NativeLibrary] SummerTime=0

[4][NativeLibrary] Timezone=60

[4][NativeLibrary] SummerTime=0

[4][NativeLibrary] Timezone=60

[4][NativeLibrary] SummerTime=0

[4][NativeLibrary] Timezone=60

[4][NativeLibrary] SummerTime=0

[4][NativeLibrary] Timezone=60

[4][NativeLibrary] SummerTime=0

[4][NativeLibrary] Timezone=60

[4][NativeLibrary] SummerTime=0

[4][NativeLibrary] Timezone=60

[4][NativeLibrary] SummerTime=0

[4][NativeLibrary] Timezone=60

[4][NativeLibrary] SummerTime=0

[4][NativeLibrary] Timezone=60

[4][NativeLibrary] SummerTime=0

[4][NativeLibrary] Timezone=60

[4][NativeLibrary] SummerTime=0

[4][NativeLibrary] Timezone=60

[4][NativeLibrary] SummerTime=0

[4][NativeLibrary] Timezone=60

[4][NativeLibrary] SummerTime=0

[4][NativeLibrary] Timezone=60

[4][NativeLibrary] SummerTime=0

[4][NativeLibrary] Timezone=60

[4][NativeLibrary] SummerTime=0

[4][NativeLibrary] Timezone=60

[4][NativeLibrary] SummerTime=0

[4][NativeLibrary] Timezone=60

[4][NativeLibrary] SummerTime=0

[4][NativeLibrary] Timezone=60

[4][NativeLibrary] SummerTime=0

[4][NativeLibrary] Timezone=60

[4][NativeLibrary] SummerTime=0

[4][NativeLibrary] Timezone=60

[4][NativeLibrary] SummerTime=0

[4][NativeLibrary] Timezone=60

[4][NativeLibrary] SummerTime=0

[VK] FPS 32.0 | 31.29 ms/frame | min 28.51 max 33.90 ms | 32 framu | lsfg=0
[4][NativeLibrary] Timezone=60

[4][NativeLibrary] SummerTime=0

[4][NativeLibrary] Timezone=60

[4][NativeLibrary] SummerTime=0

[4][NativeLibrary] Timezone=60

[4][NativeLibrary] SummerTime=0

[4][NativeLibrary] Timezone=60

[4][NativeLibrary] SummerTime=0

[4][NativeLibrary] Timezone=60

[4][NativeLibrary] SummerTime=0

[4][NativeLibrary] Timezone=60

[4][NativeLibrary] SummerTime=0

[4][NativeLibrary] Timezone=60

[4][NativeLibrary] SummerTime=0

[4][NativeLibrary] Timezone=60

[4][NativeLibrary] SummerTime=0

[4][NativeLibrary] Timezone=60

[4][NativeLibrary] SummerTime=0

[4][NativeLibrary] Timezone=60

[4][NativeLibrary] SummerTime=0

[4][NativeLibrary] Timezone=60

[4][NativeLibrary] SummerTime=0

[4][NativeLibrary] Timezone=60

[4][NativeLibrary] SummerTime=0

[4][NativeLibrary] Timezone=60

[4][NativeLibrary] SummerTime=0

[4][NativeLibrary] Timezone=60

[4][NativeLibrary] SummerTime=0

[4][NativeLibrary] Timezone=60

[4][NativeLibrary] SummerTime=0

[4][NativeLibrary] Timezone=60

[4][NativeLibrary] SummerTime=0

[4][NativeLibrary] Timezone=60

[4][NativeLibrary] SummerTime=0

[4][NativeLibrary] Timezone=60

[4][NativeLibrary] SummerTime=0

[4][NativeLibrary] Timezone=60

[4][NativeLibrary] SummerTime=0

[4][NativeLibrary] Timezone=60

[4][NativeLibrary] SummerTime=0

[4][NativeLibrary] Timezone=60

[4][NativeLibrary] SummerTime=0

[4][NativeLibrary] Timezone=60

[4][NativeLibrary] SummerTime=0

[4][NativeLibrary] Timezone=60

[4][NativeLibrary] SummerTime=0

[4][NativeLibrary] Timezone=60

[4][NativeLibrary] SummerTime=0

[4][NativeLibrary] Timezone=60

[4][NativeLibrary] SummerTime=0

[4][NativeLibrary] Timezone=60

[4][NativeLibrary] SummerTime=0

[4][NativeLibrary] Timezone=60

[4][NativeLibrary] SummerTime=0

[4][NativeLibrary] Timezone=60

[4][NativeLibrary] SummerTime=0

[4][NativeLibrary] Timezone=60

[4][NativeLibrary] SummerTime=0

[4][NativeLibrary] Timezone=60

[4][NativeLibrary] SummerTime=0

[4][NativeLibrary] Timezone=60

[4][NativeLibrary] SummerTime=0

[VK] FPS 30.9 | 32.40 ms/frame | min 30.94 max 35.27 ms | 31 framu | lsfg=0
[4][NativeLibrary] Timezone=60

[4][NativeLibrary] SummerTime=0

[4][NativeLibrary] Timezone=60

[4][NativeLibrary] SummerTime=0

[4][NativeLibrary] Timezone=60

[4][NativeLibrary] SummerTime=0

[4][NativeLibrary] Timezone=60

[4][NativeLibrary] SummerTime=0

[4][NativeLibrary] Timezone=60

[4][NativeLibrary] SummerTime=0

[4][NativeLibrary] Timezone=60

[4][NativeLibrary] SummerTime=0

[4][NativeLibrary] Timezone=60

[4][NativeLibrary] SummerTime=0

[4][NativeLibrary] Timezone=60

[4][NativeLibrary] SummerTime=0

[4][NativeLibrary] Timezone=60

[4][NativeLibrary] SummerTime=0

[4][NativeLibrary] Timezone=60

[4][NativeLibrary] SummerTime=0

[4][NativeLibrary] Timezone=60

[4][NativeLibrary] SummerTime=0

[4][NativeLibrary] Timezone=60

[4][NativeLibrary] SummerTime=0

[4][NativeLibrary] Timezone=60

[4][NativeLibrary] SummerTime=0

[4][NativeLibrary] Timezone=60

[4][NativeLibrary] SummerTime=0

[4][NativeLibrary] Timezone=60

[4][NativeLibrary] SummerTime=0

[4][NativeLibrary] Timezone=60

[4][NativeLibrary] SummerTime=0

[4][NativeLibrary] Timezone=60

[4][NativeLibrary] SummerTime=0

[4][NativeLibrary] Timezone=60

[4][NativeLibrary] SummerTime=0

[4][NativeLibrary] Timezone=60

[4][NativeLibrary] SummerTime=0

[4][NativeLibrary] Timezone=60

[4][NativeLibrary] SummerTime=0

[4][NativeLibrary] Timezone=60

[4][NativeLibrary] SummerTime=0

[4][NativeLibrary] Timezone=60

[4][NativeLibrary] SummerTime=0

[4][NativeLibrary] Timezone=60

[4][NativeLibrary] SummerTime=0

[4][NativeLibrary] Timezone=60

[4][NativeLibrary] SummerTime=0

[4][NativeLibrary] Timezone=60

[4][NativeLibrary] SummerTime=0

[4][NativeLibrary] Timezone=60

[4][NativeLibrary] SummerTime=0

[4][NativeLibrary] Timezone=60

[4][NativeLibrary] SummerTime=0

[4][NativeLibrary] Timezone=60

[4][NativeLibrary] SummerTime=0

[4][NativeLibrary] Timezone=60

[4][NativeLibrary] SummerTime=0

[4][NativeLibrary] Timezone=60

[4][NativeLibrary] SummerTime=0

[VK] FPS 29.5 | 33.94 ms/frame | min 31.04 max 36.20 ms | 30 framu | lsfg=0
[4][NativeLibrary] Timezone=60

[4][NativeLibrary] SummerTime=0

[4][NativeLibrary] Timezone=60

[4][NativeLibrary] SummerTime=0

[4][NativeLibrary] Timezone=60

[4][NativeLibrary] SummerTime=0

[4][NativeLibrary] Timezone=60

[4][NativeLibrary] SummerTime=0

[4][NativeLibrary] Timezone=60

[4][NativeLibrary] SummerTime=0

[4][NativeLibrary] Timezone=60

[4][NativeLibrary] SummerTime=0

[4][NativeLibrary] Timezone=60

[4][NativeLibrary] SummerTime=0

[4][NativeLibrary] Timezone=60

[4][NativeLibrary] SummerTime=0

[4][NativeLibrary] Timezone=60

[4][NativeLibrary] SummerTime=0

[4][NativeLibrary] Timezone=60

[4][NativeLibrary] SummerTime=0

[4][NativeLibrary] Timezone=60

[4][NativeLibrary] SummerTime=0

[4][NativeLibrary] Timezone=60

[4][NativeLibrary] SummerTime=0

[4][NativeLibrary] Timezone=60

[4][NativeLibrary] SummerTime=0

[4][NativeLibrary] Timezone=60

[4][NativeLibrary] SummerTime=0

[4][NativeLibrary] Timezone=60

[4][NativeLibrary] SummerTime=0

[4][NativeLibrary] Timezone=60

[4][NativeLibrary] SummerTime=0

[4][NativeLibrary] Timezone=60

[4][NativeLibrary] SummerTime=0

[4][NativeLibrary] Timezone=60

[4][NativeLibrary] SummerTime=0

[4][NativeLibrary] Timezone=60

[4][NativeLibrary] SummerTime=0

[4][NativeLibrary] Timezone=60

[4][NativeLibrary] SummerTime=0

[4][NativeLibrary] Timezone=60

[4][NativeLibrary] SummerTime=0

[4][NativeLibrary] Timezone=60

[4][NativeLibrary] SummerTime=0

[4][NativeLibrary] Timezone=60

[4][NativeLibrary] SummerTime=0

[4][NativeLibrary] Timezone=60

[4][NativeLibrary] SummerTime=0

[4][NativeLibrary] Timezone=60

[4][NativeLibrary] SummerTime=0

[4][NativeLibrary] Timezone=60

[4][NativeLibrary] SummerTime=0

[4][NativeLibrary] Timezone=60

[4][NativeLibrary] SummerTime=0

[4][NativeLibrary] Timezone=60

[4][NativeLibrary] SummerTime=0

[4][NativeLibrary] Timezone=60

[4][NativeLibrary] SummerTime=0

[4][NativeLibrary] Timezone=60

[4][NativeLibrary] SummerTime=0

[4][NativeLibrary] Timezone=60

[4][NativeLibrary] SummerTime=0

[4][NativeLibrary] Timezone=60

[4][NativeLibrary] SummerTime=0

[VK] FPS 31.6 | 31.62 ms/frame | min 29.73 max 35.34 ms | 32 framu | lsfg=0
[4][NativeLibrary] Timezone=60

[4][NativeLibrary] SummerTime=0

[4][NativeLibrary] Timezone=60

[4][NativeLibrary] SummerTime=0

[4][NativeLibrary] Timezone=60

[4][NativeLibrary] SummerTime=0

[4][NativeLibrary] Timezone=60

[4][NativeLibrary] SummerTime=0

[4][NativeLibrary] Timezone=60

[4][NativeLibrary] SummerTime=0

[4][NativeLibrary] Timezone=60

[4][NativeLibrary] SummerTime=0

[4][NativeLibrary] Timezone=60

[4][NativeLibrary] SummerTime=0

[4][NativeLibrary] Timezone=60

[4][NativeLibrary] SummerTime=0

[4][NativeLibrary] Timezone=60

[4][NativeLibrary] SummerTime=0

[4][NativeLibrary] Timezone=60

[4][NativeLibrary] SummerTime=0

[4][NativeLibrary] Timezone=60

[4][NativeLibrary] SummerTime=0

[4][NativeLibrary] Timezone=60

[4][NativeLibrary] SummerTime=0

[4][NativeLibrary] Timezone=60

[4][NativeLibrary] SummerTime=0

[4][NativeLibrary] Timezone=60

[4][NativeLibrary] SummerTime=0

[4][NativeLibrary] Timezone=60

[4][NativeLibrary] SummerTime=0

[4][NativeLibrary] Timezone=60

[4][NativeLibrary] SummerTime=0

[4][NativeLibrary] Timezone=60

[4][NativeLibrary] SummerTime=0

[4][NativeLibrary] Timezone=60

[4][NativeLibrary] SummerTime=0

[4][NativeLibrary] Timezone=60

[4][NativeLibrary] SummerTime=0

[4][NativeLibrary] Timezone=60

[4][NativeLibrary] SummerTime=0

[4][NativeLibrary] Timezone=60

[4][NativeLibrary] SummerTime=0

[4][NativeLibrary] Timezone=60

[4][NativeLibrary] SummerTime=0

[4][NativeLibrary] Timezone=60

[4][NativeLibrary] SummerTime=0

[4][NativeLibrary] Timezone=60

[4][NativeLibrary] SummerTime=0

[4][NativeLibrary] Timezone=60

[4][NativeLibrary] SummerTime=0

[4][NativeLibrary] Timezone=60

[4][NativeLibrary] SummerTime=0

[4][NativeLibrary] Timezone=60

[4][NativeLibrary] SummerTime=0

[4][NativeLibrary] Timezone=60

[4][NativeLibrary] SummerTime=0

[4][NativeLibrary] Timezone=60

[4][NativeLibrary] SummerTime=0

[4][NativeLibrary] Timezone=60

[4][NativeLibrary] SummerTime=0

[4][NativeLibrary] Timezone=60

[4][NativeLibrary] SummerTime=0

[4][NativeLibrary] Timezone=60

[4][NativeLibrary] SummerTime=0

[4][NativeLibrary] Timezone=60

[4][NativeLibrary] SummerTime=0

[VK] FPS 32.8 | 30.52 ms/frame | min 28.05 max 33.25 ms | 33 framu | lsfg=0
[4][NativeLibrary] Timezone=60

[4][NativeLibrary] SummerTime=0

[4][NativeLibrary] Timezone=60

[4][NativeLibrary] SummerTime=0

[4][NativeLibrary] Timezone=60

[4][NativeLibrary] SummerTime=0

[4][NativeLibrary] Timezone=60

[4][NativeLibrary] SummerTime=0

[4][NativeLibrary] Timezone=60

[4][NativeLibrary] SummerTime=0

[4][NativeLibrary] Timezone=60

[4][NativeLibrary] SummerTime=0

[4][NativeLibrary] Timezone=60

[4][NativeLibrary] SummerTime=0

[4][NativeLibrary] Timezone=60

[4][NativeLibrary] SummerTime=0

[4][NativeLibrary] Timezone=60

[4][NativeLibrary] SummerTime=0

[4][NativeLibrary] Timezone=60

[4][NativeLibrary] SummerTime=0

[4][NativeLibrary] Timezone=60

[4][NativeLibrary] SummerTime=0

[4][NativeLibrary] Timezone=60

[4][NativeLibrary] SummerTime=0

[4][NativeLibrary] Timezone=60

[4][NativeLibrary] SummerTime=0

[4][NativeLibrary] Timezone=60

[4][NativeLibrary] SummerTime=0

[4][NativeLibrary] Timezone=60

[4][NativeLibrary] SummerTime=0

[4][NativeLibrary] Timezone=60

[4][NativeLibrary] SummerTime=0

[4][NativeLibrary] Timezone=60

[4][NativeLibrary] SummerTime=0

[4][NativeLibrary] Timezone=60

[4][NativeLibrary] SummerTime=0

[4][NativeLibrary] Timezone=60

[4][NativeLibrary] SummerTime=0

[4][NativeLibrary] Timezone=60

[4][NativeLibrary] SummerTime=0

[4][NativeLibrary] Timezone=60

[4][NativeLibrary] SummerTime=0

[4][NativeLibrary] Timezone=60

[4][NativeLibrary] SummerTime=0

[4][NativeLibrary] Timezone=60

[4][NativeLibrary] SummerTime=0

[4][NativeLibrary] Timezone=60

[4][NativeLibrary] SummerTime=0

[4][NativeLibrary] Timezone=60

[4][NativeLibrary] SummerTime=0

[4][NativeLibrary] Timezone=60

[4][NativeLibrary] SummerTime=0

[4][NativeLibrary] Timezone=60

[4][NativeLibrary] SummerTime=0

[4][NativeLibrary] Timezone=60

[4][NativeLibrary] SummerTime=0

[4][NativeLibrary] Timezone=60

[4][NativeLibrary] SummerTime=0

[4][NativeLibrary] Timezone=60

[4][NativeLibrary] SummerTime=0

[4][NativeLibrary] Timezone=60

[4][NativeLibrary] SummerTime=0

[4][NativeLibrary] Timezone=60

[4][NativeLibrary] SummerTime=0

[VK] FPS 31.0 | 32.31 ms/frame | min 31.07 max 34.50 ms | 32 framu | lsfg=0
[4][NativeLibrary] Timezone=60

[4][NativeLibrary] SummerTime=0

[4][NativeLibrary] Timezone=60

[4][NativeLibrary] SummerTime=0

[4][NativeLibrary] Timezone=60

[4][NativeLibrary] SummerTime=0

[4][NativeLibrary] Timezone=60

[4][NativeLibrary] SummerTime=0

[4][NativeLibrary] Timezone=60

[4][NativeLibrary] SummerTime=0

[4][NativeLibrary] Timezone=60

[4][NativeLibrary] SummerTime=0

[4][NativeLibrary] Timezone=60

[4][NativeLibrary] SummerTime=0

[4][NativeLibrary] Timezone=60

[4][NativeLibrary] SummerTime=0

[4][NativeLibrary] Timezone=60

[4][NativeLibrary] SummerTime=0

[4][NativeLibrary] Timezone=60

[4][NativeLibrary] SummerTime=0

[4][NativeLibrary] Timezone=60

[4][NativeLibrary] SummerTime=0

[4][NativeLibrary] Timezone=60

[4][NativeLibrary] SummerTime=0

[4][NativeLibrary] Timezone=60

[4][NativeLibrary] SummerTime=0

[4][NativeLibrary] Timezone=60

[4][NativeLibrary] SummerTime=0

[4][NativeLibrary] Timezone=60

[4][NativeLibrary] SummerTime=0

[4][NativeLibrary] Timezone=60

[4][NativeLibrary] SummerTime=0

[4][NativeLibrary] Timezone=60

[4][NativeLibrary] SummerTime=0

[4][NativeLibrary] Timezone=60

[4][NativeLibrary] SummerTime=0

[4][NativeLibrary] Timezone=60

[4][NativeLibrary] SummerTime=0

[4][NativeLibrary] Timezone=60

[4][NativeLibrary] SummerTime=0

[4][NativeLibrary] Timezone=60

[4][NativeLibrary] SummerTime=0

[4][NativeLibrary] Timezone=60

[4][NativeLibrary] SummerTime=0

[4][NativeLibrary] Timezone=60

[4][NativeLibrary] SummerTime=0

[4][NativeLibrary] Timezone=60

[4][NativeLibrary] SummerTime=0

[4][NativeLibrary] Timezone=60

[4][NativeLibrary] SummerTime=0

[4][NativeLibrary] Timezone=60

[4][NativeLibrary] SummerTime=0

[4][NativeLibrary] Timezone=60

[4][NativeLibrary] SummerTime=0

[4][NativeLibrary] Timezone=60

[4][NativeLibrary] SummerTime=0

[4][NativeLibrary] Timezone=60

[4][NativeLibrary] SummerTime=0

[4][NativeLibrary] Timezone=60

[4][NativeLibrary] SummerTime=0

[VK] FPS 29.7 | 33.63 ms/frame | min 31.05 max 37.58 ms | 30 framu | lsfg=0
[4][NativeLibrary] Timezone=60

[4][NativeLibrary] SummerTime=0

[4][NativeLibrary] Timezone=60

[4][NativeLibrary] SummerTime=0

[4][NativeLibrary] Timezone=60

[4][NativeLibrary] SummerTime=0

[4][NativeLibrary] Timezone=60

[4][NativeLibrary] SummerTime=0

[4][NativeLibrary] Timezone=60

[4][NativeLibrary] SummerTime=0

[4][NativeLibrary] Timezone=60

[4][NativeLibrary] SummerTime=0

[4][NativeLibrary] Timezone=60

[4][NativeLibrary] SummerTime=0

[4][NativeLibrary] Timezone=60

[4][NativeLibrary] SummerTime=0

[4][NativeLibrary] Timezone=60

[4][NativeLibrary] SummerTime=0

[4][NativeLibrary] Timezone=60

[4][NativeLibrary] SummerTime=0

[4][NativeLibrary] Timezone=60

[4][NativeLibrary] SummerTime=0

[4][NativeLibrary] Timezone=60

[4][NativeLibrary] SummerTime=0

[4][NativeLibrary] Timezone=60

[4][NativeLibrary] SummerTime=0

[4][NativeLibrary] Timezone=60

[4][NativeLibrary] SummerTime=0

[4][NativeLibrary] Timezone=60

[4][NativeLibrary] SummerTime=0

[4][NativeLibrary] Timezone=60

[4][NativeLibrary] SummerTime=0

[4][NativeLibrary] Timezone=60

[4][NativeLibrary] SummerTime=0

[4][NativeLibrary] Timezone=60

[4][NativeLibrary] SummerTime=0

[4][NativeLibrary] Timezone=60

[4][NativeLibrary] SummerTime=0

[4][NativeLibrary] Timezone=60

[4][NativeLibrary] SummerTime=0

[4][NativeLibrary] Timezone=60

[4][NativeLibrary] SummerTime=0

[4][NativeLibrary] Timezone=60

[4][NativeLibrary] SummerTime=0

[4][NativeLibrary] Timezone=60

[4][NativeLibrary] SummerTime=0

[4][NativeLibrary] Timezone=60

[4][NativeLibrary] SummerTime=0

[4][NativeLibrary] Timezone=60

[4][NativeLibrary] SummerTime=0

[4][NativeLibrary] Timezone=60

[4][NativeLibrary] SummerTime=0

[4][NativeLibrary] Timezone=60

[4][NativeLibrary] SummerTime=0

[4][NativeLibrary] Timezone=60

[4][NativeLibrary] SummerTime=0

[4][NativeLibrary] Timezone=60

[4][NativeLibrary] SummerTime=0

[4][NativeLibrary] Timezone=60

[4][NativeLibrary] SummerTime=0

[VK] FPS 29.6 | 33.76 ms/frame | min 32.15 max 35.18 ms | 30 framu | lsfg=0
[4][NativeLibrary] Timezone=60

[4][NativeLibrary] SummerTime=0

[4][NativeLibrary] Timezone=60

[4][NativeLibrary] SummerTime=0

[4][NativeLibrary] Timezone=60

[4][NativeLibrary] SummerTime=0

[4][NativeLibrary] Timezone=60

[4][NativeLibrary] SummerTime=0

[4][NativeLibrary] Timezone=60

[4][NativeLibrary] SummerTime=0

[4][NativeLibrary] Timezone=60

[4][NativeLibrary] SummerTime=0

[4][NativeLibrary] Timezone=60

[4][NativeLibrary] SummerTime=0

[4][NativeLibrary] Timezone=60

[4][NativeLibrary] SummerTime=0

[4][NativeLibrary] Timezone=60

[4][NativeLibrary] SummerTime=0

[4][NativeLibrary] Timezone=60

[4][NativeLibrary] SummerTime=0

[4][NativeLibrary] Timezone=60

[4][NativeLibrary] SummerTime=0

[4][NativeLibrary] Timezone=60

[4][NativeLibrary] SummerTime=0

[4][NativeLibrary] Timezone=60

[4][NativeLibrary] SummerTime=0

[4][NativeLibrary] Timezone=60

[4][NativeLibrary] SummerTime=0

[4][NativeLibrary] Timezone=60

[4][NativeLibrary] SummerTime=0

[4][NativeLibrary] Timezone=60

[4][NativeLibrary] SummerTime=0

[4][NativeLibrary] Timezone=60

[4][NativeLibrary] SummerTime=0

[4][NativeLibrary] Timezone=60

[4][NativeLibrary] SummerTime=0

[4][NativeLibrary] Timezone=60

[4][NativeLibrary] SummerTime=0

[4][NativeLibrary] Timezone=60

[4][NativeLibrary] SummerTime=0

[4][NativeLibrary] Timezone=60

[4][NativeLibrary] SummerTime=0

[4][NativeLibrary] Timezone=60

[4][NativeLibrary] SummerTime=0

[4][NativeLibrary] Timezone=60

[4][NativeLibrary] SummerTime=0

[4][NativeLibrary] Timezone=60

[4][NativeLibrary] SummerTime=0

[4][NativeLibrary] Timezone=60

[4][NativeLibrary] SummerTime=0

[4][NativeLibrary] Timezone=60

[4][NativeLibrary] SummerTime=0

[4][NativeLibrary] Timezone=60

[4][NativeLibrary] SummerTime=0

[4][NativeLibrary] Timezone=60

[4][NativeLibrary] SummerTime=0

[4][NativeLibrary] Timezone=60

[4][NativeLibrary] SummerTime=0

[4][NativeLibrary] Timezone=60

[4][NativeLibrary] SummerTime=0

[4][NativeLibrary] Timezone=60

[4][NativeLibrary] SummerTime=0

[VK] FPS 30.9 | 32.38 ms/frame | min 29.99 max 35.04 ms | 31 framu | lsfg=0
[4][NativeLibrary] Timezone=60

[4][NativeLibrary] SummerTime=0

[4][NativeLibrary] Timezone=60

[4][NativeLibrary] SummerTime=0

[4][NativeLibrary] Timezone=60

[4][NativeLibrary] SummerTime=0

[4][NativeLibrary] Timezone=60

[4][NativeLibrary] SummerTime=0

[4][NativeLibrary] Timezone=60

[4][NativeLibrary] SummerTime=0

[4][NativeLibrary] Timezone=60

[4][NativeLibrary] SummerTime=0

[4][NativeLibrary] Timezone=60

[4][NativeLibrary] SummerTime=0

[4][NativeLibrary] Timezone=60

[4][NativeLibrary] SummerTime=0

[4][NativeLibrary] Timezone=60

[4][NativeLibrary] SummerTime=0

[4][NativeLibrary] Timezone=60

[4][NativeLibrary] SummerTime=0

[4][NativeLibrary] Timezone=60

[4][NativeLibrary] SummerTime=0

[4][NativeLibrary] Timezone=60

[4][NativeLibrary] SummerTime=0

[4][NativeLibrary] Timezone=60

[4][NativeLibrary] SummerTime=0

[4][NativeLibrary] Timezone=60

[4][NativeLibrary] SummerTime=0

[4][NativeLibrary] Timezone=60

[4][NativeLibrary] SummerTime=0

[4][NativeLibrary] Timezone=60

[4][NativeLibrary] SummerTime=0

[4][NativeLibrary] Timezone=60

[4][NativeLibrary] SummerTime=0

[4][NativeLibrary] Timezone=60

[4][NativeLibrary] SummerTime=0

[4][NativeLibrary] Timezone=60

[4][NativeLibrary] SummerTime=0

[4][NativeLibrary] Timezone=60

[4][NativeLibrary] SummerTime=0

[4][NativeLibrary] Timezone=60

[4][NativeLibrary] SummerTime=0

[4][NativeLibrary] Timezone=60

[4][NativeLibrary] SummerTime=0

[4][NativeLibrary] Timezone=60

[4][NativeLibrary] SummerTime=0

[4][NativeLibrary] Timezone=60

[4][NativeLibrary] SummerTime=0

[4][NativeLibrary] Timezone=60

[4][NativeLibrary] SummerTime=0

[4][NativeLibrary] Timezone=60

[4][NativeLibrary] SummerTime=0

[4][NativeLibrary] Timezone=60

[4][NativeLibrary] SummerTime=0

[4][NativeLibrary] Timezone=60

[4][NativeLibrary] SummerTime=0

[4][NativeLibrary] Timezone=60

[4][NativeLibrary] SummerTime=0

[4][NativeLibrary] Timezone=60

[4][NativeLibrary] SummerTime=0

[VK] FPS 29.6 | 33.74 ms/frame | min 32.21 max 35.84 ms | 30 framu | lsfg=0
[4][NativeLibrary] Timezone=60

[4][NativeLibrary] SummerTime=0

[4][NativeLibrary] Timezone=60

[4][NativeLibrary] SummerTime=0

[4][NativeLibrary] Timezone=60

[4][NativeLibrary] SummerTime=0

[4][NativeLibrary] Timezone=60

[4][NativeLibrary] SummerTime=0

[4][NativeLibrary] Timezone=60

[4][NativeLibrary] SummerTime=0

[4][NativeLibrary] Timezone=60

[4][NativeLibrary] SummerTime=0

[4][NativeLibrary] Timezone=60

[4][NativeLibrary] SummerTime=0

[4][NativeLibrary] Timezone=60

[4][NativeLibrary] SummerTime=0

[4][NativeLibrary] Timezone=60

[4][NativeLibrary] SummerTime=0

[4][NativeLibrary] Timezone=60

[4][NativeLibrary] SummerTime=0

[4][NativeLibrary] Timezone=60

[4][NativeLibrary] SummerTime=0

[4][NativeLibrary] Timezone=60

[4][NativeLibrary] SummerTime=0

[4][NativeLibrary] Timezone=60

[4][NativeLibrary] SummerTime=0

[4][NativeLibrary] Timezone=60

[4][NativeLibrary] SummerTime=0

[4][NativeLibrary] Timezone=60

[4][NativeLibrary] SummerTime=0

[4][NativeLibrary] Timezone=60

[4][NativeLibrary] SummerTime=0

[4][NativeLibrary] Timezone=60

[4][NativeLibrary] SummerTime=0

[4][NativeLibrary] Timezone=60

[4][NativeLibrary] SummerTime=0

[4][NativeLibrary] Timezone=60

[4][NativeLibrary] SummerTime=0

[4][NativeLibrary] Timezone=60

[4][NativeLibrary] SummerTime=0

[4][NativeLibrary] Timezone=60

[4][NativeLibrary] SummerTime=0

[4][NativeLibrary] Timezone=60

[4][NativeLibrary] SummerTime=0

[4][NativeLibrary] Timezone=60

[4][NativeLibrary] SummerTime=0

[4][NativeLibrary] Timezone=60

[4][NativeLibrary] SummerTime=0

[4][NativeLibrary] Timezone=60

[4][NativeLibrary] SummerTime=0

[4][NativeLibrary] Timezone=60

[4][NativeLibrary] SummerTime=0

[4][NativeLibrary] Timezone=60

[4][NativeLibrary] SummerTime=0

[4][NativeLibrary] Timezone=60

[4][NativeLibrary] SummerTime=0

[4][NativeLibrary] Timezone=60

[4][NativeLibrary] SummerTime=0

[4][NativeLibrary] Timezone=60

[4][NativeLibrary] SummerTime=0

[4][NativeLibrary] Timezone=60

[4][NativeLibrary] SummerTime=0

[4][NativeLibrary] Timezone=60

[4][NativeLibrary] SummerTime=0

[VK] FPS 31.6 | 31.66 ms/frame | min 29.10 max 34.41 ms | 32 framu | lsfg=0
[4][NativeLibrary] Timezone=60

[4][NativeLibrary] SummerTime=0

[4][NativeLibrary] Timezone=60

[4][NativeLibrary] SummerTime=0

[4][NativeLibrary] Timezone=60

[4][NativeLibrary] SummerTime=0

[4][NativeLibrary] Timezone=60

[4][NativeLibrary] SummerTime=0

[4][NativeLibrary] Timezone=60

[4][NativeLibrary] SummerTime=0

[4][NativeLibrary] Timezone=60

[4][NativeLibrary] SummerTime=0

[4][NativeLibrary] Timezone=60

[4][NativeLibrary] SummerTime=0

[4][NativeLibrary] Timezone=60

[4][NativeLibrary] SummerTime=0

[4][NativeLibrary] Timezone=60

[4][NativeLibrary] SummerTime=0

[4][NativeLibrary] Timezone=60

[4][NativeLibrary] SummerTime=0

[4][NativeLibrary] Timezone=60

[4][NativeLibrary] SummerTime=0

[4][NativeLibrary] Timezone=60

[4][NativeLibrary] SummerTime=0

[4][NativeLibrary] Timezone=60

[4][NativeLibrary] SummerTime=0

[4][NativeLibrary] Timezone=60

[4][NativeLibrary] SummerTime=0

[4][NativeLibrary] Timezone=60

[4][NativeLibrary] SummerTime=0

[4][NativeLibrary] Timezone=60

[4][NativeLibrary] SummerTime=0

[4][NativeLibrary] Timezone=60

[4][NativeLibrary] SummerTime=0

[4][NativeLibrary] Timezone=60

[4][NativeLibrary] SummerTime=0

[4][NativeLibrary] Timezone=60

[4][NativeLibrary] SummerTime=0

[4][NativeLibrary] Timezone=60

[4][NativeLibrary] SummerTime=0

[4][NativeLibrary] Timezone=60

[4][NativeLibrary] SummerTime=0

[4][NativeLibrary] Timezone=60

[4][NativeLibrary] SummerTime=0

[4][NativeLibrary] Timezone=60

[4][NativeLibrary] SummerTime=0

[4][NativeLibrary] Timezone=60

[4][NativeLibrary] SummerTime=0

[4][NativeLibrary] Timezone=60

[4][NativeLibrary] SummerTime=0

[4][NativeLibrary] Timezone=60

[4][NativeLibrary] SummerTime=0

[4][NativeLibrary] Timezone=60

[4][NativeLibrary] SummerTime=0

[4][NativeLibrary] Timezone=60

[4][NativeLibrary] SummerTime=0

[4][NativeLibrary] Timezone=60

[4][NativeLibrary] SummerTime=0

[4][NativeLibrary] Timezone=60

[4][NativeLibrary] SummerTime=0

[4][NativeLibrary] Timezone=60

[4][NativeLibrary] SummerTime=0

[4][NativeLibrary] Timezone=60

[4][NativeLibrary] SummerTime=0

[4][NativeLibrary] Timezone=60

[4][NativeLibrary] SummerTime=0

[4][NativeLibrary] Timezone=60

[4][NativeLibrary] SummerTime=0

[VK] FPS 33.2 | 30.15 ms/frame | min 29.25 max 31.42 ms | 34 framu | lsfg=0
[4][NativeLibrary] Timezone=60

[4][NativeLibrary] SummerTime=0

[4][NativeLibrary] Timezone=60

[4][NativeLibrary] SummerTime=0

[4][NativeLibrary] Timezone=60

[4][NativeLibrary] SummerTime=0

[4][NativeLibrary] Timezone=60

[4][NativeLibrary] SummerTime=0

[4][NativeLibrary] Timezone=60

[4][NativeLibrary] SummerTime=0

[4][NativeLibrary] Timezone=60

[4][NativeLibrary] SummerTime=0

[4][NativeLibrary] Timezone=60

[4][NativeLibrary] SummerTime=0

[4][NativeLibrary] Timezone=60

[4][NativeLibrary] SummerTime=0

[4][NativeLibrary] Timezone=60

[4][NativeLibrary] SummerTime=0

[4][NativeLibrary] Timezone=60

[4][NativeLibrary] SummerTime=0

[4][NativeLibrary] Timezone=60

[4][NativeLibrary] SummerTime=0

[4][NativeLibrary] Timezone=60

[4][NativeLibrary] SummerTime=0

[4][NativeLibrary] Timezone=60

[4][NativeLibrary] SummerTime=0

[4][NativeLibrary] Timezone=60

[4][NativeLibrary] SummerTime=0

[4][NativeLibrary] Timezone=60

[4][NativeLibrary] SummerTime=0

[4][NativeLibrary] Timezone=60

[4][NativeLibrary] SummerTime=0

[4][NativeLibrary] Timezone=60

[4][NativeLibrary] SummerTime=0

[4][NativeLibrary] Timezone=60

[4][NativeLibrary] SummerTime=0

[4][NativeLibrary] Timezone=60

[4][NativeLibrary] SummerTime=0

[4][NativeLibrary] Timezone=60

[4][NativeLibrary] SummerTime=0

[4][NativeLibrary] Timezone=60

[4][NativeLibrary] SummerTime=0

[4][NativeLibrary] Timezone=60

[4][NativeLibrary] SummerTime=0

[4][NativeLibrary] Timezone=60

[4][NativeLibrary] SummerTime=0

[4][NativeLibrary] Timezone=60

[4][NativeLibrary] SummerTime=0

[4][NativeLibrary] Timezone=60

[4][NativeLibrary] SummerTime=0

[4][NativeLibrary] Timezone=60

[4][NativeLibrary] SummerTime=0

[4][NativeLibrary] Timezone=60

[4][NativeLibrary] SummerTime=0

[4][NativeLibrary] Timezone=60

[4][NativeLibrary] SummerTime=0

[4][NativeLibrary] Timezone=60

[4][NativeLibrary] SummerTime=0

[4][NativeLibrary] Timezone=60

[4][NativeLibrary] SummerTime=0

[4][NativeLibrary] Timezone=60

[4][NativeLibrary] SummerTime=0

[4][NativeLibrary] Timezone=60

[4][NativeLibrary] SummerTime=0

[4][NativeLibrary] Timezone=60

[4][NativeLibrary] SummerTime=0

[VK] FPS 32.5 | 30.79 ms/frame | min 27.93 max 34.74 ms | 33 framu | lsfg=0
[4][NativeLibrary] Timezone=60

[4][NativeLibrary] SummerTime=0

[4][NativeLibrary] Timezone=60

[4][NativeLibrary] SummerTime=0

[4][NativeLibrary] Timezone=60

[4][NativeLibrary] SummerTime=0

[4][NativeLibrary] Timezone=60

[4][NativeLibrary] SummerTime=0

[4][NativeLibrary] Timezone=60

[4][NativeLibrary] SummerTime=0

[4][NativeLibrary] Timezone=60

[4][NativeLibrary] SummerTime=0

[4][NativeLibrary] Timezone=60

[4][NativeLibrary] SummerTime=0

[4][NativeLibrary] Timezone=60

[4][NativeLibrary] SummerTime=0

[4][NativeLibrary] Timezone=60

[4][NativeLibrary] SummerTime=0

[4][NativeLibrary] Timezone=60

[4][NativeLibrary] SummerTime=0

[4][NativeLibrary] Timezone=60

[4][NativeLibrary] SummerTime=0

[4][NativeLibrary] Timezone=60

[4][NativeLibrary] SummerTime=0

[4][NativeLibrary] Timezone=60

[4][NativeLibrary] SummerTime=0

[4][NativeLibrary] Timezone=60

[4][NativeLibrary] SummerTime=0

[4][NativeLibrary] Timezone=60

[4][NativeLibrary] SummerTime=0

[4][NativeLibrary] Timezone=60

[4][NativeLibrary] SummerTime=0

[4][NativeLibrary] Timezone=60

[4][NativeLibrary] SummerTime=0

[4][NativeLibrary] Timezone=60

[4][NativeLibrary] SummerTime=0

[4][NativeLibrary] Timezone=60

[4][NativeLibrary] SummerTime=0

[4][NativeLibrary] Timezone=60

[4][NativeLibrary] SummerTime=0

[4][NativeLibrary] Timezone=60

[4][NativeLibrary] SummerTime=0

[4][NativeLibrary] Timezone=60

[4][NativeLibrary] SummerTime=0

[4][NativeLibrary] Timezone=60

[4][NativeLibrary] SummerTime=0

[4][NativeLibrary] Timezone=60

[4][NativeLibrary] SummerTime=0

[4][NativeLibrary] Timezone=60

[4][NativeLibrary] SummerTime=0

[4][NativeLibrary] Timezone=60

[4][NativeLibrary] SummerTime=0

[4][NativeLibrary] Timezone=60

[4][NativeLibrary] SummerTime=0

[4][NativeLibrary] Timezone=60

[4][NativeLibrary] SummerTime=0

[4][NativeLibrary] Timezone=60

[4][NativeLibrary] SummerTime=0

[4][NativeLibrary] Timezone=60

[4][NativeLibrary] SummerTime=0

[4][NativeLibrary] Timezone=60

[4][NativeLibrary] SummerTime=0

[VK] FPS 30.2 | 33.08 ms/frame | min 31.51 max 35.99 ms | 31 framu | lsfg=0
[4][NativeLibrary] Timezone=60

[4][NativeLibrary] SummerTime=0

[4][NativeLibrary] Timezone=60

[4][NativeLibrary] SummerTime=0

[4][NativeLibrary] Timezone=60

[4][NativeLibrary] SummerTime=0

[4][NativeLibrary] Timezone=60

[4][NativeLibrary] SummerTime=0

[4][NativeLibrary] Timezone=60

[4][NativeLibrary] SummerTime=0

[4][NativeLibrary] Timezone=60

[4][NativeLibrary] SummerTime=0

[4][NativeLibrary] Timezone=60

[4][NativeLibrary] SummerTime=0

[4][NativeLibrary] Timezone=60

[4][NativeLibrary] SummerTime=0

[4][NativeLibrary] Timezone=60

[4][NativeLibrary] SummerTime=0

[4][NativeLibrary] Timezone=60

[4][NativeLibrary] SummerTime=0

[4][NativeLibrary] Timezone=60

[4][NativeLibrary] SummerTime=0

[4][NativeLibrary] Timezone=60

[4][NativeLibrary] SummerTime=0

[4][NativeLibrary] Timezone=60

[4][NativeLibrary] SummerTime=0

[4][NativeLibrary] Timezone=60

[4][NativeLibrary] SummerTime=0

[4][NativeLibrary] Timezone=60

[4][NativeLibrary] SummerTime=0

[4][NativeLibrary] Timezone=60

[4][NativeLibrary] SummerTime=0

[4][NativeLibrary] Timezone=60

[4][NativeLibrary] SummerTime=0

[4][NativeLibrary] Timezone=60

[4][NativeLibrary] SummerTime=0

[4][NativeLibrary] Timezone=60

[4][NativeLibrary] SummerTime=0

[4][NativeLibrary] Timezone=60

[4][NativeLibrary] SummerTime=0

[4][NativeLibrary] Timezone=60

[4][NativeLibrary] SummerTime=0

[4][NativeLibrary] Timezone=60

[4][NativeLibrary] SummerTime=0

[4][NativeLibrary] Timezone=60

[4][NativeLibrary] SummerTime=0

[4][NativeLibrary] Timezone=60

[4][NativeLibrary] SummerTime=0

[4][NativeLibrary] Timezone=60

[4][NativeLibrary] SummerTime=0

[4][NativeLibrary] Timezone=60

[4][NativeLibrary] SummerTime=0

[4][NativeLibrary] Timezone=60

[4][NativeLibrary] SummerTime=0

[4][NativeLibrary] Timezone=60

[4][NativeLibrary] SummerTime=0

[4][NativeLibrary] Timezone=60

[4][NativeLibrary] SummerTime=0

[4][NativeLibrary] Timezone=60

[4][NativeLibrary] SummerTime=0

[4][NativeLibrary] Timezone=60

[4][NativeLibrary] SummerTime=0

[4][NativeLibrary] Timezone=60

[4][NativeLibrary] SummerTime=0

[VK] FPS 31.1 | 32.16 ms/frame | min 29.32 max 61.18 ms | 32 framu | lsfg=0
[4][NativeLibrary] Timezone=60

[4][NativeLibrary] SummerTime=0

[4][NativeLibrary] Timezone=60

[4][NativeLibrary] SummerTime=0

[4][NativeLibrary] Timezone=60

[4][NativeLibrary] SummerTime=0

[4][NativeLibrary] Timezone=60

[4][NativeLibrary] SummerTime=0

[4][NativeLibrary] Timezone=60

[4][NativeLibrary] SummerTime=0

[4][NativeLibrary] Timezone=60

[4][NativeLibrary] SummerTime=0

[4][NativeLibrary] Timezone=60

[4][NativeLibrary] SummerTime=0

[4][NativeLibrary] Timezone=60

[4][NativeLibrary] SummerTime=0

[4][NativeLibrary] Timezone=60

[4][NativeLibrary] SummerTime=0

[4][NativeLibrary] Timezone=60

[4][NativeLibrary] SummerTime=0

[4][NativeLibrary] Timezone=60

[4][NativeLibrary] SummerTime=0

[4][NativeLibrary] Timezone=60

[4][NativeLibrary] SummerTime=0

[4][NativeLibrary] Timezone=60

[4][NativeLibrary] SummerTime=0

[4][NativeLibrary] Timezone=60

[4][NativeLibrary] SummerTime=0

[4][NativeLibrary] Timezone=60

[4][NativeLibrary] SummerTime=0

[4][NativeLibrary] Timezone=60

[4][NativeLibrary] SummerTime=0

[4][NativeLibrary] Timezone=60

[4][NativeLibrary] SummerTime=0

[4][NativeLibrary] Timezone=60

[4][NativeLibrary] SummerTime=0

[4][NativeLibrary] Timezone=60

[4][NativeLibrary] SummerTime=0

[4][NativeLibrary] Timezone=60

[4][NativeLibrary] SummerTime=0

[4][NativeLibrary] Timezone=60

[4][NativeLibrary] SummerTime=0

[4][NativeLibrary] Timezone=60

[4][NativeLibrary] SummerTime=0

[4][NativeLibrary] Timezone=60

[4][NativeLibrary] SummerTime=0

[4][NativeLibrary] Timezone=60

[4][NativeLibrary] SummerTime=0

[4][NativeLibrary] Timezone=60

[4][NativeLibrary] SummerTime=0

[4][NativeLibrary] Timezone=60

[4][NativeLibrary] SummerTime=0

[4][NativeLibrary] Timezone=60

[4][NativeLibrary] SummerTime=0

[4][NativeLibrary] Timezone=60

[4][NativeLibrary] SummerTime=0

[4][NativeLibrary] Timezone=60

[4][NativeLibrary] SummerTime=0

[4][NativeLibrary] Timezone=60

[4][NativeLibrary] SummerTime=0

[4][NativeLibrary] Timezone=60

[4][NativeLibrary] SummerTime=0

[4][NativeLibrary] Timezone=60

[4][NativeLibrary] SummerTime=0

[4][NativeLibrary] Timezone=60

[4][NativeLibrary] SummerTime=0

[4][NativeLibrary] Timezone=60

[4][NativeLibrary] SummerTime=0

[VK] FPS 33.3 | 30.06 ms/frame | min 26.57 max 31.11 ms | 34 framu | lsfg=0
[4][NativeLibrary] Timezone=60

[4][NativeLibrary] SummerTime=0

[4][NativeLibrary] Timezone=60

[4][NativeLibrary] SummerTime=0

[4][NativeLibrary] Timezone=60

[4][NativeLibrary] SummerTime=0

[4][NativeLibrary] Timezone=60

[4][NativeLibrary] SummerTime=0

[4][NativeLibrary] Timezone=60

[4][NativeLibrary] SummerTime=0

[4][NativeLibrary] Timezone=60

[4][NativeLibrary] SummerTime=0

[4][NativeLibrary] Timezone=60

[4][NativeLibrary] SummerTime=0

[4][NativeLibrary] Timezone=60

[4][NativeLibrary] SummerTime=0

[4][NativeLibrary] Timezone=60

[4][NativeLibrary] SummerTime=0

[4][NativeLibrary] Timezone=60

[4][NativeLibrary] SummerTime=0

[4][NativeLibrary] Timezone=60

[4][NativeLibrary] SummerTime=0

[4][NativeLibrary] Timezone=60

[4][NativeLibrary] SummerTime=0

[4][NativeLibrary] Timezone=60

[4][NativeLibrary] SummerTime=0

[4][NativeLibrary] Timezone=60

[4][NativeLibrary] SummerTime=0

[4][NativeLibrary] Timezone=60

[4][NativeLibrary] SummerTime=0

[4][NativeLibrary] Timezone=60

[4][NativeLibrary] SummerTime=0

[4][NativeLibrary] Timezone=60

[4][NativeLibrary] SummerTime=0

[4][NativeLibrary] Timezone=60

[4][NativeLibrary] SummerTime=0

[4][NativeLibrary] Timezone=60

[4][NativeLibrary] SummerTime=0

[4][NativeLibrary] Timezone=60

[4][NativeLibrary] SummerTime=0

[4][NativeLibrary] Timezone=60

[4][NativeLibrary] SummerTime=0

[4][NativeLibrary] Timezone=60

[4][NativeLibrary] SummerTime=0

[4][NativeLibrary] Timezone=60

[4][NativeLibrary] SummerTime=0

[4][NativeLibrary] Timezone=60

[4][NativeLibrary] SummerTime=0

[4][NativeLibrary] Timezone=60

[4][NativeLibrary] SummerTime=0

[4][NativeLibrary] Timezone=60

[4][NativeLibrary] SummerTime=0

[4][NativeLibrary] Timezone=60

[4][NativeLibrary] SummerTime=0

[4][NativeLibrary] Timezone=60

[4][NativeLibrary] SummerTime=0

[4][NativeLibrary] Timezone=60

[4][NativeLibrary] SummerTime=0

[4][NativeLibrary] Timezone=60

[4][NativeLibrary] SummerTime=0

[4][NativeLibrary] Timezone=60

[4][NativeLibrary] SummerTime=0

[4][NativeLibrary] Timezone=60

[4][NativeLibrary] SummerTime=0

[4][NativeLibrary] Timezone=60

[4][NativeLibrary] SummerTime=0

[4][NativeLibrary] Timezone=60

[4][NativeLibrary] SummerTime=0

[VK] FPS 33.4 | 29.94 ms/frame | min 26.90 max 32.01 ms | 34 framu | lsfg=0
[4][NativeLibrary] Timezone=60

[4][NativeLibrary] SummerTime=0

[4][NativeLibrary] Timezone=60

[4][NativeLibrary] SummerTime=0

[4][NativeLibrary] Timezone=60

[4][NativeLibrary] SummerTime=0

[4][NativeLibrary] Timezone=60

[4][NativeLibrary] SummerTime=0

[4][NativeLibrary] Timezone=60

[4][NativeLibrary] SummerTime=0

[4][NativeLibrary] Timezone=60

[4][NativeLibrary] SummerTime=0

[4][NativeLibrary] Timezone=60

[4][NativeLibrary] SummerTime=0

[4][NativeLibrary] Timezone=60

[4][NativeLibrary] SummerTime=0

[4][NativeLibrary] Timezone=60

[4][NativeLibrary] SummerTime=0

[4][NativeLibrary] Timezone=60

[4][NativeLibrary] SummerTime=0

[4][NativeLibrary] Timezone=60

[4][NativeLibrary] SummerTime=0

[4][NativeLibrary] Timezone=60

[4][NativeLibrary] SummerTime=0

[4][NativeLibrary] Timezone=60

[4][NativeLibrary] SummerTime=0

[4][NativeLibrary] Timezone=60

[4][NativeLibrary] SummerTime=0

[4][NativeLibrary] Timezone=60

[4][NativeLibrary] SummerTime=0

[4][NativeLibrary] Timezone=60

[4][NativeLibrary] SummerTime=0

[4][NativeLibrary] Timezone=60

[4][NativeLibrary] SummerTime=0

[4][NativeLibrary] Timezone=60

[4][NativeLibrary] SummerTime=0

[4][NativeLibrary] Timezone=60

[4][NativeLibrary] SummerTime=0

[4][NativeLibrary] Timezone=60

[4][NativeLibrary] SummerTime=0

[4][NativeLibrary] Timezone=60

[4][NativeLibrary] SummerTime=0

[4][NativeLibrary] Timezone=60

[4][NativeLibrary] SummerTime=0

[4][NativeLibrary] Timezone=60

[4][NativeLibrary] SummerTime=0

[4][NativeLibrary] Timezone=60

[4][NativeLibrary] SummerTime=0

[4][NativeLibrary] Timezone=60

[4][NativeLibrary] SummerTime=0

[4][NativeLibrary] Timezone=60

[4][NativeLibrary] SummerTime=0

[4][NativeLibrary] Timezone=60

[4][NativeLibrary] SummerTime=0

[4][NativeLibrary] Timezone=60

[4][NativeLibrary] SummerTime=0

[4][NativeLibrary] Timezone=60

[4][NativeLibrary] SummerTime=0

[4][NativeLibrary] Timezone=60

[4][NativeLibrary] SummerTime=0

[4][NativeLibrary] Timezone=60

[4][NativeLibrary] SummerTime=0

[4][NativeLibrary] Timezone=60

[4][NativeLibrary] SummerTime=0

[VK] FPS 31.9 | 31.30 ms/frame | min 28.82 max 33.76 ms | 32 framu | lsfg=0
[4][NativeLibrary] Timezone=60

[4][NativeLibrary] SummerTime=0

[4][NativeLibrary] Timezone=60

[4][NativeLibrary] SummerTime=0

[4][NativeLibrary] Timezone=60

[4][NativeLibrary] SummerTime=0

[4][NativeLibrary] Timezone=60

[4][NativeLibrary] SummerTime=0

[4][NativeLibrary] Timezone=60

[4][NativeLibrary] SummerTime=0

[4][NativeLibrary] Timezone=60

[4][NativeLibrary] SummerTime=0

[4][NativeLibrary] Timezone=60

[4][NativeLibrary] SummerTime=0

[4][NativeLibrary] Timezone=60

[4][NativeLibrary] SummerTime=0

[4][NativeLibrary] Timezone=60

[4][NativeLibrary] SummerTime=0

[4][NativeLibrary] Timezone=60

[4][NativeLibrary] SummerTime=0

[4][NativeLibrary] Timezone=60

[4][NativeLibrary] SummerTime=0

[4][NativeLibrary] Timezone=60

[4][NativeLibrary] SummerTime=0

[4][NativeLibrary] Timezone=60

[4][NativeLibrary] SummerTime=0

[4][NativeLibrary] Timezone=60

[4][NativeLibrary] SummerTime=0

[4][NativeLibrary] Timezone=60

[4][NativeLibrary] SummerTime=0

[4][NativeLibrary] Timezone=60

[4][NativeLibrary] SummerTime=0

[4][NativeLibrary] Timezone=60

[4][NativeLibrary] SummerTime=0

[4][NativeLibrary] Timezone=60

[4][NativeLibrary] SummerTime=0

[4][NativeLibrary] Timezone=60

[4][NativeLibrary] SummerTime=0

[4][NativeLibrary] Timezone=60

[4][NativeLibrary] SummerTime=0

[4][NativeLibrary] Timezone=60

[4][NativeLibrary] SummerTime=0

[4][NativeLibrary] Timezone=60

[4][NativeLibrary] SummerTime=0

[4][NativeLibrary] Timezone=60

[4][NativeLibrary] SummerTime=0

[4][NativeLibrary] Timezone=60

[4][NativeLibrary] SummerTime=0

[4][NativeLibrary] Timezone=60

[4][NativeLibrary] SummerTime=0

[4][NativeLibrary] Timezone=60

[4][NativeLibrary] SummerTime=0

[4][NativeLibrary] Timezone=60

[4][NativeLibrary] SummerTime=0

[4][NativeLibrary] Timezone=60

[4][NativeLibrary] SummerTime=0

[4][NativeLibrary] Timezone=60

[4][NativeLibrary] SummerTime=0

[4][NativeLibrary] Timezone=60

[4][NativeLibrary] SummerTime=0

[4][NativeLibrary] Timezone=60

[4][NativeLibrary] SummerTime=0

[4][NativeLibrary] Timezone=60

[4][NativeLibrary] SummerTime=0

[4][NativeLibrary] Timezone=60

[4][NativeLibrary] SummerTime=0

[VK] FPS 33.0 | 30.34 ms/frame | min 28.56 max 33.10 ms | 33 framu | lsfg=0
[4][NativeLibrary] Timezone=60

[4][NativeLibrary] SummerTime=0

[4][NativeLibrary] Timezone=60

[4][NativeLibrary] SummerTime=0

[4][NativeLibrary] Timezone=60

[4][NativeLibrary] SummerTime=0

[4][NativeLibrary] Timezone=60

[4][NativeLibrary] SummerTime=0

[4][NativeLibrary] Timezone=60

[4][NativeLibrary] SummerTime=0

[4][NativeLibrary] Timezone=60

[4][NativeLibrary] SummerTime=0

[4][NativeLibrary] Timezone=60

[4][NativeLibrary] SummerTime=0

[4][NativeLibrary] Timezone=60

[4][NativeLibrary] SummerTime=0

[4][NativeLibrary] Timezone=60

[4][NativeLibrary] SummerTime=0

[4][NativeLibrary] Timezone=60

[4][NativeLibrary] SummerTime=0

[4][NativeLibrary] Timezone=60

[4][NativeLibrary] SummerTime=0

[4][NativeLibrary] Timezone=60

[4][NativeLibrary] SummerTime=0

[4][NativeLibrary] Timezone=60

[4][NativeLibrary] SummerTime=0

[4][NativeLibrary] Timezone=60

[4][NativeLibrary] SummerTime=0

[4][NativeLibrary] Timezone=60

[4][NativeLibrary] SummerTime=0

[4][NativeLibrary] Timezone=60

[4][NativeLibrary] SummerTime=0

[4][NativeLibrary] Timezone=60

[4][NativeLibrary] SummerTime=0

[4][NativeLibrary] Timezone=60

[4][NativeLibrary] SummerTime=0

[4][NativeLibrary] Timezone=60

[4][NativeLibrary] SummerTime=0

[4][NativeLibrary] Timezone=60

[4][NativeLibrary] SummerTime=0

[4][NativeLibrary] Timezone=60

[4][NativeLibrary] SummerTime=0

[4][NativeLibrary] Timezone=60

[4][NativeLibrary] SummerTime=0

[4][NativeLibrary] Timezone=60

[4][NativeLibrary] SummerTime=0

[4][NativeLibrary] Timezone=60

[4][NativeLibrary] SummerTime=0

[4][NativeLibrary] Timezone=60

[4][NativeLibrary] SummerTime=0

[4][NativeLibrary] Timezone=60

[4][NativeLibrary] SummerTime=0

[4][NativeLibrary] Timezone=60

[4][NativeLibrary] SummerTime=0

[4][NativeLibrary] Timezone=60

[4][NativeLibrary] SummerTime=0

[4][NativeLibrary] Timezone=60

[4][NativeLibrary] SummerTime=0

[4][NativeLibrary] Timezone=60

[4][NativeLibrary] SummerTime=0

[4][NativeLibrary] Timezone=60

[4][NativeLibrary] SummerTime=0

[4][NativeLibrary] Timezone=60

[4][NativeLibrary] SummerTime=0

[4][NativeLibrary] Timezone=60

[4][NativeLibrary] SummerTime=0

[4][NativeLibrary] Timezone=60

[4][NativeLibrary] SummerTime=0

[VK] FPS 33.4 | 29.92 ms/frame | min 27.82 max 32.50 ms | 34 framu | lsfg=0
[4][NativeLibrary] Timezone=60

[4][NativeLibrary] SummerTime=0

[4][NativeLibrary] Timezone=60

[4][NativeLibrary] SummerTime=0

[4][NativeLibrary] Timezone=60

[4][NativeLibrary] SummerTime=0

[4][NativeLibrary] Timezone=60

[4][NativeLibrary] SummerTime=0

[4][NativeLibrary] Timezone=60

[4][NativeLibrary] SummerTime=0

[4][NativeLibrary] Timezone=60

[4][NativeLibrary] SummerTime=0

[4][NativeLibrary] Timezone=60

[4][NativeLibrary] SummerTime=0

[4][NativeLibrary] Timezone=60

[4][NativeLibrary] SummerTime=0

[4][NativeLibrary] Timezone=60

[4][NativeLibrary] SummerTime=0

[4][NativeLibrary] Timezone=60

[4][NativeLibrary] SummerTime=0

[4][NativeLibrary] Timezone=60

[4][NativeLibrary] SummerTime=0

[4][NativeLibrary] Timezone=60

[4][NativeLibrary] SummerTime=0

[4][NativeLibrary] Timezone=60

[4][NativeLibrary] SummerTime=0

[4][NativeLibrary] Timezone=60

[4][NativeLibrary] SummerTime=0

[4][NativeLibrary] Timezone=60

[4][NativeLibrary] SummerTime=0

[4][NativeLibrary] Timezone=60

[4][NativeLibrary] SummerTime=0

[4][NativeLibrary] Timezone=60

[4][NativeLibrary] SummerTime=0

[4][NativeLibrary] Timezone=60

[4][NativeLibrary] SummerTime=0

[4][NativeLibrary] Timezone=60

[4][NativeLibrary] SummerTime=0

[4][NativeLibrary] Timezone=60

[4][NativeLibrary] SummerTime=0

[4][NativeLibrary] Timezone=60

[4][NativeLibrary] SummerTime=0

[4][NativeLibrary] Timezone=60

[4][NativeLibrary] SummerTime=0

[4][NativeLibrary] Timezone=60

[4][NativeLibrary] SummerTime=0

[4][NativeLibrary] Timezone=60

[4][NativeLibrary] SummerTime=0

[4][NativeLibrary] Timezone=60

[4][NativeLibrary] SummerTime=0

[4][NativeLibrary] Timezone=60

[4][NativeLibrary] SummerTime=0

[4][NativeLibrary] Timezone=60

[4][NativeLibrary] SummerTime=0

[4][NativeLibrary] Timezone=60

[4][NativeLibrary] SummerTime=0

[4][NativeLibrary] Timezone=60

[4][NativeLibrary] SummerTime=0

[4][NativeLibrary] Timezone=60

[4][NativeLibrary] SummerTime=0

[4][NativeLibrary] Timezone=60

[4][NativeLibrary] SummerTime=0

[4][NativeLibrary] Timezone=60

[4][NativeLibrary] SummerTime=0

[VK] FPS 31.6 | 31.63 ms/frame | min 30.77 max 33.82 ms | 32 framu | lsfg=0
[4][NativeLibrary] Timezone=60

[4][NativeLibrary] SummerTime=0

[4][NativeLibrary] Timezone=60

[4][NativeLibrary] SummerTime=0

[4][NativeLibrary] Timezone=60

[4][NativeLibrary] SummerTime=0

[4][NativeLibrary] Timezone=60

[4][NativeLibrary] SummerTime=0

[4][NativeLibrary] Timezone=60

[4][NativeLibrary] SummerTime=0

[4][NativeLibrary] Timezone=60

[4][NativeLibrary] SummerTime=0

[4][NativeLibrary] Timezone=60

[4][NativeLibrary] SummerTime=0

[4][NativeLibrary] Timezone=60

[4][NativeLibrary] SummerTime=0

[4][NativeLibrary] Timezone=60

[4][NativeLibrary] SummerTime=0

[4][NativeLibrary] Timezone=60

[4][NativeLibrary] SummerTime=0

[4][NativeLibrary] Timezone=60

[4][NativeLibrary] SummerTime=0

[4][NativeLibrary] Timezone=60

[4][NativeLibrary] SummerTime=0

[4][NativeLibrary] Timezone=60

[4][NativeLibrary] SummerTime=0

[4][NativeLibrary] Timezone=60

[4][NativeLibrary] SummerTime=0

[4][NativeLibrary] Timezone=60

[4][NativeLibrary] SummerTime=0

[4][NativeLibrary] Timezone=60

[4][NativeLibrary] SummerTime=0

[4][NativeLibrary] Timezone=60

[4][NativeLibrary] SummerTime=0

[4][NativeLibrary] Timezone=60

[4][NativeLibrary] SummerTime=0

[4][NativeLibrary] Timezone=60

[4][NativeLibrary] SummerTime=0

[4][NativeLibrary] Timezone=60

[4][NativeLibrary] SummerTime=0

[4][NativeLibrary] Timezone=60

[4][NativeLibrary] SummerTime=0

[4][NativeLibrary] Timezone=60

[4][NativeLibrary] SummerTime=0

[4][NativeLibrary] Timezone=60

[4][NativeLibrary] SummerTime=0

[4][NativeLibrary] Timezone=60

[4][NativeLibrary] SummerTime=0

[4][NativeLibrary] Timezone=60

[4][NativeLibrary] SummerTime=0

[4][NativeLibrary] Timezone=60

[4][NativeLibrary] SummerTime=0

[4][NativeLibrary] Timezone=60

[4][NativeLibrary] SummerTime=0

[4][NativeLibrary] Timezone=60

[4][NativeLibrary] SummerTime=0

[4][NativeLibrary] Timezone=60

[4][NativeLibrary] SummerTime=0

[4][NativeLibrary] Timezone=60

[4][NativeLibrary] SummerTime=0

[4][NativeLibrary] Timezone=60

[4][NativeLibrary] SummerTime=0

[4][NativeLibrary] Timezone=60

[4][NativeLibrary] SummerTime=0

[VK] FPS 31.6 | 31.68 ms/frame | min 28.81 max 40.10 ms | 32 framu | lsfg=0
[4][NativeLibrary] Timezone=60

[4][NativeLibrary] SummerTime=0

[4][NativeLibrary] Timezone=60

[4][NativeLibrary] SummerTime=0

[4][NativeLibrary] Timezone=60

[4][NativeLibrary] SummerTime=0

[4][NativeLibrary] Timezone=60

[4][NativeLibrary] SummerTime=0

[4][NativeLibrary] Timezone=60

[4][NativeLibrary] SummerTime=0

[4][NativeLibrary] Timezone=60

[4][NativeLibrary] SummerTime=0

[4][NativeLibrary] Timezone=60

[4][NativeLibrary] SummerTime=0

[4][NativeLibrary] Timezone=60

[4][NativeLibrary] SummerTime=0

[4][NativeLibrary] Timezone=60

[4][NativeLibrary] SummerTime=0

[4][NativeLibrary] Timezone=60

[4][NativeLibrary] SummerTime=0

[4][NativeLibrary] Timezone=60

[4][NativeLibrary] SummerTime=0

[4][NativeLibrary] Timezone=60

[4][NativeLibrary] SummerTime=0

[4][NativeLibrary] Timezone=60

[4][NativeLibrary] SummerTime=0

[4][NativeLibrary] Timezone=60

[4][NativeLibrary] SummerTime=0

[4][NativeLibrary] Timezone=60

[4][NativeLibrary] SummerTime=0

[4][NativeLibrary] Timezone=60

[4][NativeLibrary] SummerTime=0

[4][NativeLibrary] Timezone=60

[4][NativeLibrary] SummerTime=0

[4][NativeLibrary] Timezone=60

[4][NativeLibrary] SummerTime=0

[4][NativeLibrary] Timezone=60

[4][NativeLibrary] SummerTime=0

[4][NativeLibrary] Timezone=60

[4][NativeLibrary] SummerTime=0

[4][NativeLibrary] Timezone=60

[4][NativeLibrary] SummerTime=0

[4][NativeLibrary] Timezone=60

[4][NativeLibrary] SummerTime=0

[4][NativeLibrary] Timezone=60

[4][NativeLibrary] SummerTime=0

[4][NativeLibrary] Timezone=60

[4][NativeLibrary] SummerTime=0

[4][NativeLibrary] Timezone=60

[4][NativeLibrary] SummerTime=0

[4][NativeLibrary] Timezone=60

[4][NativeLibrary] SummerTime=0

[4][NativeLibrary] Timezone=60

[4][NativeLibrary] SummerTime=0

[4][NativeLibrary] Timezone=60

[4][NativeLibrary] SummerTime=0

[4][NativeLibrary] Timezone=60

[4][NativeLibrary] SummerTime=0

[4][NativeLibrary] Timezone=60

[4][NativeLibrary] SummerTime=0

[4][NativeLibrary] Timezone=60

[4][NativeLibrary] SummerTime=0

[4][NativeLibrary] Timezone=60

[4][NativeLibrary] SummerTime=0

[VK] FPS 31.3 | 31.95 ms/frame | min 31.14 max 34.45 ms | 32 framu | lsfg=0
[4][NativeLibrary] Timezone=60

[4][NativeLibrary] SummerTime=0

[4][NativeLibrary] Timezone=60

[4][NativeLibrary] SummerTime=0

[4][NativeLibrary] Timezone=60

[4][NativeLibrary] SummerTime=0

[4][NativeLibrary] Timezone=60

[4][NativeLibrary] SummerTime=0

[4][NativeLibrary] Timezone=60

[4][NativeLibrary] SummerTime=0

[4][NativeLibrary] Timezone=60

[4][NativeLibrary] SummerTime=0

[4][NativeLibrary] Timezone=60

[4][NativeLibrary] SummerTime=0

[4][NativeLibrary] Timezone=60

[4][NativeLibrary] SummerTime=0

[4][NativeLibrary] Timezone=60

[4][NativeLibrary] SummerTime=0

[4][NativeLibrary] Timezone=60

[4][NativeLibrary] SummerTime=0

[4][NativeLibrary] Timezone=60

[4][NativeLibrary] SummerTime=0

[4][NativeLibrary] Timezone=60

[4][NativeLibrary] SummerTime=0

[4][NativeLibrary] Timezone=60

[4][NativeLibrary] SummerTime=0

[4][NativeLibrary] Timezone=60

[4][NativeLibrary] SummerTime=0

[4][NativeLibrary] Timezone=60

[4][NativeLibrary] SummerTime=0

[4][NativeLibrary] Timezone=60

[4][NativeLibrary] SummerTime=0

[4][NativeLibrary] Timezone=60

[4][NativeLibrary] SummerTime=0

[4][NativeLibrary] Timezone=60

[4][NativeLibrary] SummerTime=0

[4][NativeLibrary] Timezone=60

[4][NativeLibrary] SummerTime=0

[4][NativeLibrary] Timezone=60

[4][NativeLibrary] SummerTime=0

[4][NativeLibrary] Timezone=60

[4][NativeLibrary] SummerTime=0

[4][NativeLibrary] Timezone=60

[4][NativeLibrary] SummerTime=0

[4][NativeLibrary] Timezone=60

[4][NativeLibrary] SummerTime=0

[4][NativeLibrary] Timezone=60

[4][NativeLibrary] SummerTime=0

[4][NativeLibrary] Timezone=60

[4][NativeLibrary] SummerTime=0

[4][NativeLibrary] Timezone=60

[4][NativeLibrary] SummerTime=0

[4][NativeLibrary] Timezone=60

[4][NativeLibrary] SummerTime=0

[4][NativeLibrary] Timezone=60

[4][NativeLibrary] SummerTime=0

[4][NativeLibrary] Timezone=60

[4][NativeLibrary] SummerTime=0

[4][NativeLibrary] Timezone=60

[4][NativeLibrary] SummerTime=0

[4][NativeLibrary] Timezone=60

[4][NativeLibrary] SummerTime=0

[4][NativeLibrary] Timezone=60

[4][NativeLibrary] SummerTime=0

[4][NativeLibrary] Timezone=60

[4][NativeLibrary] SummerTime=0

[VK] FPS 32.4 | 30.86 ms/frame | min 28.20 max 32.61 ms | 33 framu | lsfg=0
[4][NativeLibrary] Timezone=60

[4][NativeLibrary] SummerTime=0

[4][NativeLibrary] Timezone=60

[4][NativeLibrary] SummerTime=0

[4][NativeLibrary] Timezone=60

[4][NativeLibrary] SummerTime=0

[4][NativeLibrary] Timezone=60

[4][NativeLibrary] SummerTime=0

[4][NativeLibrary] Timezone=60

[4][NativeLibrary] SummerTime=0

[4][NativeLibrary] Timezone=60

[4][NativeLibrary] SummerTime=0

[4][NativeLibrary] Timezone=60

[4][NativeLibrary] SummerTime=0

[4][NativeLibrary] Timezone=60

[4][NativeLibrary] SummerTime=0

[4][NativeLibrary] Timezone=60

[4][NativeLibrary] SummerTime=0

[4][NativeLibrary] Timezone=60

[4][NativeLibrary] SummerTime=0

[4][NativeLibrary] Timezone=60

[4][NativeLibrary] SummerTime=0

[4][NativeLibrary] Timezone=60

[4][NativeLibrary] SummerTime=0

[4][NativeLibrary] Timezone=60

[4][NativeLibrary] SummerTime=0

[4][NativeLibrary] Timezone=60

[4][NativeLibrary] SummerTime=0

[4][NativeLibrary] Timezone=60

[4][NativeLibrary] SummerTime=0

[4][NativeLibrary] Timezone=60

[4][NativeLibrary] SummerTime=0

[4][NativeLibrary] Timezone=60

[4][NativeLibrary] SummerTime=0

[4][NativeLibrary] Timezone=60

[4][NativeLibrary] SummerTime=0

[4][NativeLibrary] Timezone=60

[4][NativeLibrary] SummerTime=0

[4][NativeLibrary] Timezone=60

[4][NativeLibrary] SummerTime=0

[4][NativeLibrary] Timezone=60

[4][NativeLibrary] SummerTime=0

[4][NativeLibrary] Timezone=60

[4][NativeLibrary] SummerTime=0

[4][NativeLibrary] Timezone=60

[4][NativeLibrary] SummerTime=0

[4][NativeLibrary] Timezone=60

[4][NativeLibrary] SummerTime=0

[4][NativeLibrary] Timezone=60

[4][NativeLibrary] SummerTime=0

[4][NativeLibrary] Timezone=60

[4][NativeLibrary] SummerTime=0

[4][NativeLibrary] Timezone=60

[4][NativeLibrary] SummerTime=0

[4][NativeLibrary] Timezone=60

[4][NativeLibrary] SummerTime=0

[4][NativeLibrary] Timezone=60

[4][NativeLibrary] SummerTime=0

[4][NativeLibrary] Timezone=60

[4][NativeLibrary] SummerTime=0

[4][NativeLibrary] Timezone=60

[4][NativeLibrary] SummerTime=0

[VK] FPS 30.5 | 32.77 ms/frame | min 28.78 max 44.30 ms | 31 framu | lsfg=0
[4][NativeLibrary] Timezone=60

[4][NativeLibrary] SummerTime=0

[4][NativeLibrary] Timezone=60

[4][NativeLibrary] SummerTime=0

[4][NativeLibrary] Timezone=60

[4][NativeLibrary] SummerTime=0

[4][NativeLibrary] Timezone=60

[4][NativeLibrary] SummerTime=0

[4][NativeLibrary] Timezone=60

[4][NativeLibrary] SummerTime=0

[4][NativeLibrary] Timezone=60

[4][NativeLibrary] SummerTime=0

[4][NativeLibrary] Timezone=60

[4][NativeLibrary] SummerTime=0

[4][NativeLibrary] Timezone=60

[4][NativeLibrary] SummerTime=0

[4][NativeLibrary] Timezone=60

[4][NativeLibrary] SummerTime=0

[4][NativeLibrary] Timezone=60

[4][NativeLibrary] SummerTime=0

[4][NativeLibrary] Timezone=60

[4][NativeLibrary] SummerTime=0

[4][NativeLibrary] Timezone=60

[4][NativeLibrary] SummerTime=0

[4][NativeLibrary] Timezone=60

[4][NativeLibrary] SummerTime=0

[4][NativeLibrary] Timezone=60

[4][NativeLibrary] SummerTime=0

[4][NativeLibrary] Timezone=60

[4][NativeLibrary] SummerTime=0

[4][NativeLibrary] Timezone=60

[4][NativeLibrary] SummerTime=0

[4][NativeLibrary] Timezone=60

[4][NativeLibrary] SummerTime=0

[4][NativeLibrary] Timezone=60

[4][NativeLibrary] SummerTime=0

[4][NativeLibrary] Timezone=60

[4][NativeLibrary] SummerTime=0

[4][NativeLibrary] Timezone=60

[4][NativeLibrary] SummerTime=0

[4][NativeLibrary] Timezone=60

[4][NativeLibrary] SummerTime=0

[4][NativeLibrary] Timezone=60

[4][NativeLibrary] SummerTime=0

[4][NativeLibrary] Timezone=60

[4][NativeLibrary] SummerTime=0

[4][NativeLibrary] Timezone=60

[4][NativeLibrary] SummerTime=0

[4][NativeLibrary] Timezone=60

[4][NativeLibrary] SummerTime=0

[4][NativeLibrary] Timezone=60

[4][NativeLibrary] SummerTime=0

[4][NativeLibrary] Timezone=60

[4][NativeLibrary] SummerTime=0

[4][NativeLibrary] Timezone=60

[4][NativeLibrary] SummerTime=0

[4][NativeLibrary] Timezone=60

[4][NativeLibrary] SummerTime=0

[4][NativeLibrary] Timezone=60

[4][NativeLibrary] SummerTime=0

[4][NativeLibrary] Timezone=60

[4][NativeLibrary] SummerTime=0

[4][NativeLibrary] Timezone=60

[4][NativeLibrary] SummerTime=0

[VK] FPS 31.9 | 31.38 ms/frame | min 28.48 max 34.71 ms | 32 framu | lsfg=0
[4][NativeLibrary] Timezone=60

[4][NativeLibrary] SummerTime=0

[4][NativeLibrary] Timezone=60

[4][NativeLibrary] SummerTime=0

[4][NativeLibrary] Timezone=60

[4][NativeLibrary] SummerTime=0

[4][NativeLibrary] Timezone=60

[4][NativeLibrary] SummerTime=0

[4][NativeLibrary] Timezone=60

[4][NativeLibrary] SummerTime=0

[4][NativeLibrary] Timezone=60

[4][NativeLibrary] SummerTime=0

[4][NativeLibrary] Timezone=60

[4][NativeLibrary] SummerTime=0

[4][NativeLibrary] Timezone=60

[4][NativeLibrary] SummerTime=0

[4][NativeLibrary] Timezone=60

[4][NativeLibrary] SummerTime=0

[4][NativeLibrary] Timezone=60

[4][NativeLibrary] SummerTime=0

[4][NativeLibrary] Timezone=60

[4][NativeLibrary] SummerTime=0

[4][NativeLibrary] Timezone=60

[4][NativeLibrary] SummerTime=0

[4][NativeLibrary] Timezone=60

[4][NativeLibrary] SummerTime=0

[4][NativeLibrary] Timezone=60

[4][NativeLibrary] SummerTime=0

[4][NativeLibrary] Timezone=60

[4][NativeLibrary] SummerTime=0

[4][NativeLibrary] Timezone=60

[4][NativeLibrary] SummerTime=0

[4][NativeLibrary] Timezone=60

[4][NativeLibrary] SummerTime=0

[4][NativeLibrary] Timezone=60

[4][NativeLibrary] SummerTime=0

[4][NativeLibrary] Timezone=60

[4][NativeLibrary] SummerTime=0

[4][NativeLibrary] Timezone=60

[4][NativeLibrary] SummerTime=0

[4][NativeLibrary] Timezone=60

[4][NativeLibrary] SummerTime=0

[4][NativeLibrary] Timezone=60

[4][NativeLibrary] SummerTime=0

[4][NativeLibrary] Timezone=60

[4][NativeLibrary] SummerTime=0

[4][NativeLibrary] Timezone=60

[4][NativeLibrary] SummerTime=0

[4][NativeLibrary] Timezone=60

[4][NativeLibrary] SummerTime=0

[4][NativeLibrary] Timezone=60

[4][NativeLibrary] SummerTime=0

[4][NativeLibrary] Timezone=60

[4][NativeLibrary] SummerTime=0

[4][NativeLibrary] Timezone=60

[4][NativeLibrary] SummerTime=0

[4][NativeLibrary] Timezone=60

[4][NativeLibrary] SummerTime=0

[4][NativeLibrary] Timezone=60

[4][NativeLibrary] SummerTime=0

[4][NativeLibrary] Timezone=60

[4][NativeLibrary] SummerTime=0

[4][NativeLibrary] Timezone=60

[4][NativeLibrary] SummerTime=0

[VK] FPS 31.6 | 31.61 ms/frame | min 30.65 max 33.13 ms | 32 framu | lsfg=0
[4][NativeLibrary] Timezone=60

[4][NativeLibrary] SummerTime=0

[4][NativeLibrary] Timezone=60

[4][NativeLibrary] SummerTime=0

[4][NativeLibrary] Timezone=60

[4][NativeLibrary] SummerTime=0

[4][NativeLibrary] Timezone=60

[4][NativeLibrary] SummerTime=0

[4][NativeLibrary] Timezone=60

[4][NativeLibrary] SummerTime=0

[4][NativeLibrary] Timezone=60

[4][NativeLibrary] SummerTime=0

[4][NativeLibrary] Timezone=60

[4][NativeLibrary] SummerTime=0

[4][NativeLibrary] Timezone=60

[4][NativeLibrary] SummerTime=0

[4][NativeLibrary] Timezone=60

[4][NativeLibrary] SummerTime=0

[4][NativeLibrary] Timezone=60

[4][NativeLibrary] SummerTime=0

[4][NativeLibrary] Timezone=60

[4][NativeLibrary] SummerTime=0

[4][NativeLibrary] Timezone=60

[4][NativeLibrary] SummerTime=0

[4][NativeLibrary] Timezone=60

[4][NativeLibrary] SummerTime=0

[4][NativeLibrary] Timezone=60

[4][NativeLibrary] SummerTime=0

[4][NativeLibrary] Timezone=60

[4][NativeLibrary] SummerTime=0

[4][NativeLibrary] Timezone=60

[4][NativeLibrary] SummerTime=0

[4][NativeLibrary] Timezone=60

[4][NativeLibrary] SummerTime=0

[4][NativeLibrary] Timezone=60

[4][NativeLibrary] SummerTime=0

[4][NativeLibrary] Timezone=60

[4][NativeLibrary] SummerTime=0

[4][NativeLibrary] Timezone=60

[4][NativeLibrary] SummerTime=0

[4][NativeLibrary] Timezone=60

[4][NativeLibrary] SummerTime=0

[4][NativeLibrary] Timezone=60

[4][NativeLibrary] SummerTime=0

[4][NativeLibrary] Timezone=60

[4][NativeLibrary] SummerTime=0

[4][NativeLibrary] Timezone=60

[4][NativeLibrary] SummerTime=0

[4][NativeLibrary] Timezone=60

[4][NativeLibrary] SummerTime=0

[4][NativeLibrary] Timezone=60

[4][NativeLibrary] SummerTime=0

[4][NativeLibrary] Timezone=60

[4][NativeLibrary] SummerTime=0

[4][NativeLibrary] Timezone=60

[4][NativeLibrary] SummerTime=0

[4][NativeLibrary] Timezone=60

[4][NativeLibrary] SummerTime=0

[4][NativeLibrary] Timezone=60

[4][NativeLibrary] SummerTime=0

[4][NativeLibrary] Timezone=60

[4][NativeLibrary] SummerTime=0

[4][NativeLibrary] Timezone=60

[4][NativeLibrary] SummerTime=0

[VK] FPS 31.9 | 31.38 ms/frame | min 28.84 max 34.20 ms | 32 framu | lsfg=0
[4][NativeLibrary] Timezone=60

[4][NativeLibrary] SummerTime=0

[4][NativeLibrary] Timezone=60

[4][NativeLibrary] SummerTime=0

[4][NativeLibrary] Timezone=60

[4][NativeLibrary] SummerTime=0

[4][NativeLibrary] Timezone=60

[4][NativeLibrary] SummerTime=0

[4][NativeLibrary] Timezone=60

[4][NativeLibrary] SummerTime=0

[4][NativeLibrary] Timezone=60

[4][NativeLibrary] SummerTime=0

[4][NativeLibrary] Timezone=60

[4][NativeLibrary] SummerTime=0

[4][NativeLibrary] Timezone=60

[4][NativeLibrary] SummerTime=0

[4][NativeLibrary] Timezone=60

[4][NativeLibrary] SummerTime=0

[4][NativeLibrary] Timezone=60

[4][NativeLibrary] SummerTime=0

[4][NativeLibrary] Timezone=60

[4][NativeLibrary] SummerTime=0

[4][NativeLibrary] Timezone=60

[4][NativeLibrary] SummerTime=0

[4][NativeLibrary] Timezone=60

[4][NativeLibrary] SummerTime=0

[4][NativeLibrary] Timezone=60

[4][NativeLibrary] SummerTime=0

[4][NativeLibrary] Timezone=60

[4][NativeLibrary] SummerTime=0

[4][NativeLibrary] Timezone=60

[4][NativeLibrary] SummerTime=0

[4][NativeLibrary] Timezone=60

[4][NativeLibrary] SummerTime=0

[4][NativeLibrary] Timezone=60

[4][NativeLibrary] SummerTime=0

[4][NativeLibrary] Timezone=60

[4][NativeLibrary] SummerTime=0

[4][NativeLibrary] Timezone=60

[4][NativeLibrary] SummerTime=0

[4][NativeLibrary] Timezone=60

[4][NativeLibrary] SummerTime=0

[4][NativeLibrary] Timezone=60

[4][NativeLibrary] SummerTime=0

[4][NativeLibrary] Timezone=60

[4][NativeLibrary] SummerTime=0

[4][NativeLibrary] Timezone=60

[4][NativeLibrary] SummerTime=0

[4][NativeLibrary] Timezone=60

[4][NativeLibrary] SummerTime=0

[4][NativeLibrary] Timezone=60

[4][NativeLibrary] SummerTime=0

[4][NativeLibrary] Timezone=60

[4][NativeLibrary] SummerTime=0

[4][NativeLibrary] Timezone=60

[4][NativeLibrary] SummerTime=0

[4][NativeLibrary] Timezone=60

[4][NativeLibrary] SummerTime=0

[4][NativeLibrary] Timezone=60

[4][NativeLibrary] SummerTime=0

[4][NativeLibrary] Timezone=60

[4][NativeLibrary] SummerTime=0

[4][NativeLibrary] Timezone=60

[4][NativeLibrary] SummerTime=0

[VK] FPS 31.5 | 31.73 ms/frame | min 30.01 max 33.06 ms | 32 framu | lsfg=0
[4][NativeLibrary] Timezone=60

[4][NativeLibrary] SummerTime=0

[4][NativeLibrary] Timezone=60

[4][NativeLibrary] SummerTime=0

[4][NativeLibrary] Timezone=60

[4][NativeLibrary] SummerTime=0

[4][NativeLibrary] Timezone=60

[4][NativeLibrary] SummerTime=0

[4][NativeLibrary] Timezone=60

[4][NativeLibrary] SummerTime=0

[4][NativeLibrary] Timezone=60

[4][NativeLibrary] SummerTime=0

[4][NativeLibrary] Timezone=60

[4][NativeLibrary] SummerTime=0

[4][NativeLibrary] Timezone=60

[4][NativeLibrary] SummerTime=0

[4][NativeLibrary] Timezone=60

[4][NativeLibrary] SummerTime=0

[4][NativeLibrary] Timezone=60

[4][NativeLibrary] SummerTime=0

[4][NativeLibrary] Timezone=60

[4][NativeLibrary] SummerTime=0

[4][NativeLibrary] Timezone=60

[4][NativeLibrary] SummerTime=0

[4][NativeLibrary] Timezone=60

[4][NativeLibrary] SummerTime=0

[4][NativeLibrary] Timezone=60

[4][NativeLibrary] SummerTime=0

[4][NativeLibrary] Timezone=60

[4][NativeLibrary] SummerTime=0

[4][NativeLibrary] Timezone=60

[4][NativeLibrary] SummerTime=0

[4][NativeLibrary] Timezone=60

[4][NativeLibrary] SummerTime=0

[4][NativeLibrary] Timezone=60

[4][NativeLibrary] SummerTime=0

[4][NativeLibrary] Timezone=60

[4][NativeLibrary] SummerTime=0

[4][NativeLibrary] Timezone=60

[4][NativeLibrary] SummerTime=0

[4][NativeLibrary] Timezone=60

[4][NativeLibrary] SummerTime=0

[4][NativeLibrary] Timezone=60

[4][NativeLibrary] SummerTime=0

[4][NativeLibrary] Timezone=60

[4][NativeLibrary] SummerTime=0

[4][NativeLibrary] Timezone=60

[4][NativeLibrary] SummerTime=0

[4][NativeLibrary] Timezone=60

[4][NativeLibrary] SummerTime=0

[4][NativeLibrary] Timezone=60

[4][NativeLibrary] SummerTime=0

[4][NativeLibrary] Timezone=60

[4][NativeLibrary] SummerTime=0

[4][NativeLibrary] Timezone=60

[4][NativeLibrary] SummerTime=0

[4][NativeLibrary] Timezone=60

[4][NativeLibrary] SummerTime=0

[4][NativeLibrary] Timezone=60

[4][NativeLibrary] SummerTime=0

[4][NativeLibrary] Timezone=60

[4][NativeLibrary] SummerTime=0

[4][NativeLibrary] Timezone=60

[4][NativeLibrary] SummerTime=0

[VK] FPS 31.8 | 31.40 ms/frame | min 27.03 max 34.52 ms | 32 framu | lsfg=0
[4][NativeLibrary] Timezone=60

[4][NativeLibrary] SummerTime=0

[4][NativeLibrary] Timezone=60

[4][NativeLibrary] SummerTime=0

[4][NativeLibrary] Timezone=60

[4][NativeLibrary] SummerTime=0

[4][NativeLibrary] Timezone=60

[4][NativeLibrary] SummerTime=0

[4][NativeLibrary] Timezone=60

[4][NativeLibrary] SummerTime=0

[4][NativeLibrary] Timezone=60

[4][NativeLibrary] SummerTime=0

[4][NativeLibrary] Timezone=60

[4][NativeLibrary] SummerTime=0

[4][NativeLibrary] Timezone=60

[4][NativeLibrary] SummerTime=0

[4][NativeLibrary] Timezone=60

[4][NativeLibrary] SummerTime=0

[4][NativeLibrary] Timezone=60

[4][NativeLibrary] SummerTime=0

[4][NativeLibrary] Timezone=60

[4][NativeLibrary] SummerTime=0

[4][NativeLibrary] Timezone=60

[4][NativeLibrary] SummerTime=0

[4][NativeLibrary] Timezone=60

[4][NativeLibrary] SummerTime=0

[4][NativeLibrary] Timezone=60

[4][NativeLibrary] SummerTime=0

[4][NativeLibrary] Timezone=60

[4][NativeLibrary] SummerTime=0

[4][NativeLibrary] Timezone=60

[4][NativeLibrary] SummerTime=0

[4][NativeLibrary] Timezone=60

[4][NativeLibrary] SummerTime=0

[4][NativeLibrary] Timezone=60

[4][NativeLibrary] SummerTime=0

[4][NativeLibrary] Timezone=60

[4][NativeLibrary] SummerTime=0

[4][NativeLibrary] Timezone=60

[4][NativeLibrary] SummerTime=0

[4][NativeLibrary] Timezone=60

[4][NativeLibrary] SummerTime=0

[4][NativeLibrary] Timezone=60

[4][NativeLibrary] SummerTime=0

[4][NativeLibrary] Timezone=60

[4][NativeLibrary] SummerTime=0

[4][NativeLibrary] Timezone=60

[4][NativeLibrary] SummerTime=0

[4][NativeLibrary] Timezone=60

[4][NativeLibrary] SummerTime=0

[4][NativeLibrary] Timezone=60

[4][NativeLibrary] SummerTime=0

[4][NativeLibrary] Timezone=60

[4][NativeLibrary] SummerTime=0

[4][NativeLibrary] Timezone=60

[4][NativeLibrary] SummerTime=0

[4][NativeLibrary] Timezone=60

[4][NativeLibrary] SummerTime=0

[4][NativeLibrary] Timezone=60

[4][NativeLibrary] SummerTime=0

[4][NativeLibrary] Timezone=60

[4][NativeLibrary] SummerTime=0

[VK] FPS 30.8 | 32.44 ms/frame | min 30.87 max 35.63 ms | 31 framu | lsfg=0
[4][NativeLibrary] Timezone=60

[4][NativeLibrary] SummerTime=0

[4][NativeLibrary] Timezone=60

[4][NativeLibrary] SummerTime=0

[4][NativeLibrary] Timezone=60

[4][NativeLibrary] SummerTime=0

[4][NativeLibrary] Timezone=60

[4][NativeLibrary] SummerTime=0

[4][NativeLibrary] Timezone=60

[4][NativeLibrary] SummerTime=0

[4][NativeLibrary] Timezone=60

[4][NativeLibrary] SummerTime=0

[4][NativeLibrary] Timezone=60

[4][NativeLibrary] SummerTime=0

[4][NativeLibrary] Timezone=60

[4][NativeLibrary] SummerTime=0

[4][NativeLibrary] Timezone=60

[4][NativeLibrary] SummerTime=0

[4][NativeLibrary] Timezone=60

[4][NativeLibrary] SummerTime=0

[4][NativeLibrary] Timezone=60

[4][NativeLibrary] SummerTime=0

[4][NativeLibrary] Timezone=60

[4][NativeLibrary] SummerTime=0

[4][NativeLibrary] Timezone=60

[4][NativeLibrary] SummerTime=0

[4][NativeLibrary] Timezone=60

[4][NativeLibrary] SummerTime=0

[4][NativeLibrary] Timezone=60

[4][NativeLibrary] SummerTime=0

[4][NativeLibrary] Timezone=60

[4][NativeLibrary] SummerTime=0

[4][NativeLibrary] Timezone=60

[4][NativeLibrary] SummerTime=0

[4][NativeLibrary] Timezone=60

[4][NativeLibrary] SummerTime=0

[4][NativeLibrary] Timezone=60

[4][NativeLibrary] SummerTime=0

[4][NativeLibrary] Timezone=60

[4][NativeLibrary] SummerTime=0

[4][NativeLibrary] Timezone=60

[4][NativeLibrary] SummerTime=0

[4][NativeLibrary] Timezone=60

[4][NativeLibrary] SummerTime=0

[4][NativeLibrary] Timezone=60

[4][NativeLibrary] SummerTime=0

[4][NativeLibrary] Timezone=60

[4][NativeLibrary] SummerTime=0

[4][NativeLibrary] Timezone=60

[4][NativeLibrary] SummerTime=0

[4][NativeLibrary] Timezone=60

[4][NativeLibrary] SummerTime=0

[4][NativeLibrary] Timezone=60

[4][NativeLibrary] SummerTime=0

[4][NativeLibrary] Timezone=60

[4][NativeLibrary] SummerTime=0

[4][NativeLibrary] Timezone=60

[4][NativeLibrary] SummerTime=0

[4][NativeLibrary] Timezone=60

[4][NativeLibrary] SummerTime=0

[4][NativeLibrary] Timezone=60

[4][NativeLibrary] SummerTime=0

[4][NativeLibrary] Timezone=60

[4][NativeLibrary] SummerTime=0

[VK] FPS 31.3 | 31.91 ms/frame | min 29.29 max 34.69 ms | 32 framu | lsfg=0
[4][NativeLibrary] Timezone=60

[4][NativeLibrary] SummerTime=0

[4][NativeLibrary] Timezone=60

[4][NativeLibrary] SummerTime=0

[4][NativeLibrary] Timezone=60

[4][NativeLibrary] SummerTime=0

[4][NativeLibrary] Timezone=60

[4][NativeLibrary] SummerTime=0

[4][NativeLibrary] Timezone=60

[4][NativeLibrary] SummerTime=0

[4][NativeLibrary] Timezone=60

[4][NativeLibrary] SummerTime=0

[4][NativeLibrary] Timezone=60

[4][NativeLibrary] SummerTime=0

[4][NativeLibrary] Timezone=60

[4][NativeLibrary] SummerTime=0

[4][NativeLibrary] Timezone=60

[4][NativeLibrary] SummerTime=0

[4][NativeLibrary] Timezone=60

[4][NativeLibrary] SummerTime=0

[4][NativeLibrary] Timezone=60

[4][NativeLibrary] SummerTime=0

[4][NativeLibrary] Timezone=60

[4][NativeLibrary] SummerTime=0

[4][NativeLibrary] Timezone=60

[4][NativeLibrary] SummerTime=0

[4][NativeLibrary] Timezone=60

[4][NativeLibrary] SummerTime=0

[4][NativeLibrary] Timezone=60

[4][NativeLibrary] SummerTime=0

[4][NativeLibrary] Timezone=60

[4][NativeLibrary] SummerTime=0

[4][NativeLibrary] Timezone=60

[4][NativeLibrary] SummerTime=0

[4][NativeLibrary] Timezone=60

[4][NativeLibrary] SummerTime=0

[4][NativeLibrary] Timezone=60

[4][NativeLibrary] SummerTime=0

[4][NativeLibrary] Timezone=60

[4][NativeLibrary] SummerTime=0

[4][NativeLibrary] Timezone=60

[4][NativeLibrary] SummerTime=0

[4][NativeLibrary] Timezone=60

[4][NativeLibrary] SummerTime=0

[4][NativeLibrary] Timezone=60

[4][NativeLibrary] SummerTime=0

[4][NativeLibrary] Timezone=60

[4][NativeLibrary] SummerTime=0

[4][NativeLibrary] Timezone=60

[4][NativeLibrary] SummerTime=0

[4][NativeLibrary] Timezone=60

[4][NativeLibrary] SummerTime=0

[4][NativeLibrary] Timezone=60

[4][NativeLibrary] SummerTime=0

[4][NativeLibrary] Timezone=60

[4][NativeLibrary] SummerTime=0

[4][NativeLibrary] Timezone=60

[4][NativeLibrary] SummerTime=0

[4][NativeLibrary] Timezone=60

[4][NativeLibrary] SummerTime=0

[4][NativeLibrary] Timezone=60

[4][NativeLibrary] SummerTime=0

[VK] FPS 30.7 | 32.58 ms/frame | min 30.63 max 34.61 ms | 31 framu | lsfg=0
[4][NativeLibrary] Timezone=60

[4][NativeLibrary] SummerTime=0

[4][NativeLibrary] Timezone=60

[4][NativeLibrary] SummerTime=0

[4][NativeLibrary] Timezone=60

[4][NativeLibrary] SummerTime=0

[4][NativeLibrary] Timezone=60

[4][NativeLibrary] SummerTime=0

[4][NativeLibrary] Timezone=60

[4][NativeLibrary] SummerTime=0

[4][NativeLibrary] Timezone=60

[4][NativeLibrary] SummerTime=0

[4][NativeLibrary] Timezone=60

[4][NativeLibrary] SummerTime=0

[4][NativeLibrary] Timezone=60

[4][NativeLibrary] SummerTime=0

[4][NativeLibrary] Timezone=60

[4][NativeLibrary] SummerTime=0

[4][NativeLibrary] Timezone=60

[4][NativeLibrary] SummerTime=0

[4][NativeLibrary] Timezone=60

[4][NativeLibrary] SummerTime=0

[4][NativeLibrary] Timezone=60

[4][NativeLibrary] SummerTime=0

[4][NativeLibrary] Timezone=60

[4][NativeLibrary] SummerTime=0

[4][NativeLibrary] Timezone=60

[4][NativeLibrary] SummerTime=0

[4][NativeLibrary] Timezone=60

[4][NativeLibrary] SummerTime=0

[4][NativeLibrary] Timezone=60

[4][NativeLibrary] SummerTime=0

[4][NativeLibrary] Timezone=60

[4][NativeLibrary] SummerTime=0

[4][NativeLibrary] Timezone=60

[4][NativeLibrary] SummerTime=0

[4][NativeLibrary] Timezone=60

[4][NativeLibrary] SummerTime=0

[4][NativeLibrary] Timezone=60

[4][NativeLibrary] SummerTime=0

[4][NativeLibrary] Timezone=60

[4][NativeLibrary] SummerTime=0

[4][NativeLibrary] Timezone=60

[4][NativeLibrary] SummerTime=0

[4][NativeLibrary] Timezone=60

[4][NativeLibrary] SummerTime=0

[4][NativeLibrary] Timezone=60

[4][NativeLibrary] SummerTime=0

[4][NativeLibrary] Timezone=60

[4][NativeLibrary] SummerTime=0

[4][NativeLibrary] Timezone=60

[4][NativeLibrary] SummerTime=0

[4][NativeLibrary] Timezone=60

[4][NativeLibrary] SummerTime=0

[4][NativeLibrary] Timezone=60

[4][NativeLibrary] SummerTime=0

[4][NativeLibrary] Timezone=60

[4][NativeLibrary] SummerTime=0

[4][NativeLibrary] Timezone=60

[4][NativeLibrary] SummerTime=0

[4][NativeLibrary] Timezone=60

[4][NativeLibrary] SummerTime=0

[4][NativeLibrary] Timezone=60

[4][NativeLibrary] SummerTime=0

[VK] FPS 32.0 | 31.26 ms/frame | min 29.62 max 32.45 ms | 32 framu | lsfg=0
[4][NativeLibrary] Timezone=60

[4][NativeLibrary] SummerTime=0

[4][NativeLibrary] Timezone=60

[4][NativeLibrary] SummerTime=0

[4][NativeLibrary] Timezone=60

[4][NativeLibrary] SummerTime=0

[4][NativeLibrary] Timezone=60

[4][NativeLibrary] SummerTime=0

[4][NativeLibrary] Timezone=60

[4][NativeLibrary] SummerTime=0

[4][NativeLibrary] Timezone=60

[4][NativeLibrary] SummerTime=0

[4][NativeLibrary] Timezone=60

[4][NativeLibrary] SummerTime=0

[4][NativeLibrary] Timezone=60

[4][NativeLibrary] SummerTime=0

[4][NativeLibrary] Timezone=60

[4][NativeLibrary] SummerTime=0

[4][NativeLibrary] Timezone=60

[4][NativeLibrary] SummerTime=0

[4][NativeLibrary] Timezone=60

[4][NativeLibrary] SummerTime=0

[4][NativeLibrary] Timezone=60

[4][NativeLibrary] SummerTime=0

[4][NativeLibrary] Timezone=60

[4][NativeLibrary] SummerTime=0

[4][NativeLibrary] Timezone=60

[4][NativeLibrary] SummerTime=0

[4][NativeLibrary] Timezone=60

[4][NativeLibrary] SummerTime=0

[4][NativeLibrary] Timezone=60

[4][NativeLibrary] SummerTime=0

[4][NativeLibrary] Timezone=60

[4][NativeLibrary] SummerTime=0

[4][NativeLibrary] Timezone=60

[4][NativeLibrary] SummerTime=0

[4][NativeLibrary] Timezone=60

[4][NativeLibrary] SummerTime=0

[4][NativeLibrary] Timezone=60

[4][NativeLibrary] SummerTime=0

[4][NativeLibrary] Timezone=60

[4][NativeLibrary] SummerTime=0

[4][NativeLibrary] Timezone=60

[4][NativeLibrary] SummerTime=0

[4][NativeLibrary] Timezone=60

[4][NativeLibrary] SummerTime=0

[4][NativeLibrary] Timezone=60

[4][NativeLibrary] SummerTime=0

[4][NativeLibrary] Timezone=60

[4][NativeLibrary] SummerTime=0

[4][NativeLibrary] Timezone=60

[4][NativeLibrary] SummerTime=0

[4][NativeLibrary] Timezone=60

[4][NativeLibrary] SummerTime=0

[4][NativeLibrary] Timezone=60

[4][NativeLibrary] SummerTime=0

[4][NativeLibrary] Timezone=60

[4][NativeLibrary] SummerTime=0

[4][NativeLibrary] Timezone=60

[4][NativeLibrary] SummerTime=0

[4][NativeLibrary] Timezone=60

[4][NativeLibrary] SummerTime=0

[4][NativeLibrary] Timezone=60

[4][NativeLibrary] SummerTime=0

[4][NativeLibrary] Timezone=60

[4][NativeLibrary] SummerTime=0

[VK] FPS 32.8 | 30.45 ms/frame | min 28.72 max 33.55 ms | 33 framu | lsfg=0
[4][NativeLibrary] Timezone=60

[4][NativeLibrary] SummerTime=0

[4][NativeLibrary] Timezone=60

[4][NativeLibrary] SummerTime=0

[4][NativeLibrary] Timezone=60

[4][NativeLibrary] SummerTime=0

[4][NativeLibrary] Timezone=60

[4][NativeLibrary] SummerTime=0

[4][NativeLibrary] Timezone=60

[4][NativeLibrary] SummerTime=0

[4][NativeLibrary] Timezone=60

[4][NativeLibrary] SummerTime=0

[4][NativeLibrary] Timezone=60

[4][NativeLibrary] SummerTime=0

[4][NativeLibrary] Timezone=60

[4][NativeLibrary] SummerTime=0

[4][NativeLibrary] Timezone=60

[4][NativeLibrary] SummerTime=0

[4][NativeLibrary] Timezone=60

[4][NativeLibrary] SummerTime=0

[4][NativeLibrary] Timezone=60

[4][NativeLibrary] SummerTime=0

[4][NativeLibrary] Timezone=60

[4][NativeLibrary] SummerTime=0

[4][NativeLibrary] Timezone=60

[4][NativeLibrary] SummerTime=0

[4][NativeLibrary] Timezone=60

[4][NativeLibrary] SummerTime=0

[4][NativeLibrary] Timezone=60

[4][NativeLibrary] SummerTime=0

[4][NativeLibrary] Timezone=60

[4][NativeLibrary] SummerTime=0

[4][NativeLibrary] Timezone=60

[4][NativeLibrary] SummerTime=0

[4][NativeLibrary] Timezone=60

[4][NativeLibrary] SummerTime=0

[4][NativeLibrary] Timezone=60

[4][NativeLibrary] SummerTime=0

[4][NativeLibrary] Timezone=60

[4][NativeLibrary] SummerTime=0

[4][NativeLibrary] Timezone=60

[4][NativeLibrary] SummerTime=0

[4][NativeLibrary] Timezone=60

[4][NativeLibrary] SummerTime=0

[4][NativeLibrary] Timezone=60

[4][NativeLibrary] SummerTime=0

[4][NativeLibrary] Timezone=60

[4][NativeLibrary] SummerTime=0

[4][NativeLibrary] Timezone=60

[4][NativeLibrary] SummerTime=0

[4][NativeLibrary] Timezone=60

[4][NativeLibrary] SummerTime=0

[VK] FPS 10.8 | 92.96 ms/frame | min 29.54 max 1456.27 ms | 26 framu | lsfg=0
[4][NativeLibrary] Timezone=60

[4][NativeLibrary] SummerTime=0

[VK] FPS 0.4 | 2293.44 ms/frame | min 0.00 max 0.00 ms | 1 framu | lsfg=0
[4][NativeLibrary] Timezone=60

[4][NativeLibrary] SummerTime=0

[VK] FPS 0.8 | 1178.75 ms/frame | min 0.00 max 0.00 ms | 1 framu | lsfg=0
[4][NativeLibrary] Timezone=60

[4][NativeLibrary] SummerTime=0

[4][NativeLibrary] Timezone=60

[4][NativeLibrary] SummerTime=0

[4][NativeLibrary] Timezone=60

[4][NativeLibrary] SummerTime=0

[4][NativeLibrary] Timezone=60

[4][NativeLibrary] SummerTime=0

[4][NativeLibrary] Timezone=60

[4][NativeLibrary] SummerTime=0

[4][NativeLibrary] Timezone=60

[4][NativeLibrary] SummerTime=0

[4][NativeLibrary] Timezone=60

[4][NativeLibrary] SummerTime=0

[4][NativeLibrary] Timezone=60

[4][NativeLibrary] SummerTime=0

[4][NativeLibrary] Timezone=60

[4][NativeLibrary] SummerTime=0

[4][NativeLibrary] Timezone=60

[4][NativeLibrary] SummerTime=0

[4][NativeLibrary] Timezone=60

[4][NativeLibrary] SummerTime=0

[4][NativeLibrary] Timezone=60

[4][NativeLibrary] SummerTime=0

[4][NativeLibrary] Timezone=60

[4][NativeLibrary] SummerTime=0

[4][NativeLibrary] Timezone=60

[4][NativeLibrary] SummerTime=0

[4][NativeLibrary] Timezone=60

[4][NativeLibrary] SummerTime=0

[4][NativeLibrary] Timezone=60

[4][NativeLibrary] SummerTime=0

[4][NativeLibrary] Timezone=60

[4][NativeLibrary] SummerTime=0

[4][NativeLibrary] Timezone=60

[4][NativeLibrary] SummerTime=0

[4][NativeLibrary] Timezone=60

[4][NativeLibrary] SummerTime=0

[4][NativeLibrary] Timezone=60

[4][NativeLibrary] SummerTime=0

[4][NativeLibrary] Timezone=60

[4][NativeLibrary] SummerTime=0

[4][NativeLibrary] Timezone=60

[4][NativeLibrary] SummerTime=0

[4][NativeLibrary] Timezone=60

[4][NativeLibrary] SummerTime=0

[4][NativeLibrary] Timezone=60

[4][NativeLibrary] SummerTime=0

[4][NativeLibrary] Timezone=60

[4][NativeLibrary] SummerTime=0

[4][NativeLibrary] Timezone=60

[4][NativeLibrary] SummerTime=0

[4][NativeLibrary] Timezone=60

[4][NativeLibrary] SummerTime=0

[4][NativeLibrary] Timezone=60

[4][NativeLibrary] SummerTime=0

[4][NativeLibrary] Timezone=60

[4][NativeLibrary] SummerTime=0

[4][NativeLibrary] Timezone=60

[4][NativeLibrary] SummerTime=0

[4][NativeLibrary] Timezone=60

[4][NativeLibrary] SummerTime=0

[4][NativeLibrary] Timezone=60

[4][NativeLibrary] SummerTime=0

[4][NativeLibrary] Timezone=60

[4][NativeLibrary] SummerTime=0

[VK] FPS 32.0 | 31.20 ms/frame | min 27.96 max 35.87 ms | 33 framu | lsfg=0
[4][NativeLibrary] Timezone=60

[4][NativeLibrary] SummerTime=0

[4][NativeLibrary] Timezone=60

[4][NativeLibrary] SummerTime=0

[4][NativeLibrary] Timezone=60

[4][NativeLibrary] SummerTime=0

[4][NativeLibrary] Timezone=60

[4][NativeLibrary] SummerTime=0

[4][NativeLibrary] Timezone=60

[4][NativeLibrary] SummerTime=0

[4][NativeLibrary] Timezone=60

[4][NativeLibrary] SummerTime=0

[4][NativeLibrary] Timezone=60

[4][NativeLibrary] SummerTime=0

[4][NativeLibrary] Timezone=60

[4][NativeLibrary] SummerTime=0

[4][NativeLibrary] Timezone=60

[4][NativeLibrary] SummerTime=0

[4][NativeLibrary] Timezone=60

[4][NativeLibrary] SummerTime=0

[4][NativeLibrary] Timezone=60

[4][NativeLibrary] SummerTime=0

[4][NativeLibrary] Timezone=60

[4][NativeLibrary] SummerTime=0

[4][NativeLibrary] Timezone=60

[4][NativeLibrary] SummerTime=0

[4][NativeLibrary] Timezone=60

[4][NativeLibrary] SummerTime=0

[4][NativeLibrary] Timezone=60

[4][NativeLibrary] SummerTime=0

[4][NativeLibrary] Timezone=60

[4][NativeLibrary] SummerTime=0

[4][NativeLibrary] Timezone=60

[4][NativeLibrary] SummerTime=0

[4][NativeLibrary] Timezone=60

[4][NativeLibrary] SummerTime=0

[4][NativeLibrary] Timezone=60

[4][NativeLibrary] SummerTime=0

[4][NativeLibrary] Timezone=60

[4][NativeLibrary] SummerTime=0

[4][NativeLibrary] Timezone=60

[4][NativeLibrary] SummerTime=0

[4][NativeLibrary] Timezone=60

[4][NativeLibrary] SummerTime=0

[4][NativeLibrary] Timezone=60

[4][NativeLibrary] SummerTime=0

[4][NativeLibrary] Timezone=60

[4][NativeLibrary] SummerTime=0

[4][NativeLibrary] Timezone=60

[4][NativeLibrary] SummerTime=0

[4][NativeLibrary] Timezone=60

[4][NativeLibrary] SummerTime=0

[4][NativeLibrary] Timezone=60

[4][NativeLibrary] SummerTime=0

[4][NativeLibrary] Timezone=60

[4][NativeLibrary] SummerTime=0

[4][NativeLibrary] Timezone=60

[4][NativeLibrary] SummerTime=0

[4][NativeLibrary] Timezone=60

[4][NativeLibrary] SummerTime=0

[4][NativeLibrary] Timezone=60

[4][NativeLibrary] SummerTime=0

[VK] FPS 30.5 | 32.76 ms/frame | min 31.78 max 40.91 ms | 31 framu | lsfg=0
[4][NativeLibrary] Timezone=60

[4][NativeLibrary] SummerTime=0

[4][NativeLibrary] Timezone=60

[4][NativeLibrary] SummerTime=0

[4][NativeLibrary] Timezone=60

[4][NativeLibrary] SummerTime=0

[4][NativeLibrary] Timezone=60

[4][NativeLibrary] SummerTime=0

[4][NativeLibrary] Timezone=60

[4][NativeLibrary] SummerTime=0

[4][NativeLibrary] Timezone=60

[4][NativeLibrary] SummerTime=0

[4][NativeLibrary] Timezone=60

[4][NativeLibrary] SummerTime=0

[4][NativeLibrary] Timezone=60

[4][NativeLibrary] SummerTime=0

[4][NativeLibrary] Timezone=60

[4][NativeLibrary] SummerTime=0

[4][NativeLibrary] Timezone=60

[4][NativeLibrary] SummerTime=0

[4][NativeLibrary] Timezone=60

[4][NativeLibrary] SummerTime=0

[4][NativeLibrary] Timezone=60

[4][NativeLibrary] SummerTime=0

[4][NativeLibrary] Timezone=60

[4][NativeLibrary] SummerTime=0

[4][NativeLibrary] Timezone=60

[4][NativeLibrary] SummerTime=0

[4][NativeLibrary] Timezone=60

[4][NativeLibrary] SummerTime=0

[4][NativeLibrary] Timezone=60

[4][NativeLibrary] SummerTime=0

[4][NativeLibrary] Timezone=60

[4][NativeLibrary] SummerTime=0

[4][NativeLibrary] Timezone=60

[4][NativeLibrary] SummerTime=0

[4][NativeLibrary] Timezone=60

[4][NativeLibrary] SummerTime=0

[4][NativeLibrary] Timezone=60

[4][NativeLibrary] SummerTime=0

[4][NativeLibrary] Timezone=60

[4][NativeLibrary] SummerTime=0

[4][NativeLibrary] Timezone=60

[4][NativeLibrary] SummerTime=0

[4][NativeLibrary] Timezone=60

[4][NativeLibrary] SummerTime=0

[4][NativeLibrary] Timezone=60

[4][NativeLibrary] SummerTime=0

[4][NativeLibrary] Timezone=60

[4][NativeLibrary] SummerTime=0

[4][NativeLibrary] Timezone=60

[4][NativeLibrary] SummerTime=0

[4][NativeLibrary] Timezone=60

[4][NativeLibrary] SummerTime=0

[4][NativeLibrary] Timezone=60

[4][NativeLibrary] SummerTime=0

[4][NativeLibrary] Timezone=60

[4][NativeLibrary] SummerTime=0

[4][NativeLibrary] Timezone=60

[4][NativeLibrary] SummerTime=0

[4][NativeLibrary] Timezone=60

[4][NativeLibrary] SummerTime=0

[4][NativeLibrary] Timezone=60

[4][NativeLibrary] SummerTime=0

[VK] FPS 31.5 | 31.72 ms/frame | min 29.20 max 32.95 ms | 32 framu | lsfg=0
[4][NativeLibrary] Timezone=60

[4][NativeLibrary] SummerTime=0

[4][NativeLibrary] Timezone=60

[4][NativeLibrary] SummerTime=0

[4][NativeLibrary] Timezone=60

[4][NativeLibrary] SummerTime=0

[4][NativeLibrary] Timezone=60

[4][NativeLibrary] SummerTime=0

[4][NativeLibrary] Timezone=60

[4][NativeLibrary] SummerTime=0

[4][NativeLibrary] Timezone=60

[4][NativeLibrary] SummerTime=0

[4][NativeLibrary] Timezone=60

[4][NativeLibrary] SummerTime=0

[4][NativeLibrary] Timezone=60

[4][NativeLibrary] SummerTime=0

[4][NativeLibrary] Timezone=60

[4][NativeLibrary] SummerTime=0

[4][NativeLibrary] Timezone=60

[4][NativeLibrary] SummerTime=0

[4][NativeLibrary] Timezone=60

[4][NativeLibrary] SummerTime=0

[4][NativeLibrary] Timezone=60

[4][NativeLibrary] SummerTime=0

[4][NativeLibrary] Timezone=60

[4][NativeLibrary] SummerTime=0

[4][NativeLibrary] Timezone=60

[4][NativeLibrary] SummerTime=0

[4][NativeLibrary] Timezone=60

[4][NativeLibrary] SummerTime=0

[4][NativeLibrary] Timezone=60

[4][NativeLibrary] SummerTime=0

[4][NativeLibrary] Timezone=60

[4][NativeLibrary] SummerTime=0

[4][NativeLibrary] Timezone=60

[4][NativeLibrary] SummerTime=0

[4][NativeLibrary] Timezone=60

[4][NativeLibrary] SummerTime=0

[4][NativeLibrary] Timezone=60

[4][NativeLibrary] SummerTime=0

[4][NativeLibrary] Timezone=60

[4][NativeLibrary] SummerTime=0

[4][NativeLibrary] Timezone=60

[4][NativeLibrary] SummerTime=0

[4][NativeLibrary] Timezone=60

[4][NativeLibrary] SummerTime=0

[4][NativeLibrary] Timezone=60

[4][NativeLibrary] SummerTime=0

[4][NativeLibrary] Timezone=60

[4][NativeLibrary] SummerTime=0

[4][NativeLibrary] Timezone=60

[4][NativeLibrary] SummerTime=0

[4][NativeLibrary] Timezone=60

[4][NativeLibrary] SummerTime=0

[4][NativeLibrary] Timezone=60

[4][NativeLibrary] SummerTime=0

[4][NativeLibrary] Timezone=60

[4][NativeLibrary] SummerTime=0

[4][NativeLibrary] Timezone=60

[4][NativeLibrary] SummerTime=0

[4][NativeLibrary] Timezone=60

[4][NativeLibrary] SummerTime=0

[4][NativeLibrary] Timezone=60

[4][NativeLibrary] SummerTime=0

[VK] FPS 31.8 | 31.44 ms/frame | min 30.34 max 32.79 ms | 32 framu | lsfg=0
[4][NativeLibrary] Timezone=60

[4][NativeLibrary] SummerTime=0

[4][NativeLibrary] Timezone=60

[4][NativeLibrary] SummerTime=0

[4][NativeLibrary] Timezone=60

[4][NativeLibrary] SummerTime=0

[4][NativeLibrary] Timezone=60

[4][NativeLibrary] SummerTime=0

[4][NativeLibrary] Timezone=60

[4][NativeLibrary] SummerTime=0

[4][NativeLibrary] Timezone=60

[4][NativeLibrary] SummerTime=0

[4][NativeLibrary] Timezone=60

[4][NativeLibrary] SummerTime=0

[4][NativeLibrary] Timezone=60

[4][NativeLibrary] SummerTime=0

[4][NativeLibrary] Timezone=60

[4][NativeLibrary] SummerTime=0

[4][NativeLibrary] Timezone=60

[4][NativeLibrary] SummerTime=0

[4][NativeLibrary] Timezone=60

[4][NativeLibrary] SummerTime=0

[4][NativeLibrary] Timezone=60

[4][NativeLibrary] SummerTime=0

[4][NativeLibrary] Timezone=60

[4][NativeLibrary] SummerTime=0

[4][NativeLibrary] Timezone=60

[4][NativeLibrary] SummerTime=0

[4][NativeLibrary] Timezone=60

[4][NativeLibrary] SummerTime=0

[4][NativeLibrary] Timezone=60

[4][NativeLibrary] SummerTime=0

[4][NativeLibrary] Timezone=60

[4][NativeLibrary] SummerTime=0

[4][NativeLibrary] Timezone=60

[4][NativeLibrary] SummerTime=0

[4][NativeLibrary] Timezone=60

[4][NativeLibrary] SummerTime=0

[4][NativeLibrary] Timezone=60

[4][NativeLibrary] SummerTime=0

[4][NativeLibrary] Timezone=60

[4][NativeLibrary] SummerTime=0

[4][NativeLibrary] Timezone=60

[4][NativeLibrary] SummerTime=0

[4][NativeLibrary] Timezone=60

[4][NativeLibrary] SummerTime=0

[4][NativeLibrary] Timezone=60

[4][NativeLibrary] SummerTime=0

[4][NativeLibrary] Timezone=60

[4][NativeLibrary] SummerTime=0

[4][NativeLibrary] Timezone=60

[4][NativeLibrary] SummerTime=0

[4][NativeLibrary] Timezone=60

[4][NativeLibrary] SummerTime=0

[4][NativeLibrary] Timezone=60

[4][NativeLibrary] SummerTime=0

[4][NativeLibrary] Timezone=60

[4][NativeLibrary] SummerTime=0

[4][NativeLibrary] Timezone=60

[4][NativeLibrary] SummerTime=0

[4][NativeLibrary] Timezone=60

[4][NativeLibrary] SummerTime=0

[4][NativeLibrary] Timezone=60

[4][NativeLibrary] SummerTime=0

[4][NativeLibrary] Timezone=60

[4][NativeLibrary] SummerTime=0

[VK] FPS 32.2 | 31.07 ms/frame | min 28.92 max 33.61 ms | 33 framu | lsfg=0
[4][NativeLibrary] Timezone=60

[4][NativeLibrary] SummerTime=0

[4][NativeLibrary] Timezone=60

[4][NativeLibrary] SummerTime=0

[4][NativeLibrary] Timezone=60

[4][NativeLibrary] SummerTime=0

[4][NativeLibrary] Timezone=60

[4][NativeLibrary] SummerTime=0

[4][NativeLibrary] Timezone=60

[4][NativeLibrary] SummerTime=0

[4][NativeLibrary] Timezone=60

[4][NativeLibrary] SummerTime=0

[4][NativeLibrary] Timezone=60

[4][NativeLibrary] SummerTime=0

[4][NativeLibrary] Timezone=60

[4][NativeLibrary] SummerTime=0

[4][NativeLibrary] Timezone=60

[4][NativeLibrary] SummerTime=0

[4][NativeLibrary] Timezone=60

[4][NativeLibrary] SummerTime=0

[4][NativeLibrary] Timezone=60

[4][NativeLibrary] SummerTime=0

[4][NativeLibrary] Timezone=60

[4][NativeLibrary] SummerTime=0

[4][NativeLibrary] Timezone=60

[4][NativeLibrary] SummerTime=0

[4][NativeLibrary] Timezone=60

[4][NativeLibrary] SummerTime=0

[4][NativeLibrary] Timezone=60

[4][NativeLibrary] SummerTime=0

[4][NativeLibrary] Timezone=60

[4][NativeLibrary] SummerTime=0

[4][NativeLibrary] Timezone=60

[4][NativeLibrary] SummerTime=0

[4][NativeLibrary] Timezone=60

[4][NativeLibrary] SummerTime=0

[4][NativeLibrary] Timezone=60

[4][NativeLibrary] SummerTime=0

[4][NativeLibrary] Timezone=60

[4][NativeLibrary] SummerTime=0

[4][NativeLibrary] Timezone=60

[4][NativeLibrary] SummerTime=0

[4][NativeLibrary] Timezone=60

[4][NativeLibrary] SummerTime=0

[4][NativeLibrary] Timezone=60

[4][NativeLibrary] SummerTime=0

[4][NativeLibrary] Timezone=60

[4][NativeLibrary] SummerTime=0

[4][NativeLibrary] Timezone=60

[4][NativeLibrary] SummerTime=0

[4][NativeLibrary] Timezone=60

[4][NativeLibrary] SummerTime=0

[4][NativeLibrary] Timezone=60

[4][NativeLibrary] SummerTime=0

[4][NativeLibrary] Timezone=60

[4][NativeLibrary] SummerTime=0

[4][NativeLibrary] Timezone=60

[4][NativeLibrary] SummerTime=0

[4][NativeLibrary] Timezone=60

[4][NativeLibrary] SummerTime=0

[4][NativeLibrary] Timezone=60

[4][NativeLibrary] SummerTime=0

[4][NativeLibrary] Timezone=60

[4][NativeLibrary] SummerTime=0

[VK] FPS 31.0 | 32.23 ms/frame | min 30.35 max 34.38 ms | 32 framu | lsfg=0
[4][NativeLibrary] Timezone=60

[4][NativeLibrary] SummerTime=0

[4][NativeLibrary] Timezone=60

[4][NativeLibrary] SummerTime=0

[4][NativeLibrary] Timezone=60

[4][NativeLibrary] SummerTime=0

[4][NativeLibrary] Timezone=60

[4][NativeLibrary] SummerTime=0

[4][NativeLibrary] Timezone=60

[4][NativeLibrary] SummerTime=0

[4][NativeLibrary] Timezone=60

[4][NativeLibrary] SummerTime=0

[4][NativeLibrary] Timezone=60

[4][NativeLibrary] SummerTime=0

[4][NativeLibrary] Timezone=60

[4][NativeLibrary] SummerTime=0

[4][NativeLibrary] Timezone=60

[4][NativeLibrary] SummerTime=0

[4][NativeLibrary] Timezone=60

[4][NativeLibrary] SummerTime=0

[4][NativeLibrary] Timezone=60

[4][NativeLibrary] SummerTime=0

[4][NativeLibrary] Timezone=60

[4][NativeLibrary] SummerTime=0

[4][NativeLibrary] Timezone=60

[4][NativeLibrary] SummerTime=0

[4][NativeLibrary] Timezone=60

[4][NativeLibrary] SummerTime=0

[4][NativeLibrary] Timezone=60

[4][NativeLibrary] SummerTime=0

[4][NativeLibrary] Timezone=60

[4][NativeLibrary] SummerTime=0

[4][NativeLibrary] Timezone=60

[4][NativeLibrary] SummerTime=0

[4][NativeLibrary] Timezone=60

[4][NativeLibrary] SummerTime=0

[4][NativeLibrary] Timezone=60

[4][NativeLibrary] SummerTime=0

[4][NativeLibrary] Timezone=60

[4][NativeLibrary] SummerTime=0

[4][NativeLibrary] Timezone=60

[4][NativeLibrary] SummerTime=0

[4][NativeLibrary] Timezone=60

[4][NativeLibrary] SummerTime=0

[4][NativeLibrary] Timezone=60

[4][NativeLibrary] SummerTime=0

[4][NativeLibrary] Timezone=60

[4][NativeLibrary] SummerTime=0

[4][NativeLibrary] Timezone=60

[4][NativeLibrary] SummerTime=0

[4][NativeLibrary] Timezone=60

[4][NativeLibrary] SummerTime=0

[4][NativeLibrary] Timezone=60

[4][NativeLibrary] SummerTime=0

[4][NativeLibrary] Timezone=60

[4][NativeLibrary] SummerTime=0

[4][NativeLibrary] Timezone=60

[4][NativeLibrary] SummerTime=0

[4][NativeLibrary] Timezone=60

[4][NativeLibrary] SummerTime=0

[4][NativeLibrary] Timezone=60

[4][NativeLibrary] SummerTime=0

[VK] FPS 30.2 | 33.07 ms/frame | min 30.58 max 35.90 ms | 31 framu | lsfg=0
[4][NativeLibrary] Timezone=60

[4][NativeLibrary] SummerTime=0

[4][NativeLibrary] Timezone=60

[4][NativeLibrary] SummerTime=0

[4][NativeLibrary] Timezone=60

[4][NativeLibrary] SummerTime=0

[4][NativeLibrary] Timezone=60

[4][NativeLibrary] SummerTime=0

[4][NativeLibrary] Timezone=60

[4][NativeLibrary] SummerTime=0

[4][NativeLibrary] Timezone=60

[4][NativeLibrary] SummerTime=0

[4][NativeLibrary] Timezone=60

[4][NativeLibrary] SummerTime=0

[4][NativeLibrary] Timezone=60

[4][NativeLibrary] SummerTime=0

[4][NativeLibrary] Timezone=60

[4][NativeLibrary] SummerTime=0

[4][NativeLibrary] Timezone=60

[4][NativeLibrary] SummerTime=0

[4][NativeLibrary] Timezone=60

[4][NativeLibrary] SummerTime=0

[4][NativeLibrary] Timezone=60

[4][NativeLibrary] SummerTime=0

[4][NativeLibrary] Timezone=60

[4][NativeLibrary] SummerTime=0

[4][NativeLibrary] Timezone=60

[4][NativeLibrary] SummerTime=0

[4][NativeLibrary] Timezone=60

[4][NativeLibrary] SummerTime=0

[4][NativeLibrary] Timezone=60

[4][NativeLibrary] SummerTime=0

[4][NativeLibrary] Timezone=60

[4][NativeLibrary] SummerTime=0

[4][NativeLibrary] Timezone=60

[4][NativeLibrary] SummerTime=0

[4][NativeLibrary] Timezone=60

[4][NativeLibrary] SummerTime=0

[4][NativeLibrary] Timezone=60

[4][NativeLibrary] SummerTime=0

[4][NativeLibrary] Timezone=60

[4][NativeLibrary] SummerTime=0

[4][NativeLibrary] Timezone=60

[4][NativeLibrary] SummerTime=0

[4][NativeLibrary] Timezone=60

[4][NativeLibrary] SummerTime=0

[4][NativeLibrary] Timezone=60

[4][NativeLibrary] SummerTime=0

[4][NativeLibrary] Timezone=60

[4][NativeLibrary] SummerTime=0

[4][NativeLibrary] Timezone=60

[4][NativeLibrary] SummerTime=0

[4][NativeLibrary] Timezone=60

[4][NativeLibrary] SummerTime=0

[4][NativeLibrary] Timezone=60

[4][NativeLibrary] SummerTime=0

[4][NativeLibrary] Timezone=60

[4][NativeLibrary] SummerTime=0

[4][NativeLibrary] Timezone=60

[4][NativeLibrary] SummerTime=0

[4][NativeLibrary] Timezone=60

[4][NativeLibrary] SummerTime=0

[VK] FPS 30.5 | 32.74 ms/frame | min 30.67 max 35.89 ms | 31 framu | lsfg=0
[4][NativeLibrary] Timezone=60

[4][NativeLibrary] SummerTime=0

[4][NativeLibrary] Timezone=60

[4][NativeLibrary] SummerTime=0

[4][NativeLibrary] Timezone=60

[4][NativeLibrary] SummerTime=0

[4][NativeLibrary] Timezone=60

[4][NativeLibrary] SummerTime=0

[4][NativeLibrary] Timezone=60

[4][NativeLibrary] SummerTime=0

[4][NativeLibrary] Timezone=60

[4][NativeLibrary] SummerTime=0

[4][NativeLibrary] Timezone=60

[4][NativeLibrary] SummerTime=0

[4][NativeLibrary] Timezone=60

[4][NativeLibrary] SummerTime=0

[4][NativeLibrary] Timezone=60

[4][NativeLibrary] SummerTime=0

[4][NativeLibrary] Timezone=60

[4][NativeLibrary] SummerTime=0

[4][NativeLibrary] Timezone=60

[4][NativeLibrary] SummerTime=0

[4][NativeLibrary] Timezone=60

[4][NativeLibrary] SummerTime=0

[4][NativeLibrary] Timezone=60

[4][NativeLibrary] SummerTime=0

[4][NativeLibrary] Timezone=60

[4][NativeLibrary] SummerTime=0

[4][NativeLibrary] Timezone=60

[4][NativeLibrary] SummerTime=0

[4][NativeLibrary] Timezone=60

[4][NativeLibrary] SummerTime=0

[4][NativeLibrary] Timezone=60

[4][NativeLibrary] SummerTime=0

[4][NativeLibrary] Timezone=60

[4][NativeLibrary] SummerTime=0

[4][NativeLibrary] Timezone=60

[4][NativeLibrary] SummerTime=0

[4][NativeLibrary] Timezone=60

[4][NativeLibrary] SummerTime=0

[4][NativeLibrary] Timezone=60

[4][NativeLibrary] SummerTime=0

[4][NativeLibrary] Timezone=60

[4][NativeLibrary] SummerTime=0

[4][NativeLibrary] Timezone=60

[4][NativeLibrary] SummerTime=0

[4][NativeLibrary] Timezone=60

[4][NativeLibrary] SummerTime=0

[4][NativeLibrary] Timezone=60

[4][NativeLibrary] SummerTime=0

[4][NativeLibrary] Timezone=60

[4][NativeLibrary] SummerTime=0

[4][NativeLibrary] Timezone=60

[4][NativeLibrary] SummerTime=0

[4][NativeLibrary] Timezone=60

[4][NativeLibrary] SummerTime=0

[4][NativeLibrary] Timezone=60

[4][NativeLibrary] SummerTime=0

[4][NativeLibrary] Timezone=60

[4][NativeLibrary] SummerTime=0

[4][NativeLibrary] Timezone=60

[4][NativeLibrary] SummerTime=0

[4][NativeLibrary] Timezone=60

[4][NativeLibrary] SummerTime=0

[4][NativeLibrary] Timezone=60

[4][NativeLibrary] SummerTime=0

[4][NativeLibrary] Timezone=60

[4][NativeLibrary] SummerTime=0

[VK] FPS 33.4 | 29.97 ms/frame | min 27.10 max 32.37 ms | 34 framu | lsfg=0
[4][NativeLibrary] Timezone=60

[4][NativeLibrary] SummerTime=0

[4][NativeLibrary] Timezone=60

[4][NativeLibrary] SummerTime=0

[4][NativeLibrary] Timezone=60

[4][NativeLibrary] SummerTime=0

[4][NativeLibrary] Timezone=60

[4][NativeLibrary] SummerTime=0

[4][NativeLibrary] Timezone=60

[4][NativeLibrary] SummerTime=0

[4][NativeLibrary] Timezone=60

[4][NativeLibrary] SummerTime=0

[4][NativeLibrary] Timezone=60

[4][NativeLibrary] SummerTime=0

[4][NativeLibrary] Timezone=60

[4][NativeLibrary] SummerTime=0

[4][NativeLibrary] Timezone=60

[4][NativeLibrary] SummerTime=0

[4][NativeLibrary] Timezone=60

[4][NativeLibrary] SummerTime=0

[4][NativeLibrary] Timezone=60

[4][NativeLibrary] SummerTime=0

[4][NativeLibrary] Timezone=60

[4][NativeLibrary] SummerTime=0

[4][NativeLibrary] Timezone=60

[4][NativeLibrary] SummerTime=0

[4][NativeLibrary] Timezone=60

[4][NativeLibrary] SummerTime=0

[4][NativeLibrary] Timezone=60

[4][NativeLibrary] SummerTime=0

[4][NativeLibrary] Timezone=60

[4][NativeLibrary] SummerTime=0

[4][NativeLibrary] Timezone=60

[4][NativeLibrary] SummerTime=0

[4][NativeLibrary] Timezone=60

[4][NativeLibrary] SummerTime=0

[4][NativeLibrary] Timezone=60

[4][NativeLibrary] SummerTime=0

[4][NativeLibrary] Timezone=60

[4][NativeLibrary] SummerTime=0

[4][NativeLibrary] Timezone=60

[4][NativeLibrary] SummerTime=0

[4][NativeLibrary] Timezone=60

[4][NativeLibrary] SummerTime=0

[4][NativeLibrary] Timezone=60

[4][NativeLibrary] SummerTime=0

[4][NativeLibrary] Timezone=60

[4][NativeLibrary] SummerTime=0

[4][NativeLibrary] Timezone=60

[4][NativeLibrary] SummerTime=0

[4][NativeLibrary] Timezone=60

[4][NativeLibrary] SummerTime=0

[4][NativeLibrary] Timezone=60

[4][NativeLibrary] SummerTime=0

[4][NativeLibrary] Timezone=60

[4][NativeLibrary] SummerTime=0

[4][NativeLibrary] Timezone=60

[4][NativeLibrary] SummerTime=0

[4][NativeLibrary] Timezone=60

[4][NativeLibrary] SummerTime=0

[4][NativeLibrary] Timezone=60

[4][NativeLibrary] SummerTime=0

[VK] FPS 30.4 | 32.85 ms/frame | min 30.56 max 42.64 ms | 31 framu | lsfg=0
[4][NativeLibrary] Timezone=60

[4][NativeLibrary] SummerTime=0

[4][NativeLibrary] Timezone=60

[4][NativeLibrary] SummerTime=0

[4][NativeLibrary] Timezone=60

[4][NativeLibrary] SummerTime=0

[4][NativeLibrary] Timezone=60

[4][NativeLibrary] SummerTime=0

[4][NativeLibrary] Timezone=60

[4][NativeLibrary] SummerTime=0

[4][NativeLibrary] Timezone=60

[4][NativeLibrary] SummerTime=0

[4][NativeLibrary] Timezone=60

[4][NativeLibrary] SummerTime=0

[4][NativeLibrary] Timezone=60

[4][NativeLibrary] SummerTime=0

[4][NativeLibrary] Timezone=60

[4][NativeLibrary] SummerTime=0

[4][NativeLibrary] Timezone=60

[4][NativeLibrary] SummerTime=0

[4][NativeLibrary] Timezone=60

[4][NativeLibrary] SummerTime=0

[4][NativeLibrary] Timezone=60

[4][NativeLibrary] SummerTime=0

[4][NativeLibrary] Timezone=60

[4][NativeLibrary] SummerTime=0

[4][NativeLibrary] Timezone=60

[4][NativeLibrary] SummerTime=0

[4][NativeLibrary] Timezone=60

[4][NativeLibrary] SummerTime=0

[4][NativeLibrary] Timezone=60

[4][NativeLibrary] SummerTime=0

[4][NativeLibrary] Timezone=60

[4][NativeLibrary] SummerTime=0

[4][NativeLibrary] Timezone=60

[4][NativeLibrary] SummerTime=0

[4][NativeLibrary] Timezone=60

[4][NativeLibrary] SummerTime=0

[4][NativeLibrary] Timezone=60

[4][NativeLibrary] SummerTime=0

[4][NativeLibrary] Timezone=60

[4][NativeLibrary] SummerTime=0

[4][NativeLibrary] Timezone=60

[4][NativeLibrary] SummerTime=0

[4][NativeLibrary] Timezone=60

[4][NativeLibrary] SummerTime=0

[4][NativeLibrary] Timezone=60

[4][NativeLibrary] SummerTime=0

[4][NativeLibrary] Timezone=60

[4][NativeLibrary] SummerTime=0

[4][NativeLibrary] Timezone=60

[4][NativeLibrary] SummerTime=0

[4][NativeLibrary] Timezone=60

[4][NativeLibrary] SummerTime=0

[4][NativeLibrary] Timezone=60

[4][NativeLibrary] SummerTime=0

[4][NativeLibrary] Timezone=60

[4][NativeLibrary] SummerTime=0

[4][NativeLibrary] Timezone=60

[4][NativeLibrary] SummerTime=0

[4][NativeLibrary] Timezone=60

[4][NativeLibrary] SummerTime=0

[4][NativeLibrary] Timezone=60

[4][NativeLibrary] SummerTime=0

[VK] FPS 31.7 | 31.58 ms/frame | min 27.90 max 38.07 ms | 32 framu | lsfg=0
[4][NativeLibrary] Timezone=60

[4][NativeLibrary] SummerTime=0

[4][NativeLibrary] Timezone=60

[4][NativeLibrary] SummerTime=0

[4][NativeLibrary] Timezone=60

[4][NativeLibrary] SummerTime=0

[4][NativeLibrary] Timezone=60

[4][NativeLibrary] SummerTime=0

[4][NativeLibrary] Timezone=60

[4][NativeLibrary] SummerTime=0

[4][NativeLibrary] Timezone=60

[4][NativeLibrary] SummerTime=0

[4][NativeLibrary] Timezone=60

[4][NativeLibrary] SummerTime=0

[4][NativeLibrary] Timezone=60

[4][NativeLibrary] SummerTime=0

[4][NativeLibrary] Timezone=60

[4][NativeLibrary] SummerTime=0

[4][NativeLibrary] Timezone=60

[4][NativeLibrary] SummerTime=0

[4][NativeLibrary] Timezone=60

[4][NativeLibrary] SummerTime=0

[4][NativeLibrary] Timezone=60

[4][NativeLibrary] SummerTime=0

[4][NativeLibrary] Timezone=60

[4][NativeLibrary] SummerTime=0

[4][NativeLibrary] Timezone=60

[4][NativeLibrary] SummerTime=0

[4][NativeLibrary] Timezone=60

[4][NativeLibrary] SummerTime=0

[4][NativeLibrary] Timezone=60

[4][NativeLibrary] SummerTime=0

[4][NativeLibrary] Timezone=60

[4][NativeLibrary] SummerTime=0

[4][NativeLibrary] Timezone=60

[4][NativeLibrary] SummerTime=0

[4][NativeLibrary] Timezone=60

[4][NativeLibrary] SummerTime=0

[4][NativeLibrary] Timezone=60

[4][NativeLibrary] SummerTime=0

[4][NativeLibrary] Timezone=60

[4][NativeLibrary] SummerTime=0

[4][NativeLibrary] Timezone=60

[4][NativeLibrary] SummerTime=0

[4][NativeLibrary] Timezone=60

[4][NativeLibrary] SummerTime=0

[4][NativeLibrary] Timezone=60

[4][NativeLibrary] SummerTime=0

[4][NativeLibrary] Timezone=60

[4][NativeLibrary] SummerTime=0

[4][NativeLibrary] Timezone=60

[4][NativeLibrary] SummerTime=0

[4][NativeLibrary] Timezone=60

[4][NativeLibrary] SummerTime=0

[4][NativeLibrary] Timezone=60

[4][NativeLibrary] SummerTime=0

[4][NativeLibrary] Timezone=60

[4][NativeLibrary] SummerTime=0

[4][NativeLibrary] Timezone=60

[4][NativeLibrary] SummerTime=0

[4][NativeLibrary] Timezone=60

[4][NativeLibrary] SummerTime=0

[4][NativeLibrary] Timezone=60

[4][NativeLibrary] SummerTime=0

[VK] FPS 31.5 | 31.74 ms/frame | min 30.73 max 33.88 ms | 32 framu | lsfg=0
[4][NativeLibrary] Timezone=60

[4][NativeLibrary] SummerTime=0

[4][NativeLibrary] Timezone=60

[4][NativeLibrary] SummerTime=0

[4][NativeLibrary] Timezone=60

[4][NativeLibrary] SummerTime=0

[4][NativeLibrary] Timezone=60

[4][NativeLibrary] SummerTime=0

[4][NativeLibrary] Timezone=60

[4][NativeLibrary] SummerTime=0

[4][NativeLibrary] Timezone=60

[4][NativeLibrary] SummerTime=0

[4][NativeLibrary] Timezone=60

[4][NativeLibrary] SummerTime=0

[4][NativeLibrary] Timezone=60

[4][NativeLibrary] SummerTime=0

[4][NativeLibrary] Timezone=60

[4][NativeLibrary] SummerTime=0

[4][NativeLibrary] Timezone=60

[4][NativeLibrary] SummerTime=0

[4][NativeLibrary] Timezone=60

[4][NativeLibrary] SummerTime=0

[4][NativeLibrary] Timezone=60

[4][NativeLibrary] SummerTime=0

[4][NativeLibrary] Timezone=60

[4][NativeLibrary] SummerTime=0

[4][NativeLibrary] Timezone=60

[4][NativeLibrary] SummerTime=0

[4][NativeLibrary] Timezone=60

[4][NativeLibrary] SummerTime=0

[4][NativeLibrary] Timezone=60

[4][NativeLibrary] SummerTime=0

[4][NativeLibrary] Timezone=60

[4][NativeLibrary] SummerTime=0

[4][NativeLibrary] Timezone=60

[4][NativeLibrary] SummerTime=0

[4][NativeLibrary] Timezone=60

[4][NativeLibrary] SummerTime=0

[4][NativeLibrary] Timezone=60

[4][NativeLibrary] SummerTime=0

[4][NativeLibrary] Timezone=60

[4][NativeLibrary] SummerTime=0

[4][NativeLibrary] Timezone=60

[4][NativeLibrary] SummerTime=0

[4][NativeLibrary] Timezone=60

[4][NativeLibrary] SummerTime=0

[4][NativeLibrary] Timezone=60

[4][NativeLibrary] SummerTime=0

[4][NativeLibrary] Timezone=60

[4][NativeLibrary] SummerTime=0

[4][NativeLibrary] Timezone=60

[4][NativeLibrary] SummerTime=0

[4][NativeLibrary] Timezone=60

[4][NativeLibrary] SummerTime=0

[4][NativeLibrary] Timezone=60

[4][NativeLibrary] SummerTime=0

[4][NativeLibrary] Timezone=60

[4][NativeLibrary] SummerTime=0

[4][NativeLibrary] Timezone=60

[4][NativeLibrary] SummerTime=0

[4][NativeLibrary] Timezone=60

[4][NativeLibrary] SummerTime=0

[4][NativeLibrary] Timezone=60

[4][NativeLibrary] SummerTime=0

[4][NativeLibrary] Timezone=60

[4][NativeLibrary] SummerTime=0

[VK] FPS 32.4 | 30.84 ms/frame | min 28.75 max 40.84 ms | 33 framu | lsfg=0
[4][NativeLibrary] Timezone=60

[4][NativeLibrary] SummerTime=0

[4][NativeLibrary] Timezone=60

[4][NativeLibrary] SummerTime=0

[4][NativeLibrary] Timezone=60

[4][NativeLibrary] SummerTime=0

[4][NativeLibrary] Timezone=60

[4][NativeLibrary] SummerTime=0

[4][NativeLibrary] Timezone=60

[4][NativeLibrary] SummerTime=0

[4][NativeLibrary] Timezone=60

[4][NativeLibrary] SummerTime=0

[4][NativeLibrary] Timezone=60

[4][NativeLibrary] SummerTime=0

[4][NativeLibrary] Timezone=60

[4][NativeLibrary] SummerTime=0

[4][NativeLibrary] Timezone=60

[4][NativeLibrary] SummerTime=0

[4][NativeLibrary] Timezone=60

[4][NativeLibrary] SummerTime=0

[4][NativeLibrary] Timezone=60

[4][NativeLibrary] SummerTime=0

[4][NativeLibrary] Timezone=60

[4][NativeLibrary] SummerTime=0

[4][NativeLibrary] Timezone=60

[4][NativeLibrary] SummerTime=0

[4][NativeLibrary] Timezone=60

[4][NativeLibrary] SummerTime=0

[4][NativeLibrary] Timezone=60

[4][NativeLibrary] SummerTime=0

[4][NativeLibrary] Timezone=60

[4][NativeLibrary] SummerTime=0

[4][NativeLibrary] Timezone=60

[4][NativeLibrary] SummerTime=0

[4][NativeLibrary] Timezone=60

[4][NativeLibrary] SummerTime=0

[4][NativeLibrary] Timezone=60

[4][NativeLibrary] SummerTime=0

[4][NativeLibrary] Timezone=60

[4][NativeLibrary] SummerTime=0

[4][NativeLibrary] Timezone=60

[4][NativeLibrary] SummerTime=0

[4][NativeLibrary] Timezone=60

[4][NativeLibrary] SummerTime=0

[4][NativeLibrary] Timezone=60

[4][NativeLibrary] SummerTime=0

[4][NativeLibrary] Timezone=60

[4][NativeLibrary] SummerTime=0

[4][NativeLibrary] Timezone=60

[4][NativeLibrary] SummerTime=0

[4][NativeLibrary] Timezone=60

[4][NativeLibrary] SummerTime=0

[4][NativeLibrary] Timezone=60

[4][NativeLibrary] SummerTime=0

[4][NativeLibrary] Timezone=60

[4][NativeLibrary] SummerTime=0

[4][NativeLibrary] Timezone=60

[4][NativeLibrary] SummerTime=0

[4][NativeLibrary] Timezone=60

[4][NativeLibrary] SummerTime=0

[4][NativeLibrary] Timezone=60

[4][NativeLibrary] SummerTime=0

[4][NativeLibrary] Timezone=60

[4][NativeLibrary] SummerTime=0

[4][NativeLibrary] Timezone=60

[4][NativeLibrary] SummerTime=0

[4][NativeLibrary] Timezone=60

[4][NativeLibrary] SummerTime=0

[VK] FPS 33.4 | 29.93 ms/frame | min 28.22 max 32.61 ms | 34 framu | lsfg=0
[4][NativeLibrary] Timezone=60

[4][NativeLibrary] SummerTime=0

[4][NativeLibrary] Timezone=60

[4][NativeLibrary] SummerTime=0

[4][NativeLibrary] Timezone=60

[4][NativeLibrary] SummerTime=0

[4][NativeLibrary] Timezone=60

[4][NativeLibrary] SummerTime=0

[4][NativeLibrary] Timezone=60

[4][NativeLibrary] SummerTime=0

[4][NativeLibrary] Timezone=60

[4][NativeLibrary] SummerTime=0

[4][NativeLibrary] Timezone=60

[4][NativeLibrary] SummerTime=0

[4][NativeLibrary] Timezone=60

[4][NativeLibrary] SummerTime=0

[4][NativeLibrary] Timezone=60

[4][NativeLibrary] SummerTime=0

[4][NativeLibrary] Timezone=60

[4][NativeLibrary] SummerTime=0

[4][NativeLibrary] Timezone=60

[4][NativeLibrary] SummerTime=0

[4][NativeLibrary] Timezone=60

[4][NativeLibrary] SummerTime=0

[4][NativeLibrary] Timezone=60

[4][NativeLibrary] SummerTime=0

[4][NativeLibrary] Timezone=60

[4][NativeLibrary] SummerTime=0

[4][NativeLibrary] Timezone=60

[4][NativeLibrary] SummerTime=0

[4][NativeLibrary] Timezone=60

[4][NativeLibrary] SummerTime=0

[4][NativeLibrary] Timezone=60

[4][NativeLibrary] SummerTime=0

[4][NativeLibrary] Timezone=60

[4][NativeLibrary] SummerTime=0

[4][NativeLibrary] Timezone=60

[4][NativeLibrary] SummerTime=0

[4][NativeLibrary] Timezone=60

[4][NativeLibrary] SummerTime=0

[4][NativeLibrary] Timezone=60

[4][NativeLibrary] SummerTime=0

[4][NativeLibrary] Timezone=60

[4][NativeLibrary] SummerTime=0

[4][NativeLibrary] Timezone=60

[4][NativeLibrary] SummerTime=0

[4][NativeLibrary] Timezone=60

[4][NativeLibrary] SummerTime=0

[4][NativeLibrary] Timezone=60

[4][NativeLibrary] SummerTime=0

[4][NativeLibrary] Timezone=60

[4][NativeLibrary] SummerTime=0

[4][NativeLibrary] OSD [nethersx2_quick_menu]: NETHERSX2 QUICK MENU

[4][NativeLibrary] 

[4][NativeLibrary] > Resume game

[4][NativeLibrary]   State slot: 0

[4][NativeLibrary]   Load state

[4][NativeLibrary]   Save state

[4][NativeLibrary]   Change disc >

[4][NativeLibrary]   Controller mapping

[4][NativeLibrary]   Cheat codes

[4][NativeLibrary]   Achievements: Disabled

[4][NativeLibrary]   Frame Generation: Disabled

[4][NativeLibrary]   Frame Rate Control >

[4][NativeLibrary]   Reset console

[4][NativeLibrary]   Exit game

[4][NativeLibrary] 

[4][NativeLibrary] A  Select     B  Close     Left/Right  Change
[4][NativeLibrary] Timezone=60

[4][NativeLibrary] SummerTime=0

[4][NativeLibrary] Timezone=60

[4][NativeLibrary] SummerTime=0

[4][NativeLibrary] Timezone=60

[4][NativeLibrary] SummerTime=0

[4][NativeLibrary] Timezone=60

[4][NativeLibrary] SummerTime=0

[4][NativeLibrary] Timezone=60

[4][NativeLibrary] SummerTime=0

[VK] FPS 30.3 | 33.05 ms/frame | min 28.26 max 119.20 ms | 31 framu | lsfg=0
[4][NativeLibrary] Timezone=60

[4][NativeLibrary] SummerTime=0

[4][NativeLibrary] Timezone=60

[4][NativeLibrary] SummerTime=0

[4][NativeLibrary] Timezone=60

[4][NativeLibrary] SummerTime=0

[4][NativeLibrary] Timezone=60

[4][NativeLibrary] SummerTime=0

[4][NativeLibrary] Timezone=60

[4][NativeLibrary] SummerTime=0

[4][NativeLibrary] Timezone=60

[4][NativeLibrary] SummerTime=0

[4][NativeLibrary] Timezone=60

[4][NativeLibrary] SummerTime=0

[4][NativeLibrary] Timezone=60

[4][NativeLibrary] SummerTime=0

[4][NativeLibrary] Timezone=60

[4][NativeLibrary] SummerTime=0

[4][NativeLibrary] Timezone=60

[4][NativeLibrary] SummerTime=0

[4][NativeLibrary] Timezone=60

[4][NativeLibrary] SummerTime=0

[4][NativeLibrary] Timezone=60

[4][NativeLibrary] SummerTime=0

[4][NativeLibrary] Timezone=60

[4][NativeLibrary] SummerTime=0

[4][NativeLibrary] Timezone=60

[4][NativeLibrary] SummerTime=0

[4][NativeLibrary] Timezone=60

[4][NativeLibrary] SummerTime=0

[4][NativeLibrary] Timezone=60

[4][NativeLibrary] SummerTime=0

[4][NativeLibrary] Timezone=60

[4][NativeLibrary] SummerTime=0

[4][NativeLibrary] Timezone=60

[4][NativeLibrary] SummerTime=0

[4][NativeLibrary] Timezone=60

[4][NativeLibrary] SummerTime=0

[4][NativeLibrary] Timezone=60

[4][NativeLibrary] SummerTime=0

[4][NativeLibrary] Timezone=60

[4][NativeLibrary] SummerTime=0

[4][NativeLibrary] Timezone=60

[4][NativeLibrary] SummerTime=0

[4][NativeLibrary] Timezone=60

[4][NativeLibrary] SummerTime=0

[4][NativeLibrary] Timezone=60

[4][NativeLibrary] SummerTime=0

[4][NativeLibrary] Timezone=60

[4][NativeLibrary] SummerTime=0

[4][NativeLibrary] Timezone=60

[4][NativeLibrary] SummerTime=0

[4][NativeLibrary] OSD [nethersx2_quick_menu]: NETHERSX2 QUICK MENU

[4][NativeLibrary] 

[4][NativeLibrary]   Resume game

[4][NativeLibrary] > State slot: 0

[4][NativeLibrary]   Load state

[4][NativeLibrary]   Save state

[4][NativeLibrary]   Change disc >

[4][NativeLibrary]   Controller mapping

[4][NativeLibrary]   Cheat codes

[4][NativeLibrary]   Achievements: Disabled

[4][NativeLibrary]   Frame Generation: Disabled

[4][NativeLibrary]   Frame Rate Control >

[4][NativeLibrary]   Reset console

[4][NativeLibrary]   Exit game

[4][NativeLibrary] 

[4][NativeLibrary] A  Select     B  Close     Left/Right  Change
[4][NativeLibrary] Timezone=60

[4][NativeLibrary] SummerTime=0

[4][NativeLibrary] Timezone=60

[4][NativeLibrary] SummerTime=0

[4][NativeLibrary] Timezone=60

[4][NativeLibrary] SummerTime=0

[4][NativeLibrary] Timezone=60

[4][NativeLibrary] SummerTime=0

[4][NativeLibrary] Timezone=60

[4][NativeLibrary] SummerTime=0

[VK] FPS 30.9 | 32.35 ms/frame | min 26.94 max 113.75 ms | 31 framu | lsfg=0
[4][NativeLibrary] Timezone=60

[4][NativeLibrary] SummerTime=0

[4][NativeLibrary] Timezone=60

[4][NativeLibrary] SummerTime=0

[4][NativeLibrary] Timezone=60

[4][NativeLibrary] SummerTime=0

[4][NativeLibrary] Timezone=60

[4][NativeLibrary] SummerTime=0

[4][NativeLibrary] Timezone=60

[4][NativeLibrary] SummerTime=0

[4][NativeLibrary] Timezone=60

[4][NativeLibrary] SummerTime=0

[4][NativeLibrary] Timezone=60

[4][NativeLibrary] SummerTime=0

[4][NativeLibrary] Timezone=60

[4][NativeLibrary] SummerTime=0

[4][NativeLibrary] OSD [nethersx2_quick_menu]: NETHERSX2 QUICK MENU

[4][NativeLibrary] 

[4][NativeLibrary] > Resume game

[4][NativeLibrary]   State slot: 0

[4][NativeLibrary]   Load state

[4][NativeLibrary]   Save state

[4][NativeLibrary]   Change disc >

[4][NativeLibrary]   Controller mapping

[4][NativeLibrary]   Cheat codes

[4][NativeLibrary]   Achievements: Disabled

[4][NativeLibrary]   Frame Generation: Disabled

[4][NativeLibrary]   Frame Rate Control >

[4][NativeLibrary]   Reset console

[4][NativeLibrary]   Exit game

[4][NativeLibrary] 

[4][NativeLibrary] A  Select     B  Close     Left/Right  Change
[4][NativeLibrary] Timezone=60

[4][NativeLibrary] SummerTime=0

[4][NativeLibrary] Timezone=60

[4][NativeLibrary] SummerTime=0

[4][NativeLibrary] Timezone=60

[4][NativeLibrary] SummerTime=0

[4][NativeLibrary] Timezone=60

[4][NativeLibrary] SummerTime=0

[4][NativeLibrary] Timezone=60

[4][NativeLibrary] SummerTime=0

[4][NativeLibrary] Timezone=60

[4][NativeLibrary] SummerTime=0

[4][NativeLibrary] Timezone=60

[4][NativeLibrary] SummerTime=0

[4][NativeLibrary] Timezone=60

[4][NativeLibrary] SummerTime=0

[4][NativeLibrary] Timezone=60

[4][NativeLibrary] SummerTime=0

[4][NativeLibrary] Timezone=60

[4][NativeLibrary] SummerTime=0

[4][NativeLibrary] Timezone=60

[4][NativeLibrary] SummerTime=0

[4][NativeLibrary] OSD [nethersx2_quick_menu]: NETHERSX2 QUICK MENU

[4][NativeLibrary] 

[4][NativeLibrary]   Resume game

[4][NativeLibrary]   State slot: 0

[4][NativeLibrary]   Load state

[4][NativeLibrary]   Save state

[4][NativeLibrary]   Change disc >

[4][NativeLibrary]   Controller mapping

[4][NativeLibrary]   Cheat codes

[4][NativeLibrary]   Achievements: Disabled

[4][NativeLibrary]   Frame Generation: Disabled

[4][NativeLibrary]   Frame Rate Control >

[4][NativeLibrary]   Reset console

[4][NativeLibrary] > Exit game

[4][NativeLibrary] 

[4][NativeLibrary] A  Select     B  Close     Left/Right  Change
[4][NativeLibrary] Timezone=60

[4][NativeLibrary] SummerTime=0

[4][NativeLibrary] Timezone=60

[4][NativeLibrary] SummerTime=0

[4][NativeLibrary] Timezone=60

[4][NativeLibrary] SummerTime=0

[4][NativeLibrary] Timezone=60

[4][NativeLibrary] SummerTime=0

[4][NativeLibrary] Timezone=60

[4][NativeLibrary] SummerTime=0

[4][NativeLibrary] Timezone=60

[4][NativeLibrary] SummerTime=0

[4][NativeLibrary] Timezone=60

[4][NativeLibrary] SummerTime=0

[4][NativeLibrary] Timezone=60

[4][NativeLibrary] SummerTime=0

[4][NativeLibrary] Timezone=60

[4][NativeLibrary] SummerTime=0

[VK] FPS 27.7 | 36.05 ms/frame | min 26.85 max 126.52 ms | 28 framu | lsfg=0
[4][NativeLibrary] Timezone=60

[4][NativeLibrary] SummerTime=0

[4][NativeLibrary] Timezone=60

[4][NativeLibrary] SummerTime=0

[4][NativeLibrary] Timezone=60

[4][NativeLibrary] SummerTime=0

[4][NativeLibrary] Timezone=60

[4][NativeLibrary] SummerTime=0

[4][NativeLibrary] Timezone=60

[4][NativeLibrary] SummerTime=0

[4][NativeLibrary] Timezone=60

[4][NativeLibrary] SummerTime=0

[4][NativeLibrary] Timezone=60

[4][NativeLibrary] SummerTime=0

[4][NativeLibrary] Timezone=60

[4][NativeLibrary] SummerTime=0

[4][NativeLibrary] OSD [nethersx2_quick_menu]: 
[4][NativeLibrary] Timezone=60

[4][NativeLibrary] SummerTime=0

[4][NativeLibrary] Add 161 seconds play time to SCES-50294 -> now 161
[4][NativeLibrary] (AAudioMod) Closing stream...
[4][NativeLibrary] (AAudioMod) Stopping stream...
[VK] vkDestroySwapchainKHR swapchain=0x584f2e1fc0
[4][NativeLibrary] Writing 889804 bytes to '/switch/nethersx2/cache/vulkan_pipelines.bin'
[VK] vkDestroyDevice device=0x58499c8040
[4][NativeLibrary] Releasing host memory for virtual systems...
[CI] log capture ON, NVK_I_WANT_A_BROKEN_VULKAN_DRIVER=1
[CI] stderr smerovan do core logu: SELHAL
[4][NativeLibrary] EmuFolders::DataRoot is '/switch/nethersx2'
[4][NativeLibrary] EmuFolders::Cache is '/switch/nethersx2/cache'
[4][NativeLibrary] EmuFolders::Resources is 'file:///android_asset'
[4][NativeLibrary] EmuFolders::Settings is '/switch/nethersx2'
[CI] emulator nro: VK build (GS_RENDERER=14), NVK_I_WANT_A_BROKEN_VULKAN_DRIVER=1
[4][NativeLibrary] Searching for a BIOS image in '/switch/nethersx2/bios'...
[4][NativeLibrary] Preparing for a 1280x720 window
[4][NativeLibrary] Bios Found: USA     v02.30(20/02/2008)  Console 20080220-175343
[4][NativeLibrary] Using BIOS '/switch/nethersx2/bios/SCPH-90001_BIOS_V18_USA_230.ROM0' (USA     v02.30(20/02/2008)  Console 20080220-175343 USA)
[4][NativeLibrary] Opening CDVD...
[4][NativeLibrary] isoFile open ok: /Roms/PS2/Fallout - Brotherhood of Steel (USA).iso
[4][NativeLibrary] 	Image type  = DVD
[4][NativeLibrary]  * CDVD Disk Open: DVD, Single layer or unknown:
[4][NativeLibrary]  * * Track 1: Data (Mode 1) (1498432 sectors)
[4][NativeLibrary] Opening GS...
[VK] vkCreateInstance begin api=4198400 app=NetherSX2 engine=NetherSX2 extensions=2
[VK] instance extension[0]=VK_KHR_surface
[VK] instance extension[1]=VK_KHR_android_surface
[VK] vkCreateInstance end result=0 instance=0x581e0ccfe0 lsfg_prepared=0
[4][NativeLibrary] No GPU requested, using first (NVIDIA Tegra X1 (NVK gm20b))
[VK] vkCreateViSurfaceNN window=0x636728ad58 result=0 surface=0x58487a1fc0
[4][NativeLibrary] 1 vulkan queue families
[VK] vkCreateDevice begin physical=0x581e0cf620 queues=1 extensions=6 lsfg_pref=0
[VK] vkCreateDevice end result=0 device=0x58499cb040 lsfg_capable=0 family=4294967295
[VK] vkGetDeviceQueue family=0 index=0 queue=0x58499a8640
[VK] vkGetDeviceQueue family=0 index=0 queue=0x58499a8640
[4][NativeLibrary] VK_EXT_provoking_vertex is supported
[4][NativeLibrary] VK_EXT_line_rasterization is supported
[4][NativeLibrary] VK_EXT_calibrated_timestamps is supported
[4][NativeLibrary] VK_ARM_rasterization_order_attachment_access is NOT supported
[VK] vkGetDeviceQueue family=0 index=0 queue=0x58499a8640
[VK] vkCreateSwapchainKHR begin old=0x0 extent=1280x720 format=37 usage=0x10 images=3 mode=0
[VK] vkCreateSwapchainKHR end result=0 swapchain=0x584f2ae6c0 compatible=0 actual_usage=0x10 actual_images=3 actual_mode=0
[VK] vkGetSwapchainImagesKHR call=1 fill=0 result=0 count=3
[VK] vkGetSwapchainImagesKHR call=2 fill=1 result=0 count=3
[4][NativeLibrary] Read 140 entries from '/switch/nethersx2/cache/vulkan_shaders.idx'
[4][NativeLibrary] Lazily allocating JNI environment for thread 0x581e0cbec0
[VK] core VM sequence returned vm_running=1
[4][NativeLibrary] Opening SPU2...
[4][NativeLibrary] Initializing SndBuffer at sample rate of 48000...
[4][NativeLibrary] (AAudioMod) Creating stream...
[4][NativeLibrary] (AAudioMod) Starting stream...
[4][NativeLibrary] Opening PAD...
[4][NativeLibrary] Opening DEV9...
[4][NativeLibrary] Opening USB...
[4][NativeLibrary] Opening FW...
[4][NativeLibrary] McdSlot 0 [File]: /switch/nethersx2/memcards/Mcd001.ps2
[4][NativeLibrary] McdSlot 1 [File]: /switch/nethersx2/memcards/Mcd002.ps2
[4][NativeLibrary] EE/iR5900-ARM64 Recompiler Reset
[4][NativeLibrary] Vsync is OFF
[4][NativeLibrary] 	Searching for a BIOS image in '/switch/nethersx2/bios'...
[4][NativeLibrary] 	Bios Found: USA     v02.30(20/02/2008)  Console 20080220-175343
[4][NativeLibrary] 	Using BIOS '/switch/nethersx2/bios/SCPH-90001_BIOS_V18_USA_230.ROM0' (USA     v02.30(20/02/2008)  Console 20080220-175343 USA)
[4][NativeLibrary] 	Bios Found: USA     v02.30(20/02/2008)  Console 20080220-175343
[4][NativeLibrary] 	BIOS rom2 module not found, skipping...
[4][NativeLibrary] VM subsystems initialized in 2662.99 ms
[4][NativeLibrary] [GameDB] 12847 games on record (loaded in 1221.07ms)
[4][NativeLibrary] [GameDB] Searching for '20080220-175343' in GameDB
[4][NativeLibrary] [GameDB] Could not find '20080220-175343' in GameDB
[4][NativeLibrary] Game Changed:
[4][NativeLibrary]   Name: 
[4][NativeLibrary]   Serial: 20080220-175343
[4][NativeLibrary]   CRC: 00000000
[4][NativeLibrary] Applying settings...
[4][NativeLibrary] [Unsafe Settings] Cycle rate/skip is not at default, this may crash or make games run too slow.

[4][NativeLibrary] [Unsafe Settings]
[4][NativeLibrary] OSD [unsafe_settings_warning]:  Cycle rate/skip is not at default, this may crash or make games run too slow.

[4][NativeLibrary]  Hardware Download Mode is not set to Accurate, this may break rendering in some games.
[4][NativeLibrary] [GameDB] Searching for '20080220-175343' in GameDB
[4][NativeLibrary] [GameDB] Could not find '20080220-175343' in GameDB
[6][cpuinfo] failed to parse the list of possible processors in /sys/devices/system/cpu/possible
[6][cpuinfo] failed to parse the list of present processors in /sys/devices/system/cpu/present
[6][cpuinfo] failed to parse both lists of possible and present processors
[4][NativeLibrary] Failed to initialize cpuinfo
[4][NativeLibrary] OSD [android_warning]: You are using AetherSX2, and it should not be sold, or distributed as part of any other app.

[4][NativeLibrary] If you paid for this app, you should get your money back.
[4][NativeLibrary] # Initialize memory (rev:4.00, ctm:196Mhz, cpuclk:147Mhz detected)

[4][NativeLibrary] Applying settings...
[4][NativeLibrary] [Unsafe Settings] Cycle rate/skip is not at default, this may crash or make games run too slow.

[4][NativeLibrary] [Unsafe Settings]
[4][NativeLibrary] OSD [unsafe_settings_warning]:  Cycle rate/skip is not at default, this may crash or make games run too slow.

[4][NativeLibrary]  Hardware Download Mode is not set to Accurate, this may break rendering in some games.
[4][NativeLibrary] [GameDB] Searching for '20080220-175343' in GameDB
[4][NativeLibrary] [GameDB] Could not find '20080220-175343' in GameDB
[VK] vkAcquireNextImageKHR call=1 result=0 image=0 semaphore=0x5850060b60 fence=0x0
[4][NativeLibrary] 
PlayStation 2 ======== 
[VK] vkQueueSubmit call=1 count=1 fence=0x5849a39720 result=0
[4][NativeLibrary] Hard reset boot
[VK] vkQueuePresentKHR enter call=1 waits=1 swaps=1 lsfg=0
[4][NativeLibrary] 

[VK] vkQueuePresentKHR call=1 swaps=1 result=0
[4][NativeLibrary]  ROMGEN=
[VK] vkAcquireNextImageKHR call=2 result=0 image=1 semaphore=0x5850060ce0 fence=0x0
[4][NativeLibrary] 2008-0220
[4][NativeLibrary] , IOP info (CPUID=
[4][NativeLibrary] 1f
[4][NativeLibrary] , CACH_CONFIG=
[4][NativeLibrary] 14000200, 2MB
[4][NativeLibrary] , IOP mode)

[4][NativeLibrary]  <
[4][NativeLibrary] 20080220-175343,ROMconf,PS20230WC20080220.bin
[4][NativeLibrary] :11824>

[4][NativeLibrary] # Total accessable memory size: 32 MB (B:2:8:0) (400:2:7c30)

[4][NativeLibrary] # TLB spad=0 kernel=1:12 default=13:30 extended=31:38

[4][NativeLibrary] # Initialize Start.

[4][NativeLibrary] # Initialize GS ...

[4][NativeLibrary] # Initialize INTC ...

[4][NativeLibrary] # Initialize TIMER ...

[4][NativeLibrary] # Initialize DMAC ...

[4][NativeLibrary] # Initialize VU1 ...

[4][NativeLibrary] # Initialize VIF1 ...

[4][NativeLibrary] # Initialize GIF ...

[4][NativeLibrary] # Initialize VU0 ...

[4][NativeLibrary] # Initialize VIF0 ...

[4][NativeLibrary] # Initialize IPU ...

[4][NativeLibrary] # Initialize FPU ...

[4][NativeLibrary] # Initialize User Memory ...

[VK] vkQueueSubmit call=2 count=1 fence=0x5849a39a60 result=0
[VK] vkQueuePresentKHR enter call=2 waits=1 swaps=1 lsfg=0
[VK] vkQueuePresentKHR call=2 swaps=1 result=0
[4][NativeLibrary] # Initialize Scratch Pad ...

[VK] vkAcquireNextImageKHR call=3 result=0 image=2 semaphore=0x5850060e60 fence=0x0
[4][NativeLibrary] # Initialize Done.

[VK] vkQueueSubmit call=3 count=1 fence=0x5849a39da0 result=0
[VK] vkQueuePresentKHR enter call=3 waits=1 swaps=1 lsfg=0
[4][NativeLibrary] 

[VK] vkQueuePresentKHR call=3 swaps=1 result=0
[4][NativeLibrary] EE DECI2 Manager version 0.06 Sep  5 2006 12:57:08

[VK] vkAcquireNextImageKHR call=4 result=0 image=0 semaphore=0x5850060b60 fence=0x0
[4][NativeLibrary]   CPUID=2e20, BoardID=0, ROMGEN=2008-0220, 32M

[VK] vkQueuePresentKHR enter call=4 waits=1 swaps=1 lsfg=0
[4][NativeLibrary] 

[VK] vkQueuePresentKHR call=4 swaps=1 result=0
[4][NativeLibrary] (SYSTEM.CNF) Detected PS2 Disc = cdrom0:\SLUS_205.39;1
[4][NativeLibrary] (SYSTEM.CNF) Software version = 1.00
[4][NativeLibrary] (SYSTEM.CNF) Disc region type = NTSC
[4][NativeLibrary] ELF (cdrom0:\SLUS_205.39;1) Game CRC = 0x6E9D2844, EntryPoint = 0x00100008
[4][NativeLibrary] (SYSTEM.CNF) Detected PS2 Disc = cdrom0:\SLUS_205.39;1
[4][NativeLibrary] (SYSTEM.CNF) Software version = 1.00
[4][NativeLibrary] (SYSTEM.CNF) Disc region type = NTSC
[4][NativeLibrary] 
IOP Realtime Kernel Ver.0.9.1
    Copyright 1999 (C) Sony C
[4][NativeLibrary] omputer Entertainment Inc. 

[4][NativeLibrary] Reboot service module.(99/11/10)

[4][NativeLibrary] cdvd driver module version 0.1.1 (C)SCEI

[4][NativeLibrary] Load File service.(99/11/05)

[4][NativeLibrary] Multi Threaded Fileio module.(99/11/15) 

[4][NativeLibrary] iop heap service (99/11/03)

[4][NativeLibrary] loadelf: fname cdrom0:¥SLUS_205.39;1 secname all

[4][NativeLibrary] loadelf version 3.30

[VK] FPS 30.8 | 32.50 ms/frame | min 2.76 max 257.32 ms | 31 framu | lsfg=0
[4][NativeLibrary] Input ELF format filename = cdrom0:¥SLUS_205.39;1

[4][NativeLibrary] 0 00100000 0010aec8 
[4][NativeLibrary] .
[4][NativeLibrary] .
[4][NativeLibrary] .
[4][NativeLibrary] .
[4][NativeLibrary] .
[4][NativeLibrary] .
[4][NativeLibrary] .
[4][NativeLibrary] .
[4][NativeLibrary] .
[4][NativeLibrary] .
[4][NativeLibrary] .
[4][NativeLibrary] .
[4][NativeLibrary] .
[4][NativeLibrary] .
[4][NativeLibrary] .
[4][NativeLibrary] .
[4][NativeLibrary] .
[4][NativeLibrary] 

[4][NativeLibrary] Loaded, cdrom0:¥SLUS_205.39;1

[4][NativeLibrary] start address 0x100008

[4][NativeLibrary] gp address 00000000

[4][NativeLibrary] # Restart Without Memory Clear.

[4][NativeLibrary] # Initialize GS ...

[4][NativeLibrary] # Initialize INTC ...

[4][NativeLibrary] # Initialize TIMER ...

[4][NativeLibrary] # Initialize DMAC ...

[4][NativeLibrary] # Initialize VU1 ...

[4][NativeLibrary] # Initialize VIF1 ...

[4][NativeLibrary] # Initialize GIF ...

[4][NativeLibrary] # Initialize VU0 ...

[4][NativeLibrary] # Initialize VIF0 ...

[4][NativeLibrary] # Initialize IPU ...

[4][NativeLibrary] # Initialize FPU ...

[4][NativeLibrary] # Initialize Scratch Pad ...

[4][NativeLibrary] # Restart Without Memory Clear Done.

[4][NativeLibrary] Elf entry point @ 0x00100008 about to get recompiled. Load patches first.
[4][NativeLibrary] [GameDB] Searching for 'slus-20539' in GameDB
[4][NativeLibrary] [GameDB] Found 'slus-20539' in GameDB
[4][NativeLibrary] [GameDB] Searching for patch with CRC '6E9D2844'
[4][NativeLibrary] [GameDB] No CRC-specific patch or default patch found
[4][NativeLibrary] Overall 0 Cheats loaded
[4][NativeLibrary] Overall 0 No-interlacing patches loaded
[4][NativeLibrary] (No-Interlacing Cheats DB) Patches Loaded: 0
[4][NativeLibrary] [GameDB] Searching for 'slus-20539' in GameDB
[4][NativeLibrary] [GameDB] Found 'slus-20539' in GameDB
[4][NativeLibrary] Game Changed:
[4][NativeLibrary]   Name: Fallout - Brotherhood of Steel
[4][NativeLibrary]   Serial: SLUS-20539
[4][NativeLibrary]   CRC: 6E9D2844
[4][NativeLibrary] Applying settings...
[4][NativeLibrary] [Unsafe Settings] Cycle rate/skip is not at default, this may crash or make games run too slow.

[4][NativeLibrary] [Unsafe Settings]
[4][NativeLibrary] OSD [unsafe_settings_warning]:  Cycle rate/skip is not at default, this may crash or make games run too slow.

[4][NativeLibrary]  Hardware Download Mode is not set to Accurate, this may break rendering in some games.
[4][NativeLibrary] [GameDB] Searching for 'slus-20539' in GameDB
[4][NativeLibrary] [GameDB] Found 'slus-20539' in GameDB
[4][NativeLibrary] [GameDB] Enabled GS Hardware Fix: estimateTextureRegion to [mode=1]
[4][NativeLibrary] [GameDB] Enabled GS Hardware Fix: roundSprite to [mode=1]
[4][NativeLibrary] [GameDB] Enabled GS Hardware Fix: textureInsideRT to [mode=1]
[4][NativeLibrary] [GameDB] Enabled GS Hardware Fix: gpuPaletteConversion to [mode=1]
[4][NativeLibrary] Updating GS configuration...
[4][NativeLibrary] Vsync is OFF
[4][NativeLibrary] Add 2 seconds play time to 20080220-175343 -> now 4
[4][NativeLibrary] (UpdateVSyncRate) Mode Changed to NTSC.
[VK] FPS 33.7 | 29.65 ms/frame | min 8.58 max 409.47 ms | 34 framu | lsfg=0
[4][NativeLibrary] Get Reboot Request From EE

[4][NativeLibrary] 
PlayStation 2 ======== 
[4][NativeLibrary] Update rebooting..
[4][NativeLibrary] 

[VK] FPS 48.7 | 20.52 ms/frame | min 14.62 max 74.82 ms | 49 framu | lsfg=0
[4][NativeLibrary] 
PlayStation 2 ======== 
[4][NativeLibrary] Update reboot complete
[4][NativeLibrary] 

[4][NativeLibrary] cdvdman Init

[4][NativeLibrary] 
IOP Realtime Kernel Ver. 2.2
    Copyright 1999-2002 (C) So
[4][NativeLibrary] ny Computer Entertainment Inc. 

[4][NativeLibrary] Reboot service module.(99/11/10)

[4][NativeLibrary] cdvd driver module version 0.1.1 (C)SCEI

[4][NativeLibrary] Load File service.(99/11/05)

[4][NativeLibrary] Multi Threaded Fileio module.(99/11/15) 

[4][NativeLibrary] iop heap service (99/11/03)

[4][NativeLibrary] loadmodule: fname cdrom0:¥0MOD¥SIO2MAN.IRX;1 args 0 arg 

[4][NativeLibrary] loadmodule: id 25, ret 0

[4][NativeLibrary] loadmodule: fname cdrom0:¥0MOD¥PADMAN.IRX;1 args 0 arg 

[4][NativeLibrary] loadmodule: id 26, ret 0

[4][NativeLibrary] loadmodule: fname cdrom0:¥0MOD¥LIBSD.IRX;1 args 0 arg 

[4][NativeLibrary] loadmodule: id 27, ret 0

[4][NativeLibrary] loadmodule: fname cdrom0:¥0MOD¥SDRDRV.IRX;1 args 0 arg 

[4][NativeLibrary] SDR driver version 4.0.1 (C) SCEI

[4][NativeLibrary]  Exit rsd_main 

[4][NativeLibrary] loadmodule: id 28, ret 0

[4][NativeLibrary] loadmodule: fname cdrom0:¥0MOD¥MCMAN.IRX;1 args 0 arg 

[4][NativeLibrary] loadmodule: id 29, ret 2

[4][NativeLibrary] loadmodule: fname cdrom0:¥0MOD¥MCSERV.IRX;1 args 0 arg 

[4][NativeLibrary] loadmodule: id 30, ret 2

[4][NativeLibrary] loadmodule: fname cdrom0:¥0MOD¥HELLO.IRX;1 args 0 arg 

[4][NativeLibrary] starto

[4][NativeLibrary] loadmodule: id 31, ret 0

[4][NativeLibrary] Stream Buffer 1Bank 32768byte 5banks 163840byte used

[VK] FPS 49.4 | 20.23 ms/frame | min 1.05 max 89.49 ms | 50 framu | lsfg=0
[VK] FPS 59.9 | 16.68 ms/frame | min 12.23 max 19.21 ms | 60 framu | lsfg=0
[VK] FPS 59.9 | 16.68 ms/frame | min 16.56 max 16.82 ms | 60 framu | lsfg=0
[4][NativeLibrary] OSD [nethersx2_quick_status]: Quick menu: L + R + Plus
[VK] FPS 56.4 | 17.72 ms/frame | min 16.66 max 75.97 ms | 57 framu | lsfg=0
[VK] FPS 55.3 | 18.07 ms/frame | min 0.34 max 137.67 ms | 56 framu | lsfg=0
[VK] FPS 59.9 | 16.68 ms/frame | min 9.92 max 23.44 ms | 60 framu | lsfg=0
[VK] FPS 59.9 | 16.68 ms/frame | min 9.79 max 23.58 ms | 60 framu | lsfg=0
[VK] FPS 59.9 | 16.68 ms/frame | min 9.83 max 23.53 ms | 60 framu | lsfg=0
[VK] FPS 59.9 | 16.69 ms/frame | min 9.80 max 23.57 ms | 60 framu | lsfg=0
[VK] FPS 60.0 | 16.68 ms/frame | min 4.36 max 33.17 ms | 60 framu | lsfg=0
[VK] FPS 59.9 | 16.68 ms/frame | min 10.11 max 23.26 ms | 60 framu | lsfg=0
[VK] FPS 59.9 | 16.69 ms/frame | min 10.07 max 23.29 ms | 60 framu | lsfg=0
[VK] FPS 59.9 | 16.68 ms/frame | min 10.12 max 23.24 ms | 60 framu | lsfg=0
[VK] FPS 59.9 | 16.68 ms/frame | min 9.97 max 23.39 ms | 60 framu | lsfg=0
[VK] FPS 59.9 | 16.68 ms/frame | min 10.13 max 23.23 ms | 60 framu | lsfg=0
[VK] FPS 59.9 | 16.68 ms/frame | min 10.30 max 23.06 ms | 60 framu | lsfg=0
[VK] FPS 59.9 | 16.68 ms/frame | min 10.15 max 23.21 ms | 60 framu | lsfg=0
[VK] FPS 59.9 | 16.68 ms/frame | min 10.26 max 23.10 ms | 60 framu | lsfg=0
[VK] FPS 59.9 | 16.68 ms/frame | min 10.13 max 23.22 ms | 60 framu | lsfg=0
[VK] FPS 60.1 | 16.64 ms/frame | min 10.19 max 23.17 ms | 61 framu | lsfg=0
[VK] FPS 59.9 | 16.68 ms/frame | min 16.58 max 16.80 ms | 60 framu | lsfg=0
[VK] FPS 59.9 | 16.68 ms/frame | min 4.78 max 29.10 ms | 60 framu | lsfg=0
[VK] FPS 59.9 | 16.68 ms/frame | min 16.67 max 18.32 ms | 60 framu | lsfg=0
[VK] FPS 59.9 | 16.68 ms/frame | min 8.98 max 23.71 ms | 60 framu | lsfg=0
[VK] FPS 59.9 | 16.68 ms/frame | min 7.75 max 24.69 ms | 60 framu | lsfg=0
[VK] FPS 60.0 | 16.68 ms/frame | min 4.35 max 34.57 ms | 60 framu | lsfg=0
[VK] FPS 59.9 | 16.69 ms/frame | min 7.86 max 25.38 ms | 60 framu | lsfg=0
[VK] FPS 59.9 | 16.68 ms/frame | min 4.78 max 31.36 ms | 60 framu | lsfg=0
[VK] FPS 59.9 | 16.68 ms/frame | min 8.25 max 25.12 ms | 60 framu | lsfg=0
[VK] FPS 59.9 | 16.68 ms/frame | min 4.89 max 31.55 ms | 60 framu | lsfg=0
[VK] FPS 59.9 | 16.68 ms/frame | min 7.94 max 25.41 ms | 60 framu | lsfg=0
[VK] FPS 60.0 | 16.67 ms/frame | min 4.38 max 33.80 ms | 60 framu | lsfg=0
[VK] FPS 59.9 | 16.69 ms/frame | min 7.41 max 25.96 ms | 60 framu | lsfg=0
[VK] FPS 59.9 | 16.68 ms/frame | min 4.73 max 32.49 ms | 60 framu | lsfg=0
[VK] FPS 59.9 | 16.68 ms/frame | min 4.91 max 25.81 ms | 60 framu | lsfg=0
[VK] FPS 59.9 | 16.68 ms/frame | min 4.85 max 28.95 ms | 60 framu | lsfg=0
[VK] FPS 59.9 | 16.69 ms/frame | min 9.95 max 23.12 ms | 61 framu | lsfg=0
[VK] FPS 59.9 | 16.68 ms/frame | min 9.80 max 23.56 ms | 60 framu | lsfg=0
[VK] FPS 60.0 | 16.68 ms/frame | min 11.73 max 22.38 ms | 60 framu | lsfg=0
[VK] FPS 59.9 | 16.68 ms/frame | min 16.51 max 16.86 ms | 60 framu | lsfg=0
[VK] FPS 59.9 | 16.68 ms/frame | min 4.71 max 27.40 ms | 60 framu | lsfg=0
[VK] FPS 59.9 | 16.68 ms/frame | min 16.67 max 16.70 ms | 60 framu | lsfg=0
[VK] FPS 59.9 | 16.68 ms/frame | min 4.30 max 25.38 ms | 60 framu | lsfg=0
[VK] FPS 58.8 | 17.01 ms/frame | min 7.64 max 35.67 ms | 59 framu | lsfg=0
[VK] FPS 60.6 | 16.51 ms/frame | min 4.33 max 29.58 ms | 62 framu | lsfg=0
[VK] FPS 60.4 | 16.55 ms/frame | min 8.31 max 25.06 ms | 61 framu | lsfg=0
[VK] FPS 59.9 | 16.68 ms/frame | min 16.67 max 16.70 ms | 60 framu | lsfg=0
[VK] FPS 59.9 | 16.68 ms/frame | min 16.67 max 16.70 ms | 60 framu | lsfg=0
[VK] FPS 59.6 | 16.77 ms/frame | min 0.34 max 69.55 ms | 60 framu | lsfg=0
[VK] FPS 59.9 | 16.69 ms/frame | min 4.84 max 26.54 ms | 60 framu | lsfg=0
[VK] FPS 60.3 | 16.59 ms/frame | min 6.38 max 28.76 ms | 61 framu | lsfg=0
[VK] FPS 59.9 | 16.68 ms/frame | min 8.11 max 25.26 ms | 60 framu | lsfg=0
[VK] FPS 59.9 | 16.68 ms/frame | min 6.47 max 28.86 ms | 60 framu | lsfg=0
[VK] FPS 59.9 | 16.68 ms/frame | min 7.72 max 28.50 ms | 60 framu | lsfg=0
[VK] FPS 59.9 | 16.68 ms/frame | min 9.37 max 23.73 ms | 60 framu | lsfg=0
[VK] FPS 59.9 | 16.68 ms/frame | min 9.77 max 23.60 ms | 60 framu | lsfg=0
[VK] FPS 59.9 | 16.68 ms/frame | min 6.24 max 28.22 ms | 60 framu | lsfg=0
[VK] FPS 59.9 | 16.68 ms/frame | min 8.51 max 24.86 ms | 60 framu | lsfg=0
[VK] FPS 59.9 | 16.68 ms/frame | min 7.06 max 28.11 ms | 60 framu | lsfg=0
[VK] FPS 59.9 | 16.68 ms/frame | min 0.35 max 35.59 ms | 60 framu | lsfg=0
[VK] FPS 59.9 | 16.68 ms/frame | min 7.39 max 27.77 ms | 60 framu | lsfg=0
[VK] FPS 59.9 | 16.68 ms/frame | min 8.61 max 24.76 ms | 60 framu | lsfg=0
[VK] FPS 59.9 | 16.68 ms/frame | min 16.67 max 16.70 ms | 60 framu | lsfg=0
[VK] FPS 59.9 | 16.68 ms/frame | min 9.03 max 24.33 ms | 60 framu | lsfg=0
[VK] FPS 59.9 | 16.68 ms/frame | min 4.31 max 31.06 ms | 60 framu | lsfg=0
[VK] FPS 59.9 | 16.68 ms/frame | min 8.16 max 25.20 ms | 60 framu | lsfg=0
[VK] FPS 59.9 | 16.68 ms/frame | min 7.30 max 26.03 ms | 60 framu | lsfg=0
[VK] FPS 59.9 | 16.68 ms/frame | min 16.67 max 16.70 ms | 60 framu | lsfg=0
[VK] FPS 59.9 | 16.68 ms/frame | min 16.66 max 16.71 ms | 60 framu | lsfg=0
[VK] FPS 54.9 | 18.21 ms/frame | min 0.51 max 144.72 ms | 55 framu | lsfg=0
[VK] FPS 59.9 | 16.68 ms/frame | min 16.38 max 16.98 ms | 60 framu | lsfg=0
[VK] FPS 59.9 | 16.68 ms/frame | min 16.38 max 16.99 ms | 60 framu | lsfg=0
[VK] FPS 59.9 | 16.68 ms/frame | min 16.38 max 16.98 ms | 60 framu | lsfg=0
[VK] FPS 59.9 | 16.68 ms/frame | min 16.38 max 17.06 ms | 60 framu | lsfg=0
[VK] FPS 59.9 | 16.68 ms/frame | min 15.86 max 17.50 ms | 60 framu | lsfg=0
[4][NativeLibrary] 

[4][NativeLibrary] 

[4][NativeLibrary] Allocating 56 Segments = 7168k

[VK] FPS 59.9 | 16.68 ms/frame | min 2.53 max 39.19 ms | 60 framu | lsfg=0
[4][NativeLibrary] quest_find_bos -42 

[4][NativeLibrary] quest_bar_raiders 1 

[4][NativeLibrary] quest_radscorpion_tails -42 

[4][NativeLibrary] quest_mr_pussy -42 

[4][NativeLibrary] quest_rubys_locket -42 

[4][NativeLibrary] quest_warehouse_radscorpions -42 

[4][NativeLibrary] quest_boss_radscorpion -42 

[4][NativeLibrary] quest_crater_mayor -42 

[4][NativeLibrary] quest_medical_supplies -42 

[4][NativeLibrary] quest_town_raiders -42 

[4][NativeLibrary] quest_save_townspeople -42 

[4][NativeLibrary] quest_mill_raiders -42 

[4][NativeLibrary] quest_kill_matron -42 

[4][NativeLibrary] quest_vault13_flask -42 

[4][NativeLibrary] quest_warehouse_1 -42 

[4][NativeLibrary] quest_warehouse_2 -42 

[4][NativeLibrary] quest_warehouse_3 -42 

[4][NativeLibrary] quest_warehouse_complete -42 

[4][NativeLibrary] quest_escape_crater -42 

[4][NativeLibrary] quest01 received = 0 

[4][NativeLibrary] quest02 received = 0 

[4][NativeLibrary] quest03 received = 0 

[4][NativeLibrary] quest04 received = 0 

[4][NativeLibrary] quest05 received = 0 

[4][NativeLibrary] quest06 received = 0 

[4][NativeLibrary] quest07 received = 0 

[4][NativeLibrary] quest08 received = 0 

[4][NativeLibrary] quest09 received = 0 

[4][NativeLibrary] quest10 received = 0 

[4][NativeLibrary] quest11 received = 0 

[4][NativeLibrary] quest12 received = 0 

[4][NativeLibrary] quest13 received = 0 

[4][NativeLibrary] quest14 received = 0 

[4][NativeLibrary] quest15 received = 0 

[4][NativeLibrary] quest16 received = 0 

[4][NativeLibrary] quest17 received = 0 

[4][NativeLibrary] quest18 received = 0 

[4][NativeLibrary] Initializing gVar complete! 

[VK] FPS 39.0 | 25.67 ms/frame | min 2.03 max 375.47 ms | 39 framu | lsfg=0
[VK] FPS 57.0 | 17.53 ms/frame | min 14.98 max 43.85 ms | 58 framu | lsfg=0
[VK] FPS 61.9 | 16.15 ms/frame | min 0.28 max 17.65 ms | 62 framu | lsfg=0
[VK] FPS 59.9 | 16.68 ms/frame | min 16.67 max 16.71 ms | 60 framu | lsfg=0
[VK] FPS 59.9 | 16.68 ms/frame | min 16.60 max 16.76 ms | 60 framu | lsfg=0
[VK] FPS 54.2 | 18.47 ms/frame | min 1.72 max 98.14 ms | 55 framu | lsfg=0
[VK] FPS 48.9 | 20.47 ms/frame | min 0.25 max 56.57 ms | 49 framu | lsfg=0
[VK] FPS 59.9 | 16.68 ms/frame | min 16.38 max 16.99 ms | 60 framu | lsfg=0
[VK] FPS 59.9 | 16.68 ms/frame | min 9.06 max 24.31 ms | 60 framu | lsfg=0
[4][NativeLibrary] firstIdle = 2 

[VK] FPS 58.8 | 17.01 ms/frame | min 7.48 max 36.04 ms | 59 framu | lsfg=0
[VK] FPS 61.1 | 16.37 ms/frame | min 3.78 max 60.98 ms | 62 framu | lsfg=0
[VK] FPS 59.9 | 16.68 ms/frame | min 16.67 max 16.70 ms | 60 framu | lsfg=0
[VK] FPS 59.9 | 16.68 ms/frame | min 16.55 max 16.82 ms | 60 framu | lsfg=0
[VK] FPS 59.9 | 16.68 ms/frame | min 16.66 max 16.70 ms | 60 framu | lsfg=0
[4][NativeLibrary] this is getting call.. in cutscene? 

[VK] FPS 59.9 | 16.68 ms/frame | min 4.25 max 29.15 ms | 60 framu | lsfg=0
[VK] FPS 59.9 | 16.68 ms/frame | min 4.60 max 52.38 ms | 60 framu | lsfg=0
[VK] FPS 59.9 | 16.68 ms/frame | min 16.67 max 16.70 ms | 60 framu | lsfg=0
[VK] FPS 59.9 | 16.68 ms/frame | min 16.67 max 16.71 ms | 60 framu | lsfg=0
[VK] FPS 58.8 | 17.00 ms/frame | min 8.15 max 41.08 ms | 60 framu | lsfg=0
[VK] FPS 61.1 | 16.38 ms/frame | min 9.97 max 16.70 ms | 62 framu | lsfg=0
[VK] FPS 59.9 | 16.68 ms/frame | min 16.66 max 16.71 ms | 60 framu | lsfg=0
[VK] FPS 59.9 | 16.68 ms/frame | min 16.52 max 16.83 ms | 60 framu | lsfg=0
[VK] FPS 59.9 | 16.68 ms/frame | min 16.67 max 16.70 ms | 60 framu | lsfg=0
[VK] FPS 59.9 | 16.68 ms/frame | min 16.67 max 16.70 ms | 60 framu | lsfg=0
[VK] FPS 59.9 | 16.68 ms/frame | min 16.55 max 16.80 ms | 60 framu | lsfg=0
[VK] FPS 59.9 | 16.68 ms/frame | min 16.66 max 16.71 ms | 60 framu | lsfg=0
[VK] FPS 59.9 | 16.68 ms/frame | min 15.65 max 17.72 ms | 60 framu | lsfg=0
[VK] FPS 59.9 | 16.68 ms/frame | min 16.65 max 16.70 ms | 60 framu | lsfg=0
[VK] FPS 59.9 | 16.68 ms/frame | min 10.98 max 47.65 ms | 60 framu | lsfg=0
[VK] FPS 59.9 | 16.68 ms/frame | min 10.06 max 33.06 ms | 60 framu | lsfg=0
[VK] FPS 59.9 | 16.68 ms/frame | min 16.67 max 16.71 ms | 60 framu | lsfg=0
[VK] FPS 59.9 | 16.68 ms/frame | min 16.52 max 16.86 ms | 60 framu | lsfg=0
[VK] FPS 59.9 | 16.68 ms/frame | min 16.67 max 16.70 ms | 60 framu | lsfg=0
[VK] FPS 59.9 | 16.68 ms/frame | min 16.67 max 16.71 ms | 60 framu | lsfg=0
[VK] FPS 59.9 | 16.68 ms/frame | min 16.67 max 16.69 ms | 60 framu | lsfg=0
[4][NativeLibrary] play ruby vo..

[VK] FPS 59.9 | 16.68 ms/frame | min 15.30 max 18.06 ms | 60 framu | lsfg=0
[VK] FPS 59.9 | 16.68 ms/frame | min 16.67 max 16.70 ms | 60 framu | lsfg=0
[VK] FPS 59.9 | 16.68 ms/frame | min 16.67 max 16.70 ms | 60 framu | lsfg=0
[VK] FPS 59.9 | 16.68 ms/frame | min 16.59 max 16.83 ms | 60 framu | lsfg=0
[4][NativeLibrary] Did not ask RUBY about BoS...

[VK] FPS 59.9 | 16.68 ms/frame | min 7.80 max 25.58 ms | 60 framu | lsfg=0
[4][NativeLibrary] Set Ruby_Self to true..

[4][NativeLibrary] Did not ask RUBY about raiders...

[VK] FPS 59.9 | 16.68 ms/frame | min 7.46 max 37.37 ms | 60 framu | lsfg=0
[4][NativeLibrary] Ruby asked self is true, making option hidden..

[4][NativeLibrary] Did not ask RUBY about BoS...

[4][NativeLibrary] Did not ask RUBY about raiders...

[VK] FPS 59.9 | 16.68 ms/frame | min 8.69 max 32.96 ms | 60 framu | lsfg=0
[4][NativeLibrary] Set Ruby_Raiders to true..

[4][NativeLibrary] Did not ask RUBY about BoS...

[VK] FPS 59.9 | 16.68 ms/frame | min 5.72 max 40.32 ms | 60 framu | lsfg=0
[4][NativeLibrary] Ruby asked self is true, making option hidden..

[4][NativeLibrary] Did not ask RUBY about BoS...

[4][NativeLibrary] Ruby asked about raiders is true, making option hidden..

[VK] FPS 59.9 | 16.68 ms/frame | min 8.64 max 31.98 ms | 60 framu | lsfg=0
[VK] FPS 59.9 | 16.68 ms/frame | min 16.65 max 16.70 ms | 60 framu | lsfg=0
[4][NativeLibrary] **********Starting Ruby's Idles.***********

[VK] FPS 59.9 | 16.68 ms/frame | min 12.88 max 35.48 ms | 60 framu | lsfg=0
[VK] FPS 59.9 | 16.68 ms/frame | min 16.58 max 16.79 ms | 60 framu | lsfg=0
[VK] FPS 59.9 | 16.68 ms/frame | min 16.60 max 16.78 ms | 60 framu | lsfg=0
[VK] FPS 59.9 | 16.68 ms/frame | min 16.67 max 16.71 ms | 60 framu | lsfg=0
[VK] FPS 59.9 | 16.68 ms/frame | min 16.53 max 16.83 ms | 60 framu | lsfg=0
[VK] FPS 59.9 | 16.68 ms/frame | min 16.57 max 16.79 ms | 60 framu | lsfg=0
[VK] FPS 59.9 | 16.68 ms/frame | min 16.66 max 16.72 ms | 60 framu | lsfg=0
[VK] FPS 59.9 | 16.68 ms/frame | min 16.66 max 16.71 ms | 60 framu | lsfg=0
[VK] FPS 59.9 | 16.68 ms/frame | min 16.67 max 16.71 ms | 60 framu | lsfg=0
[VK] FPS 59.9 | 16.68 ms/frame | min 7.97 max 42.35 ms | 60 framu | lsfg=0
[VK] FPS 59.9 | 16.68 ms/frame | min 16.64 max 16.71 ms | 60 framu | lsfg=0
[VK] FPS 59.9 | 16.68 ms/frame | min 16.67 max 16.70 ms | 60 framu | lsfg=0
[VK] FPS 59.9 | 16.68 ms/frame | min 14.87 max 18.65 ms | 60 framu | lsfg=0
[VK] FPS 59.9 | 16.68 ms/frame | min 12.92 max 16.81 ms | 60 framu | lsfg=0
[VK] FPS 59.9 | 16.68 ms/frame | min 16.58 max 16.80 ms | 60 framu | lsfg=0
[VK] FPS 59.9 | 16.68 ms/frame | min 16.58 max 16.71 ms | 60 framu | lsfg=0
[VK] FPS 59.9 | 16.68 ms/frame | min 16.67 max 16.70 ms | 60 framu | lsfg=0
[VK] FPS 59.9 | 16.68 ms/frame | min 16.67 max 16.70 ms | 60 framu | lsfg=0
[4][NativeLibrary] play ruby vo..

[VK] FPS 59.9 | 16.68 ms/frame | min 16.67 max 16.70 ms | 60 framu | lsfg=0
[VK] FPS 59.9 | 16.68 ms/frame | min 16.66 max 16.71 ms | 60 framu | lsfg=0
[VK] FPS 59.9 | 16.69 ms/frame | min 16.50 max 16.86 ms | 60 framu | lsfg=0
[VK] FPS 59.9 | 16.68 ms/frame | min 16.60 max 16.71 ms | 60 framu | lsfg=0
[VK] FPS 59.9 | 16.68 ms/frame | min 16.46 max 16.89 ms | 60 framu | lsfg=0
[VK] FPS 59.9 | 16.68 ms/frame | min 16.67 max 16.70 ms | 60 framu | lsfg=0
[VK] FPS 59.9 | 16.68 ms/frame | min 16.66 max 16.71 ms | 60 framu | lsfg=0
[VK] FPS 59.9 | 16.68 ms/frame | min 8.89 max 44.31 ms | 60 framu | lsfg=0
[VK] FPS 59.9 | 16.68 ms/frame | min 16.55 max 16.85 ms | 60 framu | lsfg=0
[VK] FPS 59.9 | 16.68 ms/frame | min 16.65 max 16.70 ms | 60 framu | lsfg=0
[VK] FPS 59.9 | 16.68 ms/frame | min 16.66 max 16.70 ms | 60 framu | lsfg=0
[VK] FPS 59.9 | 16.68 ms/frame | min 16.67 max 16.70 ms | 60 framu | lsfg=0
[VK] FPS 59.9 | 16.68 ms/frame | min 16.66 max 16.70 ms | 60 framu | lsfg=0
[VK] FPS 59.9 | 16.68 ms/frame | min 16.52 max 16.86 ms | 60 framu | lsfg=0
[VK] FPS 59.9 | 16.68 ms/frame | min 16.67 max 16.70 ms | 60 framu | lsfg=0
[VK] FPS 59.9 | 16.68 ms/frame | min 16.67 max 16.70 ms | 60 framu | lsfg=0
[VK] FPS 59.9 | 16.68 ms/frame | min 16.67 max 16.70 ms | 60 framu | lsfg=0
[VK] FPS 59.9 | 16.68 ms/frame | min 16.67 max 16.70 ms | 60 framu | lsfg=0
[VK] FPS 59.9 | 16.68 ms/frame | min 16.67 max 16.70 ms | 60 framu | lsfg=0
[VK] FPS 59.9 | 16.68 ms/frame | min 16.66 max 16.70 ms | 60 framu | lsfg=0
[VK] FPS 59.9 | 16.68 ms/frame | min 16.66 max 16.71 ms | 60 framu | lsfg=0
[VK] FPS 59.9 | 16.68 ms/frame | min 16.66 max 16.70 ms | 60 framu | lsfg=0
[VK] FPS 59.9 | 16.68 ms/frame | min 16.50 max 16.86 ms | 60 framu | lsfg=0
[VK] FPS 59.9 | 16.68 ms/frame | min 16.66 max 16.70 ms | 60 framu | lsfg=0
[VK] FPS 59.9 | 16.68 ms/frame | min 16.66 max 16.71 ms | 60 framu | lsfg=0
[VK] FPS 59.9 | 16.68 ms/frame | min 16.67 max 16.69 ms | 60 framu | lsfg=0
[VK] FPS 59.9 | 16.68 ms/frame | min 16.67 max 16.70 ms | 60 framu | lsfg=0
[VK] FPS 59.9 | 16.68 ms/frame | min 16.67 max 16.70 ms | 60 framu | lsfg=0
[VK] FPS 59.9 | 16.68 ms/frame | min 16.67 max 16.69 ms | 60 framu | lsfg=0
[VK] FPS 59.9 | 16.68 ms/frame | min 16.67 max 16.70 ms | 60 framu | lsfg=0
[4][NativeLibrary] play ruby vo..

[VK] FPS 59.9 | 16.68 ms/frame | min 16.66 max 16.70 ms | 60 framu | lsfg=0
[VK] FPS 59.9 | 16.68 ms/frame | min 16.50 max 16.87 ms | 60 framu | lsfg=0
[VK] FPS 59.9 | 16.68 ms/frame | min 16.66 max 16.70 ms | 60 framu | lsfg=0
[VK] FPS 59.9 | 16.68 ms/frame | min 16.66 max 16.70 ms | 60 framu | lsfg=0
[VK] FPS 59.9 | 16.69 ms/frame | min 7.49 max 45.61 ms | 60 framu | lsfg=0
[VK] FPS 60.0 | 16.68 ms/frame | min 16.54 max 16.80 ms | 60 framu | lsfg=0
[VK] FPS 59.9 | 16.68 ms/frame | min 3.75 max 29.42 ms | 60 framu | lsfg=0
[VK] FPS 59.9 | 16.68 ms/frame | min 16.66 max 16.71 ms | 60 framu | lsfg=0
[VK] FPS 59.9 | 16.68 ms/frame | min 16.67 max 16.70 ms | 60 framu | lsfg=0
[VK] FPS 59.9 | 16.69 ms/frame | min 16.38 max 17.03 ms | 60 framu | lsfg=0
[VK] FPS 59.9 | 16.68 ms/frame | min 16.66 max 16.70 ms | 60 framu | lsfg=0
[VK] FPS 59.9 | 16.68 ms/frame | min 16.37 max 17.10 ms | 60 framu | lsfg=0
[VK] FPS 59.9 | 16.68 ms/frame | min 16.66 max 16.71 ms | 60 framu | lsfg=0
[VK] FPS 59.9 | 16.68 ms/frame | min 16.38 max 16.97 ms | 60 framu | lsfg=0
[4][NativeLibrary] 

[4][NativeLibrary] 

[4][NativeLibrary] Allocating 47 Segments = 6016k

[VK] FPS 60.0 | 16.68 ms/frame | min 2.28 max 36.07 ms | 60 framu | lsfg=0
[VK] FPS 59.9 | 16.69 ms/frame | min 12.75 max 16.99 ms | 60 framu | lsfg=0
[VK] FPS 60.0 | 16.68 ms/frame | min 15.35 max 18.20 ms | 60 framu | lsfg=0
[VK] FPS 59.9 | 16.68 ms/frame | min 16.66 max 16.72 ms | 60 framu | lsfg=0
[VK] FPS 59.9 | 16.68 ms/frame | min 16.67 max 16.70 ms | 60 framu | lsfg=0
[VK] FPS 59.9 | 16.68 ms/frame | min 16.67 max 16.71 ms | 60 framu | lsfg=0
[VK] FPS 53.9 | 18.55 ms/frame | min 16.60 max 64.32 ms | 55 framu | lsfg=0
[4][NativeLibrary] quest_bar_raiders=2 

[VK] FPS 63.0 | 15.86 ms/frame | min 0.28 max 35.38 ms | 64 framu | lsfg=0
[VK] FPS 59.9 | 16.68 ms/frame | min 4.83 max 55.91 ms | 60 framu | lsfg=0
[VK] FPS 59.9 | 16.68 ms/frame | min 7.21 max 29.63 ms | 60 framu | lsfg=0
[VK] FPS 59.9 | 16.68 ms/frame | min 16.45 max 16.91 ms | 60 framu | lsfg=0
[VK] FPS 59.9 | 16.68 ms/frame | min 14.17 max 21.09 ms | 60 framu | lsfg=0
[VK] FPS 59.9 | 16.68 ms/frame | min 10.76 max 48.13 ms | 60 framu | lsfg=0
[VK] FPS 59.9 | 16.68 ms/frame | min 12.88 max 39.21 ms | 60 framu | lsfg=0
[VK] FPS 59.9 | 16.68 ms/frame | min 16.66 max 16.70 ms | 60 framu | lsfg=0
[VK] FPS 59.1 | 16.93 ms/frame | min 15.09 max 25.23 ms | 60 framu | lsfg=0
[VK] FPS 60.8 | 16.45 ms/frame | min 9.93 max 47.38 ms | 61 framu | lsfg=0
[VK] FPS 59.9 | 16.68 ms/frame | min 16.52 max 16.83 ms | 60 framu | lsfg=0
[VK] FPS 59.9 | 16.68 ms/frame | min 16.65 max 16.71 ms | 60 framu | lsfg=0
[VK] FPS 59.9 | 16.68 ms/frame | min 16.60 max 16.77 ms | 60 framu | lsfg=0
[VK] FPS 59.9 | 16.68 ms/frame | min 16.54 max 16.84 ms | 60 framu | lsfg=0
[VK] FPS 59.9 | 16.68 ms/frame | min 16.58 max 16.87 ms | 60 framu | lsfg=0
[VK] FPS 58.0 | 17.25 ms/frame | min 13.12 max 36.07 ms | 58 framu | lsfg=0
[VK] FPS 60.2 | 16.62 ms/frame | min 11.43 max 45.96 ms | 61 framu | lsfg=0
[VK] FPS 60.7 | 16.48 ms/frame | min 14.77 max 17.15 ms | 61 framu | lsfg=0
[VK] FPS 59.9 | 16.70 ms/frame | min 9.13 max 41.09 ms | 60 framu | lsfg=0
[VK] FPS 58.8 | 17.00 ms/frame | min 15.20 max 18.00 ms | 59 framu | lsfg=0
[VK] FPS 60.5 | 16.52 ms/frame | min 14.71 max 47.02 ms | 61 framu | lsfg=0
[VK] FPS 59.5 | 16.80 ms/frame | min 14.99 max 18.21 ms | 60 framu | lsfg=0
[VK] FPS 56.4 | 17.72 ms/frame | min 16.67 max 19.13 ms | 57 framu | lsfg=0
[VK] FPS 60.4 | 16.55 ms/frame | min 14.08 max 45.53 ms | 61 framu | lsfg=0
[VK] FPS 59.4 | 16.85 ms/frame | min 12.82 max 27.95 ms | 60 framu | lsfg=0
[VK] FPS 60.5 | 16.52 ms/frame | min 12.81 max 17.14 ms | 61 framu | lsfg=0
[4][NativeLibrary] armpit is a coward

[VK] FPS 59.9 | 16.68 ms/frame | min 9.95 max 28.04 ms | 60 framu | lsfg=0
[VK] FPS 59.9 | 16.68 ms/frame | min 16.50 max 16.87 ms | 60 framu | lsfg=0
[VK] FPS 59.9 | 16.68 ms/frame | min 16.66 max 16.70 ms | 60 framu | lsfg=0
[VK] FPS 59.9 | 16.68 ms/frame | min 8.47 max 16.74 ms | 60 framu | lsfg=0
[VK] FPS 59.9 | 16.68 ms/frame | min 11.26 max 41.60 ms | 60 framu | lsfg=0
[VK] FPS 59.9 | 16.68 ms/frame | min 16.66 max 16.71 ms | 60 framu | lsfg=0
[VK] FPS 59.9 | 16.68 ms/frame | min 11.27 max 35.54 ms | 60 framu | lsfg=0
[VK] FPS 59.9 | 16.68 ms/frame | min 16.67 max 16.70 ms | 60 framu | lsfg=0
[VK] FPS 59.9 | 16.68 ms/frame | min 11.21 max 45.04 ms | 60 framu | lsfg=0
[VK] FPS 59.9 | 16.68 ms/frame | min 16.64 max 16.73 ms | 60 framu | lsfg=0
[VK] FPS 59.9 | 16.68 ms/frame | min 16.54 max 16.83 ms | 60 framu | lsfg=0
[VK] FPS 59.9 | 16.68 ms/frame | min 15.73 max 18.07 ms | 60 framu | lsfg=0
[VK] FPS 59.6 | 16.78 ms/frame | min 11.79 max 48.55 ms | 60 framu | lsfg=0
[VK] FPS 60.3 | 16.59 ms/frame | min 15.37 max 16.73 ms | 61 framu | lsfg=0
[VK] FPS 59.9 | 16.68 ms/frame | min 16.64 max 16.71 ms | 60 framu | lsfg=0
[VK] FPS 59.9 | 16.68 ms/frame | min 16.66 max 16.72 ms | 60 framu | lsfg=0
[VK] FPS 59.9 | 16.68 ms/frame | min 16.26 max 17.09 ms | 60 framu | lsfg=0
[VK] FPS 59.9 | 16.68 ms/frame | min 16.53 max 16.83 ms | 60 framu | lsfg=0
[VK] FPS 59.9 | 16.68 ms/frame | min 11.29 max 48.89 ms | 60 framu | lsfg=0
[VK] FPS 59.9 | 16.68 ms/frame | min 16.52 max 16.83 ms | 60 framu | lsfg=0
[VK] FPS 59.9 | 16.68 ms/frame | min 16.64 max 16.71 ms | 60 framu | lsfg=0
[VK] FPS 59.9 | 16.68 ms/frame | min 16.56 max 16.78 ms | 60 framu | lsfg=0
[VK] FPS 59.9 | 16.68 ms/frame | min 14.22 max 19.54 ms | 60 framu | lsfg=0
[VK] FPS 59.5 | 16.82 ms/frame | min 10.47 max 46.88 ms | 60 framu | lsfg=0
[VK] FPS 60.4 | 16.55 ms/frame | min 13.91 max 16.74 ms | 61 framu | lsfg=0
[VK] FPS 59.9 | 16.68 ms/frame | min 16.65 max 16.72 ms | 60 framu | lsfg=0
[VK] FPS 59.9 | 16.68 ms/frame | min 16.65 max 16.73 ms | 60 framu | lsfg=0
[VK] FPS 59.3 | 16.87 ms/frame | min 15.00 max 21.63 ms | 60 framu | lsfg=0
[VK] FPS 59.5 | 16.81 ms/frame | min 14.38 max 19.40 ms | 60 framu | lsfg=0
[VK] FPS 61.1 | 16.38 ms/frame | min 11.27 max 50.52 ms | 62 framu | lsfg=0
[VK] FPS 59.9 | 16.68 ms/frame | min 16.62 max 16.74 ms | 60 framu | lsfg=0
[VK] FPS 59.9 | 16.68 ms/frame | min 16.63 max 16.73 ms | 60 framu | lsfg=0
[VK] FPS 59.9 | 16.68 ms/frame | min 16.67 max 16.70 ms | 60 framu | lsfg=0
[VK] FPS 59.9 | 16.68 ms/frame | min 16.67 max 16.70 ms | 60 framu | lsfg=0
[VK] FPS 59.9 | 16.68 ms/frame | min 16.67 max 16.70 ms | 60 framu | lsfg=0
[VK] FPS 59.9 | 16.68 ms/frame | min 7.49 max 47.37 ms | 60 framu | lsfg=0
[VK] FPS 59.9 | 16.68 ms/frame | min 16.51 max 16.83 ms | 60 framu | lsfg=0
[VK] FPS 59.9 | 16.68 ms/frame | min 16.65 max 16.72 ms | 60 framu | lsfg=0
[VK] FPS 59.9 | 16.68 ms/frame | min 16.63 max 16.73 ms | 60 framu | lsfg=0
[VK] FPS 59.9 | 16.68 ms/frame | min 16.65 max 16.71 ms | 60 framu | lsfg=0
[VK] FPS 59.9 | 16.68 ms/frame | min 16.67 max 16.70 ms | 60 framu | lsfg=0
[VK] FPS 59.9 | 16.68 ms/frame | min 16.66 max 16.70 ms | 60 framu | lsfg=0
[VK] FPS 59.9 | 16.68 ms/frame | min 16.63 max 16.73 ms | 60 framu | lsfg=0
[VK] FPS 59.9 | 16.68 ms/frame | min 9.77 max 50.64 ms | 60 framu | lsfg=0
[VK] FPS 59.9 | 16.68 ms/frame | min 16.64 max 16.73 ms | 60 framu | lsfg=0
[VK] FPS 59.9 | 16.68 ms/frame | min 11.84 max 24.23 ms | 60 framu | lsfg=0
[VK] FPS 59.9 | 16.68 ms/frame | min 16.54 max 16.83 ms | 60 framu | lsfg=0
[VK] FPS 59.9 | 16.68 ms/frame | min 16.56 max 16.80 ms | 60 framu | lsfg=0
[VK] FPS 59.9 | 16.68 ms/frame | min 16.66 max 16.70 ms | 60 framu | lsfg=0
[VK] FPS 59.9 | 16.68 ms/frame | min 16.66 max 16.70 ms | 60 framu | lsfg=0
[VK] FPS 59.9 | 16.69 ms/frame | min 10.63 max 47.66 ms | 60 framu | lsfg=0
[VK] FPS 59.9 | 16.68 ms/frame | min 16.60 max 16.73 ms | 60 framu | lsfg=0
[VK] FPS 59.9 | 16.68 ms/frame | min 16.65 max 16.73 ms | 60 framu | lsfg=0
[VK] FPS 59.9 | 16.68 ms/frame | min 16.63 max 16.75 ms | 60 framu | lsfg=0
[VK] FPS 59.9 | 16.68 ms/frame | min 16.54 max 16.83 ms | 60 framu | lsfg=0
[VK] FPS 59.9 | 16.68 ms/frame | min 11.25 max 37.83 ms | 60 framu | lsfg=0
[VK] FPS 59.9 | 16.68 ms/frame | min 16.66 max 16.71 ms | 60 framu | lsfg=0
[VK] FPS 59.9 | 16.68 ms/frame | min 16.66 max 16.70 ms | 60 framu | lsfg=0
[VK] FPS 57.9 | 17.27 ms/frame | min 16.65 max 51.79 ms | 60 framu | lsfg=0
[4][NativeLibrary] OSD [nethersx2_quick_menu]: NETHERSX2 QUICK MENU

[4][NativeLibrary] 

[4][NativeLibrary] > Resume game

[4][NativeLibrary]   State slot: 0

[4][NativeLibrary]   Load state

[4][NativeLibrary]   Save state

[4][NativeLibrary]   Change disc >

[4][NativeLibrary]   Controller mapping

[4][NativeLibrary]   Cheat codes

[4][NativeLibrary]   Achievements: Disabled

[4][NativeLibrary]   Frame Generation: Disabled

[4][NativeLibrary]   Frame Rate Control >

[4][NativeLibrary]   Reset console

[4][NativeLibrary]   Exit game

[4][NativeLibrary] 

[4][NativeLibrary] A  Select     B  Close     Left/Right  Change
[VK] FPS 62.0 | 16.13 ms/frame | min 9.04 max 16.74 ms | 63 framu | lsfg=0
[4][NativeLibrary] OSD [nethersx2_quick_menu]: NETHERSX2 QUICK MENU

[4][NativeLibrary] 

[4][NativeLibrary]   Resume game

[4][NativeLibrary] > State slot: 0

[4][NativeLibrary]   Load state

[4][NativeLibrary]   Save state

[4][NativeLibrary]   Change disc >

[4][NativeLibrary]   Controller mapping

[4][NativeLibrary]   Cheat codes

[4][NativeLibrary]   Achievements: Disabled

[4][NativeLibrary]   Frame Generation: Disabled

[4][NativeLibrary]   Frame Rate Control >

[4][NativeLibrary]   Reset console

[4][NativeLibrary]   Exit game

[4][NativeLibrary] 

[4][NativeLibrary] A  Select     B  Close     Left/Right  Change
[4][NativeLibrary] OSD [nethersx2_quick_menu]: NETHERSX2 QUICK MENU

[4][NativeLibrary] 

[4][NativeLibrary]   Resume game

[4][NativeLibrary]   State slot: 0

[4][NativeLibrary] > Load state

[4][NativeLibrary]   Save state

[4][NativeLibrary]   Change disc >

[4][NativeLibrary]   Controller mapping

[4][NativeLibrary]   Cheat codes

[4][NativeLibrary]   Achievements: Disabled

[4][NativeLibrary]   Frame Generation: Disabled

[4][NativeLibrary]   Frame Rate Control >

[4][NativeLibrary]   Reset console

[4][NativeLibrary]   Exit game

[4][NativeLibrary] 

[4][NativeLibrary] A  Select     B  Close     Left/Right  Change
[4][NativeLibrary] OSD [nethersx2_quick_menu]: NETHERSX2 QUICK MENU

[4][NativeLibrary] 

[4][NativeLibrary]   Resume game

[4][NativeLibrary]   State slot: 0

[4][NativeLibrary]   Load state

[4][NativeLibrary] > Save state

[4][NativeLibrary]   Change disc >

[4][NativeLibrary]   Controller mapping

[4][NativeLibrary]   Cheat codes

[4][NativeLibrary]   Achievements: Disabled

[4][NativeLibrary]   Frame Generation: Disabled

[4][NativeLibrary]   Frame Rate Control >

[4][NativeLibrary]   Reset console

[4][NativeLibrary]   Exit game

[4][NativeLibrary] 

[4][NativeLibrary] A  Select     B  Close     Left/Right  Change
[4][NativeLibrary] OSD [nethersx2_quick_menu]: NETHERSX2 QUICK MENU

[4][NativeLibrary] 

[4][NativeLibrary]   Resume game

[4][NativeLibrary]   State slot: 0

[4][NativeLibrary]   Load state

[4][NativeLibrary]   Save state

[4][NativeLibrary] > Change disc >

[4][NativeLibrary]   Controller mapping

[4][NativeLibrary]   Cheat codes

[4][NativeLibrary]   Achievements: Disabled

[4][NativeLibrary]   Frame Generation: Disabled

[4][NativeLibrary]   Frame Rate Control >

[4][NativeLibrary]   Reset console

[4][NativeLibrary]   Exit game

[4][NativeLibrary] 

[4][NativeLibrary] A  Select     B  Close     Left/Right  Change
[4][NativeLibrary] OSD [nethersx2_quick_menu]: NETHERSX2 QUICK MENU

[4][NativeLibrary] 

[4][NativeLibrary]   Resume game

[4][NativeLibrary]   State slot: 0

[4][NativeLibrary]   Load state

[4][NativeLibrary]   Save state

[4][NativeLibrary]   Change disc >

[4][NativeLibrary] > Controller mapping

[4][NativeLibrary]   Cheat codes

[4][NativeLibrary]   Achievements: Disabled

[4][NativeLibrary]   Frame Generation: Disabled

[4][NativeLibrary]   Frame Rate Control >

[4][NativeLibrary]   Reset console

[4][NativeLibrary]   Exit game

[4][NativeLibrary] 

[4][NativeLibrary] A  Select     B  Close     Left/Right  Change
[VK] FPS 59.9 | 16.68 ms/frame | min 15.37 max 17.97 ms | 60 framu | lsfg=0
[4][NativeLibrary] OSD [nethersx2_quick_menu]: NETHERSX2 QUICK MENU

[4][NativeLibrary] 

[4][NativeLibrary]   Resume game

[4][NativeLibrary]   State slot: 0

[4][NativeLibrary]   Load state

[4][NativeLibrary]   Save state

[4][NativeLibrary]   Change disc >

[4][NativeLibrary]   Controller mapping

[4][NativeLibrary] > Cheat codes

[4][NativeLibrary]   Achievements: Disabled

[4][NativeLibrary]   Frame Generation: Disabled

[4][NativeLibrary]   Frame Rate Control >

[4][NativeLibrary]   Reset console

[4][NativeLibrary]   Exit game

[4][NativeLibrary] 

[4][NativeLibrary] A  Select     B  Close     Left/Right  Change
[4][NativeLibrary] OSD [nethersx2_quick_menu]: NETHERSX2 QUICK MENU

[4][NativeLibrary] 

[4][NativeLibrary]   Resume game

[4][NativeLibrary]   State slot: 0

[4][NativeLibrary]   Load state

[4][NativeLibrary]   Save state

[4][NativeLibrary]   Change disc >

[4][NativeLibrary]   Controller mapping

[4][NativeLibrary]   Cheat codes

[4][NativeLibrary] > Achievements: Disabled

[4][NativeLibrary]   Frame Generation: Disabled

[4][NativeLibrary]   Frame Rate Control >

[4][NativeLibrary]   Reset console

[4][NativeLibrary]   Exit game

[4][NativeLibrary] 

[4][NativeLibrary] A  Select     B  Close     Left/Right  Change
[4][NativeLibrary] OSD [nethersx2_quick_menu]: NETHERSX2 QUICK MENU

[4][NativeLibrary] 

[4][NativeLibrary]   Resume game

[4][NativeLibrary]   State slot: 0

[4][NativeLibrary]   Load state

[4][NativeLibrary]   Save state

[4][NativeLibrary]   Change disc >

[4][NativeLibrary]   Controller mapping

[4][NativeLibrary]   Cheat codes

[4][NativeLibrary]   Achievements: Disabled

[4][NativeLibrary]   Frame Generation: Disabled

[4][NativeLibrary] > Frame Rate Control >

[4][NativeLibrary]   Reset console

[4][NativeLibrary]   Exit game

[4][NativeLibrary] 

[4][NativeLibrary] A  Select     B  Close     Left/Right  Change
[4][NativeLibrary] OSD [nethersx2_quick_menu]: NETHERSX2 QUICK MENU

[4][NativeLibrary] 

[4][NativeLibrary]   Resume game

[4][NativeLibrary]   State slot: 0

[4][NativeLibrary]   Load state

[4][NativeLibrary]   Save state

[4][NativeLibrary]   Change disc >

[4][NativeLibrary]   Controller mapping

[4][NativeLibrary]   Cheat codes

[4][NativeLibrary]   Achievements: Disabled

[4][NativeLibrary]   Frame Generation: Disabled

[4][NativeLibrary]   Frame Rate Control >

[4][NativeLibrary] > Reset console

[4][NativeLibrary]   Exit game

[4][NativeLibrary] 

[4][NativeLibrary] A  Select     B  Close     Left/Right  Change
[4][NativeLibrary] OSD [nethersx2_quick_menu]: NETHERSX2 QUICK MENU

[4][NativeLibrary] 

[4][NativeLibrary]   Resume game

[4][NativeLibrary]   State slot: 0

[4][NativeLibrary]   Load state

[4][NativeLibrary]   Save state

[4][NativeLibrary]   Change disc >

[4][NativeLibrary]   Controller mapping

[4][NativeLibrary]   Cheat codes

[4][NativeLibrary]   Achievements: Disabled

[4][NativeLibrary]   Frame Generation: Disabled

[4][NativeLibrary]   Frame Rate Control >

[4][NativeLibrary]   Reset console

[4][NativeLibrary] > Exit game

[4][NativeLibrary] 

[4][NativeLibrary] A  Select     B  Close     Left/Right  Change
[4][NativeLibrary] OSD [nethersx2_quick_menu]: NETHERSX2 QUICK MENU

[4][NativeLibrary] 

[4][NativeLibrary] > Resume game

[4][NativeLibrary]   State slot: 0

[4][NativeLibrary]   Load state

[4][NativeLibrary]   Save state

[4][NativeLibrary]   Change disc >

[4][NativeLibrary]   Controller mapping
[VK] 
FPS 59.9 | 16.68 ms/frame | min 16.63 max 16.73 ms | 60 framu | lsfg=0[4][NativeLibrary] 
  Cheat codes

[4][NativeLibrary]   Achievements: Disabled

[4][NativeLibrary]   Frame Generation: Disabled

[4][NativeLibrary]   Frame Rate Control >

[4][NativeLibrary]   Reset console

[4][NativeLibrary]   Exit game

[4][NativeLibrary] 

[4][NativeLibrary] A  Select     B  Close     Left/Right  Change
[4][NativeLibrary] OSD [nethersx2_quick_menu]: NETHERSX2 QUICK MENU

[4][NativeLibrary] 

[4][NativeLibrary]   Resume game

[4][NativeLibrary]   State slot: 0

[4][NativeLibrary]   Load state

[4][NativeLibrary]   Save state

[4][NativeLibrary]   Change disc >

[4][NativeLibrary]   Controller mapping

[4][NativeLibrary]   Cheat codes

[4][NativeLibrary]   Achievements: Disabled

[4][NativeLibrary]   Frame Generation: Disabled

[4][NativeLibrary]   Frame Rate Control >

[4][NativeLibrary]   Reset console

[4][NativeLibrary] > Exit game

[4][NativeLibrary] 

[4][NativeLibrary] A  Select     B  Close     Left/Right  Change
[4][NativeLibrary] OSD [nethersx2_quick_menu]: 
[4][NativeLibrary] Add 281 seconds play time to SLUS-20539 -> now 281
[4][NativeLibrary] (AAudioMod) Closing stream...
[4][NativeLibrary] (AAudioMod) Stopping stream...
[VK] vkDestroySwapchainKHR swapchain=0x584f2ae6c0
[4][NativeLibrary] Writing 1386136 bytes to '/switch/nethersx2/cache/vulkan_pipelines.bin'
[VK] vkDestroyDevice device=0x58499cb040
[4][NativeLibrary] Releasing host memory for virtual systems...
[CI] log capture ON, NVK_I_WANT_A_BROKEN_VULKAN_DRIVER=1
[CI] stderr smerovan do core logu: SELHAL
[4][NativeLibrary] EmuFolders::DataRoot is '/switch/nethersx2'
[4][NativeLibrary] EmuFolders::Cache is '/switch/nethersx2/cache'
[4][NativeLibrary] EmuFolders::Resources is 'file:///android_asset'
[4][NativeLibrary] EmuFolders::Settings is '/switch/nethersx2'
[CI] emulator nro: VK build (GS_RENDERER=14), NVK_I_WANT_A_BROKEN_VULKAN_DRIVER=1
[4][NativeLibrary] Searching for a BIOS image in '/switch/nethersx2/bios'...
[4][NativeLibrary] Preparing for a 1280x720 window
[4][NativeLibrary] Bios Found: USA     v02.30(20/02/2008)  Console 20080220-175343
[4][NativeLibrary] Using BIOS '/switch/nethersx2/bios/SCPH-90001_BIOS_V18_USA_230.ROM0' (USA     v02.30(20/02/2008)  Console 20080220-175343 USA)
[4][NativeLibrary] Opening CDVD...
[4][NativeLibrary] isoFile open ok: /Roms/PS2/Gran Turismo 3 - A-Spec (Europe, Australia) (En,Fr,De,Es,It) (v2.00).iso
[4][NativeLibrary] 	Image type  = DVD
[4][NativeLibrary]  * CDVD Disk Open: DVD, Single layer or unknown:
[4][NativeLibrary]  * * Track 1: Data (Mode 1) (1800304 sectors)
[4][NativeLibrary] Opening GS...
[VK] vkCreateInstance begin api=4198400 app=NetherSX2 engine=NetherSX2 extensions=2
[VK] instance extension[0]=VK_KHR_surface
[VK] instance extension[1]=VK_KHR_android_surface
[VK] vkCreateInstance end result=0 instance=0x6d7a4ccc80 lsfg_prepared=0
[4][NativeLibrary] No GPU requested, using first (NVIDIA Tegra X1 (NVK gm20b))
[VK] vkCreateViSurfaceNN window=0x8e4183d58 result=0 surface=0x6da5daf960
[4][NativeLibrary] 1 vulkan queue families
[VK] vkCreateDevice begin physical=0x6d7a4cf320 queues=1 extensions=6 lsfg_pref=0
[VK] vkCreateDevice end result=0 device=0x6da5dd2040 lsfg_capable=0 family=4294967295
[VK] vkGetDeviceQueue family=0 index=0 queue=0x6da5ddd980
[VK] vkGetDeviceQueue family=0 index=0 queue=0x6da5ddd980
[4][NativeLibrary] VK_EXT_provoking_vertex is supported
[4][NativeLibrary] VK_EXT_line_rasterization is supported
[4][NativeLibrary] VK_EXT_calibrated_timestamps is supported
[4][NativeLibrary] VK_ARM_rasterization_order_attachment_access is NOT supported
[VK] vkGetDeviceQueue family=0 index=0 queue=0x6da5ddd980
[VK] vkCreateSwapchainKHR begin old=0x0 extent=1280x720 format=37 usage=0x10 images=3 mode=0
[VK] vkCreateSwapchainKHR end result=0 swapchain=0x6dab6b36c0 compatible=0 actual_usage=0x10 actual_images=3 actual_mode=0
[VK] vkGetSwapchainImagesKHR call=1 fill=0 result=0 count=3
[VK] vkGetSwapchainImagesKHR call=2 fill=1 result=0 count=3
[4][NativeLibrary] Read 242 entries from '/switch/nethersx2/cache/vulkan_shaders.idx'
[4][NativeLibrary] Lazily allocating JNI environment for thread 0x6d7a4d2220
[VK] core VM sequence returned vm_running=1
[4][NativeLibrary] Opening SPU2...
[4][NativeLibrary] Initializing SndBuffer at sample rate of 48000...
[4][NativeLibrary] (AAudioMod) Creating stream...
[4][NativeLibrary] (AAudioMod) Starting stream...
[4][NativeLibrary] Opening PAD...
[4][NativeLibrary] Opening DEV9...
[4][NativeLibrary] Opening USB...
[4][NativeLibrary] Opening FW...
[4][NativeLibrary] McdSlot 0 [File]: /switch/nethersx2/memcards/Mcd001.ps2
[4][NativeLibrary] McdSlot 1 [File]: /switch/nethersx2/memcards/Mcd002.ps2
[4][NativeLibrary] EE/iR5900-ARM64 Recompiler Reset
[4][NativeLibrary] Vsync is OFF
[4][NativeLibrary] 	Searching for a BIOS image in '/switch/nethersx2/bios'...
[4][NativeLibrary] 	Bios Found: USA     v02.30(20/02/2008)  Console 20080220-175343
[4][NativeLibrary] 	Using BIOS '/switch/nethersx2/bios/SCPH-90001_BIOS_V18_USA_230.ROM0' (USA     v02.30(20/02/2008)  Console 20080220-175343 USA)
[4][NativeLibrary] 	Bios Found: USA     v02.30(20/02/2008)  Console 20080220-175343
[4][NativeLibrary] 	BIOS rom2 module not found, skipping...
[4][NativeLibrary] VM subsystems initialized in 2175.11 ms
[4][NativeLibrary] [GameDB] 12847 games on record (loaded in 1300.93ms)
[4][NativeLibrary] [GameDB] Searching for '20080220-175343' in GameDB
[4][NativeLibrary] [GameDB] Could not find '20080220-175343' in GameDB
[4][NativeLibrary] Game Changed:
[4][NativeLibrary]   Name: 
[4][NativeLibrary]   Serial: 20080220-175343
[4][NativeLibrary]   CRC: 00000000
[4][NativeLibrary] Applying settings...
[4][NativeLibrary] [GameDB] Searching for '20080220-175343' in GameDB
[4][NativeLibrary] [GameDB] Could not find '20080220-175343' in GameDB
[6][cpuinfo] failed to parse the list of possible processors in /sys/devices/system/cpu/possible
[6][cpuinfo] failed to parse the list of present processors in /sys/devices/system/cpu/present
[6][cpuinfo] failed to parse both lists of possible and present processors
[4][NativeLibrary] Failed to initialize cpuinfo
[4][NativeLibrary] OSD [android_warning]: You are using AetherSX2, and it should not be sold, or distributed as part of any other app.

[4][NativeLibrary] If you paid for this app, you should get your money back.
[4][NativeLibrary] # Initialize memory (rev:4.00, ctm:196Mhz, cpuclk:147Mhz detected)

[4][NativeLibrary] Applying settings...
[4][NativeLibrary] [GameDB] Searching for '20080220-175343' in GameDB
[4][NativeLibrary] [GameDB] Could not find '20080220-175343' in GameDB
[VK] vkAcquireNextImageKHR call=1 result=0 image=0 semaphore=0x6dac4658e0 fence=0x0
[4][NativeLibrary] 
PlayStation 2 ======== 
[VK] vkQueueSubmit call=1 count=1 fence=0x6da5e3eaa0 result=0
[4][NativeLibrary] Hard reset boot
[VK] vkQueuePresentKHR enter call=1 waits=1 swaps=1 lsfg=0
[4][NativeLibrary] 

[VK] vkQueuePresentKHR call=1 swaps=1 result=0
[4][NativeLibrary]  ROMGEN=
[VK] vkAcquireNextImageKHR call=2 result=0 image=1 semaphore=0x6dac465a60 fence=0x0
[4][NativeLibrary] 2008-0220
[4][NativeLibrary] , IOP info (CPUID=
[4][NativeLibrary] 1f
[4][NativeLibrary] , CACH_CONFIG=
[4][NativeLibrary] 14000200, 2MB
[4][NativeLibrary] , IOP mode)

[4][NativeLibrary]  <
[4][NativeLibrary] 20080220-175343,ROMconf,PS20230WC20080220.bin
[4][NativeLibrary] :11824>

[4][NativeLibrary] # Total accessable memory size: 32 MB (B:2:8:0) (400:2:7c30)

[4][NativeLibrary] # TLB spad=0 kernel=1:12 default=13:30 extended=31:38

[4][NativeLibrary] # Initialize Start.

[4][NativeLibrary] # Initialize GS ...

[4][NativeLibrary] # Initialize INTC ...

[4][NativeLibrary] # Initialize TIMER ...

[4][NativeLibrary] # Initialize DMAC ...

[4][NativeLibrary] # Initialize VU1 ...

[4][NativeLibrary] # Initialize VIF1 ...

[4][NativeLibrary] # Initialize GIF ...

[4][NativeLibrary] # Initialize VU0 ...

[4][NativeLibrary] # Initialize VIF0 ...

[4][NativeLibrary] # Initialize IPU ...

[4][NativeLibrary] # Initialize FPU ...

[4][NativeLibrary] # Initialize User Memory ...

[VK] vkQueueSubmit call=2 count=1 fence=0x6da5e3ede0 result=0
[VK] vkQueuePresentKHR enter call=2 waits=1 swaps=1 lsfg=0
[VK] vkQueuePresentKHR call=2 swaps=1 result=0
[VK] vkAcquireNextImageKHR call=3 result=0 image=2 semaphore=0x6dac465be0 fence=0x0
[VK] vkQueueSubmit call=3 count=1 fence=0x6da5ec3220 result=0
[4][NativeLibrary] # Initialize Scratch Pad ...

[VK] vkQueuePresentKHR enter call=3 waits=1 swaps=1 lsfg=0
[4][NativeLibrary] # Initialize Done.

[VK] vkQueuePresentKHR call=3 swaps=1 result=0
[4][NativeLibrary] 

[VK] vkAcquireNextImageKHR call=4 result=0 image=0 semaphore=0x6dac4658e0 fence=0x0
[4][NativeLibrary] EE DECI2 Manager version 0.06 Sep  5 2006 12:57:08

[VK] vkQueuePresentKHR enter call=4 waits=1 swaps=1 lsfg=0
[4][NativeLibrary]   CPUID=2e20, BoardID=0, ROMGEN=2008-0220, 32M

[VK] vkQueuePresentKHR call=4 swaps=1 result=0
[4][NativeLibrary] 

[4][NativeLibrary] (SYSTEM.CNF) Detected PS2 Disc = cdrom0:\SCES_502.94;1
[4][NativeLibrary] (SYSTEM.CNF) Software version = 2.00
[4][NativeLibrary] (SYSTEM.CNF) Disc region type = PAL
[4][NativeLibrary] ELF (cdrom0:\SCES_502.94;1) Game CRC = 0xB590CE04, EntryPoint = 0x01000008
[4][NativeLibrary] (SYSTEM.CNF) Detected PS2 Disc = cdrom0:\SCES_502.94;1
[4][NativeLibrary] (SYSTEM.CNF) Software version = 2.00
[4][NativeLibrary] (SYSTEM.CNF) Disc region type = PAL
[4][NativeLibrary] 
IOP Realtime Kernel Ver.0.9.1
    Copyright 1999 (C) Sony C
[4][NativeLibrary] omputer Entertainment Inc. 

[4][NativeLibrary] Reboot service module.(99/11/10)

[4][NativeLibrary] cdvd driver module version 0.1.1 (C)SCEI

[4][NativeLibrary] Load File service.(99/11/05)

[4][NativeLibrary] Multi Threaded Fileio module.(99/11/15) 

[4][NativeLibrary] iop heap service (99/11/03)

[4][NativeLibrary] loadelf: fname cdrom0:¥SCES_502.94;1 secname all

[4][NativeLibrary] loadelf version 3.30

[VK] FPS 13.9 | 71.72 ms/frame | min 2.51 max 453.17 ms | 14 framu | lsfg=0
[4][NativeLibrary] Input ELF format filename = cdrom0:¥SCES_502.94;1

[4][NativeLibrary] 0 01000000 000417eb 
[4][NativeLibrary] .
[4][NativeLibrary] .
[4][NativeLibrary] .
[4][NativeLibrary] .
[4][NativeLibrary] .
[4][NativeLibrary] 

[4][NativeLibrary] Loaded, cdrom0:¥SCES_502.94;1

[4][NativeLibrary] start address 0x1000008

[4][NativeLibrary] gp address 00000000

[4][NativeLibrary] # Restart Without Memory Clear.

[4][NativeLibrary] # Initialize GS ...

[4][NativeLibrary] # Initialize INTC ...

[4][NativeLibrary] # Initialize TIMER ...

[4][NativeLibrary] # Initialize DMAC ...

[4][NativeLibrary] # Initialize VU1 ...

[4][NativeLibrary] # Initialize VIF1 ...

[4][NativeLibrary] # Initialize GIF ...

[4][NativeLibrary] # Initialize VU0 ...

[4][NativeLibrary] # Initialize VIF0 ...

[4][NativeLibrary] # Initialize IPU ...

[4][NativeLibrary] # Initialize FPU ...

[4][NativeLibrary] # Initialize Scratch Pad ...

[4][NativeLibrary] # Restart Without Memory Clear Done.

[4][NativeLibrary] Elf entry point @ 0x01000008 about to get recompiled. Load patches first.
[4][NativeLibrary] [GameDB] Searching for 'sces-50294' in GameDB
[4][NativeLibrary] [GameDB] Found 'sces-50294' in GameDB
[4][NativeLibrary] [GameDB] Searching for patch with CRC 'B590CE04'
[4][NativeLibrary] [GameDB] No CRC-specific patch or default patch found
[4][NativeLibrary] Overall 0 Cheats loaded
[4][NativeLibrary] [GameDB] Searching for 'sces-50294' in GameDB
[4][NativeLibrary] [GameDB] Found 'sces-50294' in GameDB
[4][NativeLibrary] Game Changed:
[4][NativeLibrary]   Name: Gran Turismo 3 - A-Spec
[4][NativeLibrary]   Serial: SCES-50294
[4][NativeLibrary]   CRC: B590CE04
[4][NativeLibrary] Applying settings...
[4][NativeLibrary] [GameDB] Searching for 'sces-50294' in GameDB
[4][NativeLibrary] [GameDB] Found 'sces-50294' in GameDB
[4][NativeLibrary] Add 2 seconds play time to 20080220-175343 -> now 6
[4][NativeLibrary] (UpdateVSyncRate) Mode Changed to PAL.
[VK] FPS 32.9 | 30.37 ms/frame | min 2.66 max 320.45 ms | 33 framu | lsfg=0
[4][NativeLibrary] Get Reboot Request From EE

[4][NativeLibrary] 
PlayStation 2 ======== 
[4][NativeLibrary] Update rebooting..
[4][NativeLibrary] 

[VK] FPS 35.7 | 27.97 ms/frame | min 6.54 max 135.70 ms | 38 framu | lsfg=0
[4][NativeLibrary] 
PlayStation 2 ======== 
[4][NativeLibrary] Update reboot complete
[4][NativeLibrary] 

[4][NativeLibrary] cdvdman Init

[4][NativeLibrary] 
IOP Realtime Kernel Ver. 2.1
    Copyright 1999-2001 (C) So
[4][NativeLibrary] ny Computer Entertainment Inc. 

[4][NativeLibrary] Reboot service module.(99/11/10)

[4][NativeLibrary] cdvd driver module version 0.1.1 (C)SCEI

[4][NativeLibrary] Load File service.(99/11/05)

[4][NativeLibrary] Multi Threaded Fileio module.(99/11/15) 

[4][NativeLibrary] iop heap service (99/11/03)

[4][NativeLibrary] loadmodule: fname cdrom0:¥SIO2MAN.IRX;1 args 0 arg 

[4][NativeLibrary] loadmodule: id 25, ret 0

[4][NativeLibrary] loadmodule: fname cdrom0:¥MTAPMAN.IRX;1 args 0 arg 

[4][NativeLibrary] loadmodule: id 26, ret 0

[4][NativeLibrary] loadmodule: fname cdrom0:¥MCMAN.IRX;1 args 0 arg 

[4][NativeLibrary] loadmodule: id 27, ret 0

[4][NativeLibrary] loadmodule: fname cdrom0:¥MCSERV.IRX;1 args 0 arg 

[4][NativeLibrary] loadmodule: id 28, ret 0

[4][NativeLibrary] loadmodule: fname cdrom0:¥PADMAN.IRX;1 args 0 arg 

[4][NativeLibrary] loadmodule: id 29, ret 0

[VK] FPS 45.4 | 22.02 ms/frame | min 1.74 max 93.76 ms | 46 framu | lsfg=0
[VK] FPS 50.0 | 20.00 ms/frame | min 17.86 max 22.13 ms | 51 framu | lsfg=0
[VK] FPS 50.0 | 20.00 ms/frame | min 19.95 max 20.05 ms | 51 framu | lsfg=0
[VK] FPS 50.0 | 20.00 ms/frame | min 19.94 max 20.05 ms | 51 framu | lsfg=0
[4][NativeLibrary] # Restart Without Memory Clear.

[4][NativeLibrary] # Initialize GS ...

[4][NativeLibrary] OSD [nethersx2_quick_status]: Quick menu: L + R + Plus
[4][NativeLibrary] # Initialize INTC ...

[4][NativeLibrary] # Initialize TIMER ...

[4][NativeLibrary] # Initialize DMAC ...

[4][NativeLibrary] # Initialize VU1 ...

[4][NativeLibrary] # Initialize VIF1 ...

[4][NativeLibrary] # Initialize GIF ...

[4][NativeLibrary] # Initialize VU0 ...

[4][NativeLibrary] # Initialize VIF0 ...

[4][NativeLibrary] # Initialize IPU ...

[4][NativeLibrary] # Initialize FPU ...

[4][NativeLibrary] # Initialize Scratch Pad ...

[4][NativeLibrary] # Restart Without Memory Clear Done.

[4][NativeLibrary] (UpdateVSyncRate) Mode Changed to PAL.
[4][NativeLibrary] Get Reboot Request From EE

[4][NativeLibrary] 
PlayStation 2 ======== 
[4][NativeLibrary] Update rebooting..
[4][NativeLibrary] 

[VK] FPS 29.0 | 34.53 ms/frame | min 18.01 max 298.24 ms | 31 framu | lsfg=0
[4][NativeLibrary] 
PlayStation 2 ======== 
[4][NativeLibrary] Update reboot complete
[4][NativeLibrary] 

[4][NativeLibrary] cdvdman Init

[4][NativeLibrary] 
IOP Realtime Kernel Ver. 2.1
    Copyright 1999-2001 (C) So
[4][NativeLibrary] ny Computer Entertainment Inc. 

[4][NativeLibrary] Reboot service module.(99/11/10)

[4][NativeLibrary] cdvd driver module version 0.1.1 (C)SCEI

[4][NativeLibrary] Load File service.(99/11/05)

[4][NativeLibrary] Multi Threaded Fileio module.(99/11/15) 

[4][NativeLibrary] iop heap service (99/11/03)

[4][NativeLibrary] loadmodule: fname cdrom0:¥MEMCLEAR.IRX;1 args 0 arg 

[4][NativeLibrary] loadmodule: id 25, ret 1

[4][NativeLibrary] loadmodule: fname cdrom0:¥SIO2MAN.IRX;1 args 0 arg 

[4][NativeLibrary] loadmodule: id 26, ret 0

[4][NativeLibrary] loadmodule: fname cdrom0:¥MTAPMAN.IRX;1 args 0 arg 

[4][NativeLibrary] loadmodule: id 27, ret 0

[4][NativeLibrary] loadmodule: fname cdrom0:¥MCMAN.IRX;1 args 0 arg 

[4][NativeLibrary] loadmodule: id 28, ret 0

[4][NativeLibrary] loadmodule: fname cdrom0:¥MCSERV.IRX;1 args 0 arg 

[4][NativeLibrary] loadmodule: id 29, ret 0

[4][NativeLibrary] loadmodule: fname cdrom0:¥PADMAN.IRX;1 args 0 arg 

[4][NativeLibrary] loadmodule: id 30, ret 0

[4][NativeLibrary] loadmodule: fname cdrom0:¥LIBSD.IRX;1 args 0 arg 

[4][NativeLibrary] loadmodule: id 31, ret 0

[4][NativeLibrary] loadmodule: fname cdrom0:¥USBD.IRX;1 args 0 arg 

[4][NativeLibrary] USB Driver (Version 0.16.0)
[4][NativeLibrary] 

[4][NativeLibrary] loadmodule: id 32, ret 0

[4][NativeLibrary] loadmodule: fname cdrom0:¥ILINK.IRX;1 args 0 arg 

[4][NativeLibrary] loadmodule: id 33, ret 0

[4][NativeLibrary] loadmodule: fname cdrom0:¥LIBPDI.IRX;1 args 0 arg 

[4][NativeLibrary] loadmodule: id 34, ret 0

[4][NativeLibrary] loadmodule: fname cdrom0:¥PDICDVD.IRX;1 args 0 arg 

[4][NativeLibrary] loadmodule: id 35, ret 0

[4][NativeLibrary] loadmodule: fname cdrom0:¥PDISPU2.IRX;1 args 0 arg 

[4][NativeLibrary] loadmodule: id 36, ret 0

[4][NativeLibrary] loadmodule: fname cdrom0:¥PDISTR.IRX;1 args 0 arg 

[4][NativeLibrary] loadmodule: id 37, ret 0

[4][NativeLibrary] loadmodule: fname cdrom0:¥PDI1394.IRX;1 args 0 arg 

[4][NativeLibrary] loadmodule: id 38, ret 0

[4][NativeLibrary] loadmodule: fname cdrom0:¥PDIUSB.IRX;1 args 0 arg 

[4][NativeLibrary] loadmodule: id 39, ret 0

[VK] FPS 43.4 | 23.04 ms/frame | min 1.23 max 95.65 ms | 44 framu | lsfg=0
[VK] FPS 50.0 | 20.00 ms/frame | min 18.07 max 21.91 ms | 51 framu | lsfg=0
[VK] FPS 50.0 | 20.00 ms/frame | min 17.51 max 22.49 ms | 50 framu | lsfg=0
[4][NativeLibrary] Timezone=60

[4][NativeLibrary] SummerTime=0

[4][NativeLibrary] Timezone=60

[4][NativeLibrary] SummerTime=0

[4][NativeLibrary] Timezone=60

[4][NativeLibrary] SummerTime=0

[4][NativeLibrary] Timezone=60

[4][NativeLibrary] SummerTime=0

[4][NativeLibrary] Timezone=60

[4][NativeLibrary] SummerTime=0

[4][NativeLibrary] Timezone=60

[4][NativeLibrary] SummerTime=0

[4][NativeLibrary] Timezone=60

[4][NativeLibrary] SummerTime=0

[4][NativeLibrary] Timezone=60

[4][NativeLibrary] SummerTime=0

[4][NativeLibrary] Timezone=60

[4][NativeLibrary] SummerTime=0

[4][NativeLibrary] Timezone=60

[4][NativeLibrary] SummerTime=0

[4][NativeLibrary] Timezone=60

[4][NativeLibrary] SummerTime=0

[4][NativeLibrary] Timezone=60

[4][NativeLibrary] SummerTime=0

[4][NativeLibrary] Timezone=60

[4][NativeLibrary] SummerTime=0

[4][NativeLibrary] Timezone=60

[4][NativeLibrary] SummerTime=0

[4][NativeLibrary] Timezone=60

[4][NativeLibrary] SummerTime=0

[4][NativeLibrary] Timezone=60

[4][NativeLibrary] SummerTime=0

[4][NativeLibrary] Timezone=60

[4][NativeLibrary] SummerTime=0

[4][NativeLibrary] Timezone=60

[4][NativeLibrary] SummerTime=0

[VK] FPS 45.3 | 22.09 ms/frame | min 19.91 max 64.73 ms | 46 framu | lsfg=0
[4][NativeLibrary] Timezone=60

[4][NativeLibrary] SummerTime=0

[4][NativeLibrary] Timezone=60

[4][NativeLibrary] SummerTime=0

[4][NativeLibrary] Timezone=60

[4][NativeLibrary] SummerTime=0

[4][NativeLibrary] Timezone=60

[4][NativeLibrary] SummerTime=0

[4][NativeLibrary] Timezone=60

[4][NativeLibrary] SummerTime=0

[4][NativeLibrary] Timezone=60

[4][NativeLibrary] SummerTime=0

[4][NativeLibrary] Timezone=60

[4][NativeLibrary] SummerTime=0

[4][NativeLibrary] Timezone=60

[4][NativeLibrary] SummerTime=0

[4][NativeLibrary] Timezone=60

[4][NativeLibrary] SummerTime=0

[4][NativeLibrary] Timezone=60

[4][NativeLibrary] SummerTime=0

[4][NativeLibrary] Timezone=60

[4][NativeLibrary] SummerTime=0

[4][NativeLibrary] Timezone=60

[4][NativeLibrary] SummerTime=0

[4][NativeLibrary] Timezone=60

[4][NativeLibrary] SummerTime=0

[4][NativeLibrary] Timezone=60

[4][NativeLibrary] SummerTime=0

[4][NativeLibrary] Timezone=60

[4][NativeLibrary] SummerTime=0

[4][NativeLibrary] Timezone=60

[4][NativeLibrary] SummerTime=0

[4][NativeLibrary] Timezone=60

[4][NativeLibrary] SummerTime=0

[4][NativeLibrary] Timezone=60

[4][NativeLibrary] SummerTime=0

[4][NativeLibrary] Timezone=60

[4][NativeLibrary] SummerTime=0

[4][NativeLibrary] Timezone=60

[4][NativeLibrary] SummerTime=0

[4][NativeLibrary] Timezone=60

[4][NativeLibrary] SummerTime=0

[4][NativeLibrary] Timezone=60

[4][NativeLibrary] SummerTime=0

[4][NativeLibrary] Timezone=60

[4][NativeLibrary] SummerTime=0

[4][NativeLibrary] Timezone=60

[4][NativeLibrary] SummerTime=0

[4][NativeLibrary] Timezone=60

[4][NativeLibrary] SummerTime=0

[4][NativeLibrary] Timezone=60

[4][NativeLibrary] SummerTime=0

[4][NativeLibrary] Timezone=60

[4][NativeLibrary] SummerTime=0

[4][NativeLibrary] Timezone=60

[4][NativeLibrary] SummerTime=0

[4][NativeLibrary] Timezone=60

[4][NativeLibrary] SummerTime=0

[4][NativeLibrary] Timezone=60

[4][NativeLibrary] SummerTime=0

[4][NativeLibrary] Timezone=60

[4][NativeLibrary] SummerTime=0

[4][NativeLibrary] Timezone=60

[4][NativeLibrary] SummerTime=0

[4][NativeLibrary] Timezone=60

[4][NativeLibrary] SummerTime=0

[4][NativeLibrary] Timezone=60

[4][NativeLibrary] SummerTime=0

[4][NativeLibrary] Timezone=60

[4][NativeLibrary] SummerTime=0

[4][NativeLibrary] Timezone=60

[4][NativeLibrary] SummerTime=0

[4][NativeLibrary] Timezone=60

[4][NativeLibrary] SummerTime=0

[4][NativeLibrary] Timezone=60

[4][NativeLibrary] SummerTime=0

[4][NativeLibrary] Timezone=60

[4][NativeLibrary] SummerTime=0

[4][NativeLibrary] Timezone=60

[4][NativeLibrary] SummerTime=0

[4][NativeLibrary] Timezone=60

[4][NativeLibrary] SummerTime=0

[4][NativeLibrary] Timezone=60

[4][NativeLibrary] SummerTime=0

[4][NativeLibrary] Timezone=60

[4][NativeLibrary] SummerTime=0

[VK] FPS 42.7 | 23.44 ms/frame | min 19.51 max 28.76 ms | 43 framu | lsfg=0
[4][NativeLibrary] Timezone=60

[4][NativeLibrary] SummerTime=0

[4][NativeLibrary] Timezone=60

[4][NativeLibrary] SummerTime=0

[4][NativeLibrary] Timezone=60

[4][NativeLibrary] SummerTime=0

[4][NativeLibrary] Timezone=60

[4][NativeLibrary] SummerTime=0

[4][NativeLibrary] Timezone=60

[4][NativeLibrary] SummerTime=0

[4][NativeLibrary] Timezone=60

[4][NativeLibrary] SummerTime=0

[4][NativeLibrary] Timezone=60

[4][NativeLibrary] SummerTime=0

[4][NativeLibrary] Timezone=60

[4][NativeLibrary] SummerTime=0

[4][NativeLibrary] Timezone=60

[4][NativeLibrary] SummerTime=0

[4][NativeLibrary] Timezone=60

[4][NativeLibrary] SummerTime=0

[4][NativeLibrary] Timezone=60

[4][NativeLibrary] SummerTime=0

[4][NativeLibrary] Timezone=60

[4][NativeLibrary] SummerTime=0

[4][NativeLibrary] Timezone=60

[4][NativeLibrary] SummerTime=0

[4][NativeLibrary] Timezone=60

[4][NativeLibrary] SummerTime=0

[4][NativeLibrary] Timezone=60

[4][NativeLibrary] SummerTime=0

[4][NativeLibrary] Timezone=60

[4][NativeLibrary] SummerTime=0

[4][NativeLibrary] Timezone=60

[4][NativeLibrary] SummerTime=0

[4][NativeLibrary] Timezone=60

[4][NativeLibrary] SummerTime=0

[4][NativeLibrary] Timezone=60

[4][NativeLibrary] SummerTime=0

[4][NativeLibrary] Timezone=60

[4][NativeLibrary] SummerTime=0

[4][NativeLibrary] Timezone=60

[4][NativeLibrary] SummerTime=0

[4][NativeLibrary] Timezone=60

[4][NativeLibrary] SummerTime=0

[4][NativeLibrary] Timezone=60

[4][NativeLibrary] SummerTime=0

[4][NativeLibrary] Timezone=60

[4][NativeLibrary] SummerTime=0

[4][NativeLibrary] Timezone=60

[4][NativeLibrary] SummerTime=0

[4][NativeLibrary] Timezone=60

[4][NativeLibrary] SummerTime=0

[4][NativeLibrary] Timezone=60

[4][NativeLibrary] SummerTime=0

[4][NativeLibrary] Timezone=60

[4][NativeLibrary] SummerTime=0

[4][NativeLibrary] Timezone=60

[4][NativeLibrary] SummerTime=0

[4][NativeLibrary] Timezone=60

[4][NativeLibrary] SummerTime=0

[4][NativeLibrary] Timezone=60

[4][NativeLibrary] SummerTime=0

[4][NativeLibrary] Timezone=60

[4][NativeLibrary] SummerTime=0

[4][NativeLibrary] Timezone=60

[4][NativeLibrary] SummerTime=0

[4][NativeLibrary] Timezone=60

[4][NativeLibrary] SummerTime=0

[4][NativeLibrary] Timezone=60

[4][NativeLibrary] SummerTime=0

[4][NativeLibrary] Timezone=60

[4][NativeLibrary] SummerTime=0

[4][NativeLibrary] Timezone=60

[4][NativeLibrary] SummerTime=0

[4][NativeLibrary] Timezone=60

[4][NativeLibrary] SummerTime=0

[4][NativeLibrary] Timezone=60

[4][NativeLibrary] SummerTime=0

[4][NativeLibrary] Timezone=60

[4][NativeLibrary] SummerTime=0

[4][NativeLibrary] Timezone=60

[4][NativeLibrary] SummerTime=0

[4][NativeLibrary] Timezone=60

[4][NativeLibrary] SummerTime=0

[4][NativeLibrary] Timezone=60

[4][NativeLibrary] SummerTime=0

[4][NativeLibrary] Timezone=60

[4][NativeLibrary] SummerTime=0

[VK] FPS 43.2 | 23.16 ms/frame | min 20.17 max 28.73 ms | 44 framu | lsfg=0
[4][NativeLibrary] Timezone=60

[4][NativeLibrary] SummerTime=0

[4][NativeLibrary] Timezone=60

[4][NativeLibrary] SummerTime=0

[4][NativeLibrary] Timezone=60

[4][NativeLibrary] SummerTime=0

[4][NativeLibrary] Timezone=60

[4][NativeLibrary] SummerTime=0

[4][NativeLibrary] Timezone=60

[4][NativeLibrary] SummerTime=0

[4][NativeLibrary] Timezone=60

[4][NativeLibrary] SummerTime=0

[4][NativeLibrary] Timezone=60

[4][NativeLibrary] SummerTime=0

[4][NativeLibrary] Timezone=60

[4][NativeLibrary] SummerTime=0

[4][NativeLibrary] Timezone=60

[4][NativeLibrary] SummerTime=0

[4][NativeLibrary] Timezone=60

[4][NativeLibrary] SummerTime=0

[4][NativeLibrary] Timezone=60

[4][NativeLibrary] SummerTime=0

[4][NativeLibrary] Timezone=60

[4][NativeLibrary] SummerTime=0

[4][NativeLibrary] Timezone=60

[4][NativeLibrary] SummerTime=0

[4][NativeLibrary] Timezone=60

[4][NativeLibrary] SummerTime=0

[4][NativeLibrary] Timezone=60

[4][NativeLibrary] SummerTime=0

[4][NativeLibrary] Timezone=60

[4][NativeLibrary] SummerTime=0

[4][NativeLibrary] Timezone=60

[4][NativeLibrary] SummerTime=0

[4][NativeLibrary] Timezone=60

[4][NativeLibrary] SummerTime=0

[4][NativeLibrary] Timezone=60

[4][NativeLibrary] SummerTime=0

[4][NativeLibrary] Timezone=60

[4][NativeLibrary] SummerTime=0

[4][NativeLibrary] Timezone=60

[4][NativeLibrary] SummerTime=0

[4][NativeLibrary] Timezone=60

[4][NativeLibrary] SummerTime=0

[4][NativeLibrary] Timezone=60

[4][NativeLibrary] SummerTime=0

[4][NativeLibrary] Timezone=60

[4][NativeLibrary] SummerTime=0

[4][NativeLibrary] Timezone=60

[4][NativeLibrary] SummerTime=0

[4][NativeLibrary] Timezone=60

[4][NativeLibrary] SummerTime=0

[4][NativeLibrary] Timezone=60

[4][NativeLibrary] SummerTime=0

[4][NativeLibrary] Timezone=60

[4][NativeLibrary] SummerTime=0

[4][NativeLibrary] Timezone=60

[4][NativeLibrary] SummerTime=0

[4][NativeLibrary] Timezone=60

[4][NativeLibrary] SummerTime=0

[4][NativeLibrary] Timezone=60

[4][NativeLibrary] SummerTime=0

[4][NativeLibrary] Timezone=60

[4][NativeLibrary] SummerTime=0

[4][NativeLibrary] Timezone=60

[4][NativeLibrary] SummerTime=0

[4][NativeLibrary] Timezone=60

[4][NativeLibrary] SummerTime=0

[4][NativeLibrary] Timezone=60

[4][NativeLibrary] SummerTime=0

[4][NativeLibrary] Timezone=60

[4][NativeLibrary] SummerTime=0

[4][NativeLibrary] Timezone=60

[4][NativeLibrary] SummerTime=0

[4][NativeLibrary] Timezone=60

[4][NativeLibrary] SummerTime=0

[4][NativeLibrary] Timezone=60

[4][NativeLibrary] SummerTime=0

[4][NativeLibrary] Timezone=60

[4][NativeLibrary] SummerTime=0

[4][NativeLibrary] Timezone=60

[4][NativeLibrary] SummerTime=0

[4][NativeLibrary] Timezone=60

[4][NativeLibrary] SummerTime=0

[4][NativeLibrary] Timezone=60

[4][NativeLibrary] SummerTime=0

[4][NativeLibrary] Timezone=60

[4][NativeLibrary] SummerTime=0

[4][NativeLibrary] Timezone=60

[4][NativeLibrary] SummerTime=0

[VK] FPS 44.6 | 22.43 ms/frame | min 19.43 max 46.27 ms | 45 framu | lsfg=0
[4][NativeLibrary] Timezone=60

[4][NativeLibrary] SummerTime=0

[4][NativeLibrary] Timezone=60

[4][NativeLibrary] SummerTime=0

[4][NativeLibrary] Timezone=60

[4][NativeLibrary] SummerTime=0

[4][NativeLibrary] Timezone=60

[4][NativeLibrary] SummerTime=0

[4][NativeLibrary] Timezone=60

[4][NativeLibrary] SummerTime=0

[4][NativeLibrary] Timezone=60

[4][NativeLibrary] SummerTime=0

[4][NativeLibrary] Timezone=60

[4][NativeLibrary] SummerTime=0

[4][NativeLibrary] Timezone=60

[4][NativeLibrary] SummerTime=0

[4][NativeLibrary] Timezone=60

[4][NativeLibrary] SummerTime=0

[4][NativeLibrary] Timezone=60

[4][NativeLibrary] SummerTime=0

[4][NativeLibrary] Timezone=60

[4][NativeLibrary] SummerTime=0

[4][NativeLibrary] Timezone=60

[4][NativeLibrary] SummerTime=0

[4][NativeLibrary] Timezone=60

[4][NativeLibrary] SummerTime=0

[4][NativeLibrary] Timezone=60

[4][NativeLibrary] SummerTime=0

[4][NativeLibrary] Timezone=60

[4][NativeLibrary] SummerTime=0

[4][NativeLibrary] Timezone=60

[4][NativeLibrary] SummerTime=0

[4][NativeLibrary] Timezone=60

[4][NativeLibrary] SummerTime=0

[4][NativeLibrary] Timezone=60

[4][NativeLibrary] SummerTime=0

[4][NativeLibrary] Timezone=60

[4][NativeLibrary] SummerTime=0

[4][NativeLibrary] Timezone=60

[4][NativeLibrary] SummerTime=0

[4][NativeLibrary] Timezone=60

[4][NativeLibrary] SummerTime=0

[4][NativeLibrary] Timezone=60

[4][NativeLibrary] SummerTime=0

[4][NativeLibrary] Timezone=60

[4][NativeLibrary] SummerTime=0

[4][NativeLibrary] Timezone=60

[4][NativeLibrary] SummerTime=0

[4][NativeLibrary] Timezone=60

[4][NativeLibrary] SummerTime=0

[4][NativeLibrary] Timezone=60

[4][NativeLibrary] SummerTime=0

[4][NativeLibrary] Timezone=60

[4][NativeLibrary] SummerTime=0

[4][NativeLibrary] Timezone=60

[4][NativeLibrary] SummerTime=0

[4][NativeLibrary] Timezone=60

[4][NativeLibrary] SummerTime=0

[4][NativeLibrary] Timezone=60

[4][NativeLibrary] SummerTime=0

[4][NativeLibrary] Timezone=60

[4][NativeLibrary] SummerTime=0

[4][NativeLibrary] Timezone=60

[4][NativeLibrary] SummerTime=0

[4][NativeLibrary] Timezone=60

[4][NativeLibrary] SummerTime=0

[4][NativeLibrary] Timezone=60

[4][NativeLibrary] SummerTime=0

[4][NativeLibrary] Timezone=60

[4][NativeLibrary] SummerTime=0

[4][NativeLibrary] Timezone=60

[4][NativeLibrary] SummerTime=0

[4][NativeLibrary] Timezone=60

[4][NativeLibrary] SummerTime=0

[4][NativeLibrary] Timezone=60

[4][NativeLibrary] SummerTime=0

[4][NativeLibrary] Timezone=60

[4][NativeLibrary] SummerTime=0

[4][NativeLibrary] Timezone=60

[4][NativeLibrary] SummerTime=0

[4][NativeLibrary] Timezone=60

[4][NativeLibrary] SummerTime=0

[4][NativeLibrary] Timezone=60

[4][NativeLibrary] SummerTime=0

[4][NativeLibrary] Timezone=60

[4][NativeLibrary] SummerTime=0

[VK] FPS 42.6 | 23.47 ms/frame | min 22.09 max 28.88 ms | 43 framu | lsfg=0
[4][NativeLibrary] Timezone=60

[4][NativeLibrary] SummerTime=0

[4][NativeLibrary] Timezone=60

[4][NativeLibrary] SummerTime=0

[4][NativeLibrary] Timezone=60

[4][NativeLibrary] SummerTime=0

[4][NativeLibrary] Timezone=60

[4][NativeLibrary] SummerTime=0

[4][NativeLibrary] Timezone=60

[4][NativeLibrary] SummerTime=0

[4][NativeLibrary] Timezone=60

[4][NativeLibrary] SummerTime=0

[4][NativeLibrary] Timezone=60

[4][NativeLibrary] SummerTime=0

[4][NativeLibrary] Timezone=60

[4][NativeLibrary] SummerTime=0

[4][NativeLibrary] Timezone=60

[4][NativeLibrary] SummerTime=0

[4][NativeLibrary] Timezone=60

[4][NativeLibrary] SummerTime=0

[4][NativeLibrary] Timezone=60

[4][NativeLibrary] SummerTime=0

[4][NativeLibrary] Timezone=60

[4][NativeLibrary] SummerTime=0

[4][NativeLibrary] Timezone=60

[4][NativeLibrary] SummerTime=0

[4][NativeLibrary] Timezone=60

[4][NativeLibrary] SummerTime=0

[4][NativeLibrary] Timezone=60

[4][NativeLibrary] SummerTime=0

[4][NativeLibrary] Timezone=60

[4][NativeLibrary] SummerTime=0

[4][NativeLibrary] Timezone=60

[4][NativeLibrary] SummerTime=0

[4][NativeLibrary] Timezone=60

[4][NativeLibrary] SummerTime=0

[4][NativeLibrary] Timezone=60

[4][NativeLibrary] SummerTime=0

[4][NativeLibrary] Timezone=60

[4][NativeLibrary] SummerTime=0

[4][NativeLibrary] Timezone=60

[4][NativeLibrary] SummerTime=0

[4][NativeLibrary] Timezone=60

[4][NativeLibrary] SummerTime=0

[4][NativeLibrary] Timezone=60

[4][NativeLibrary] SummerTime=0

[4][NativeLibrary] Timezone=60

[4][NativeLibrary] SummerTime=0

[4][NativeLibrary] Timezone=60

[4][NativeLibrary] SummerTime=0

[4][NativeLibrary] Timezone=60

[4][NativeLibrary] SummerTime=0

[4][NativeLibrary] Timezone=60

[4][NativeLibrary] SummerTime=0

[4][NativeLibrary] Timezone=60

[4][NativeLibrary] SummerTime=0

[4][NativeLibrary] Timezone=60

[4][NativeLibrary] SummerTime=0

[4][NativeLibrary] Timezone=60

[4][NativeLibrary] SummerTime=0

[4][NativeLibrary] Timezone=60

[4][NativeLibrary] SummerTime=0

[4][NativeLibrary] Timezone=60

[4][NativeLibrary] SummerTime=0

[4][NativeLibrary] Timezone=60

[4][NativeLibrary] SummerTime=0

[4][NativeLibrary] Timezone=60

[4][NativeLibrary] SummerTime=0

[4][NativeLibrary] Timezone=60

[4][NativeLibrary] SummerTime=0

[4][NativeLibrary] Timezone=60

[4][NativeLibrary] SummerTime=0

[4][NativeLibrary] Timezone=60

[4][NativeLibrary] SummerTime=0

[VK] FPS 36.6 | 27.35 ms/frame | min 19.80 max 44.93 ms | 37 framu | lsfg=0
[4][NativeLibrary] Timezone=60

[4][NativeLibrary] SummerTime=0

[4][NativeLibrary] Timezone=60

[4][NativeLibrary] SummerTime=0

[4][NativeLibrary] Timezone=60

[4][NativeLibrary] SummerTime=0

[4][NativeLibrary] Timezone=60

[4][NativeLibrary] SummerTime=0

[4][NativeLibrary] Timezone=60

[4][NativeLibrary] SummerTime=0

[4][NativeLibrary] Timezone=60

[4][NativeLibrary] SummerTime=0

[4][NativeLibrary] Timezone=60

[4][NativeLibrary] SummerTime=0

[4][NativeLibrary] Timezone=60

[4][NativeLibrary] SummerTime=0

[4][NativeLibrary] Timezone=60

[4][NativeLibrary] SummerTime=0

[4][NativeLibrary] Timezone=60

[4][NativeLibrary] SummerTime=0

[4][NativeLibrary] Timezone=60

[4][NativeLibrary] SummerTime=0

[4][NativeLibrary] Timezone=60

[4][NativeLibrary] SummerTime=0

[4][NativeLibrary] Timezone=60

[4][NativeLibrary] SummerTime=0

[4][NativeLibrary] Timezone=60

[4][NativeLibrary] SummerTime=0

[4][NativeLibrary] Timezone=60

[4][NativeLibrary] SummerTime=0

[4][NativeLibrary] Timezone=60

[4][NativeLibrary] SummerTime=0

[4][NativeLibrary] Timezone=60

[4][NativeLibrary] SummerTime=0

[4][NativeLibrary] Timezone=60

[4][NativeLibrary] SummerTime=0

[4][NativeLibrary] Timezone=60

[4][NativeLibrary] SummerTime=0

[4][NativeLibrary] Timezone=60

[4][NativeLibrary] SummerTime=0

[4][NativeLibrary] Timezone=60

[4][NativeLibrary] SummerTime=0

[4][NativeLibrary] Timezone=60

[4][NativeLibrary] SummerTime=0

[4][NativeLibrary] Timezone=60

[4][NativeLibrary] SummerTime=0

[4][NativeLibrary] Timezone=60

[4][NativeLibrary] SummerTime=0

[4][NativeLibrary] Timezone=60

[4][NativeLibrary] SummerTime=0

[4][NativeLibrary] Timezone=60

[4][NativeLibrary] SummerTime=0

[4][NativeLibrary] Timezone=60

[4][NativeLibrary] SummerTime=0

[4][NativeLibrary] Timezone=60

[4][NativeLibrary] SummerTime=0

[VK] FPS 27.7 | 36.11 ms/frame | min 6.45 max 71.72 ms | 28 framu | lsfg=0
[4][NativeLibrary] Timezone=60

[4][NativeLibrary] SummerTime=0

[4][NativeLibrary] Timezone=60

[4][NativeLibrary] SummerTime=0

[4][NativeLibrary] Timezone=60

[4][NativeLibrary] SummerTime=0

[4][NativeLibrary] Timezone=60

[4][NativeLibrary] SummerTime=0

[4][NativeLibrary] Timezone=60

[4][NativeLibrary] SummerTime=0

[4][NativeLibrary] Timezone=60

[4][NativeLibrary] SummerTime=0

[4][NativeLibrary] Timezone=60

[4][NativeLibrary] SummerTime=0

[4][NativeLibrary] Timezone=60

[4][NativeLibrary] SummerTime=0

[4][NativeLibrary] Timezone=60

[4][NativeLibrary] SummerTime=0

[4][NativeLibrary] Timezone=60

[4][NativeLibrary] SummerTime=0

[4][NativeLibrary] Timezone=60

[4][NativeLibrary] SummerTime=0

[4][NativeLibrary] Timezone=60

[4][NativeLibrary] SummerTime=0

[4][NativeLibrary] Timezone=60

[4][NativeLibrary] SummerTime=0

[4][NativeLibrary] Timezone=60

[4][NativeLibrary] SummerTime=0

[4][NativeLibrary] Timezone=60

[4][NativeLibrary] SummerTime=0

[4][NativeLibrary] Timezone=60

[4][NativeLibrary] SummerTime=0

[4][NativeLibrary] Timezone=60

[4][NativeLibrary] SummerTime=0

[4][NativeLibrary] Timezone=60

[4][NativeLibrary] SummerTime=0

[4][NativeLibrary] Timezone=60

[4][NativeLibrary] SummerTime=0

[4][NativeLibrary] Timezone=60

[4][NativeLibrary] SummerTime=0

[4][NativeLibrary] Timezone=60

[4][NativeLibrary] SummerTime=0

[4][NativeLibrary] Timezone=60

[4][NativeLibrary] SummerTime=0

[4][NativeLibrary] Timezone=60

[4][NativeLibrary] SummerTime=0

[4][NativeLibrary] Timezone=60

[4][NativeLibrary] SummerTime=0

[4][NativeLibrary] Timezone=60

[4][NativeLibrary] SummerTime=0

[4][NativeLibrary] Timezone=60

[4][NativeLibrary] SummerTime=0

[4][NativeLibrary] Timezone=60

[4][NativeLibrary] SummerTime=0

[4][NativeLibrary] Timezone=60

[4][NativeLibrary] SummerTime=0

[4][NativeLibrary] Timezone=60

[4][NativeLibrary] SummerTime=0

[VK] FPS 28.7 | 34.80 ms/frame | min 22.79 max 52.53 ms | 29 framu | lsfg=0
[4][NativeLibrary] Timezone=60

[4][NativeLibrary] SummerTime=0

[4][NativeLibrary] Timezone=60

[4][NativeLibrary] SummerTime=0

[4][NativeLibrary] Timezone=60

[4][NativeLibrary] SummerTime=0

[4][NativeLibrary] Timezone=60

[4][NativeLibrary] SummerTime=0

[4][NativeLibrary] Timezone=60

[4][NativeLibrary] SummerTime=0

[4][NativeLibrary] Timezone=60

[4][NativeLibrary] SummerTime=0

[4][NativeLibrary] Timezone=60

[4][NativeLibrary] SummerTime=0

[4][NativeLibrary] Timezone=60

[4][NativeLibrary] SummerTime=0

[4][NativeLibrary] Timezone=60

[4][NativeLibrary] SummerTime=0

[4][NativeLibrary] Timezone=60

[4][NativeLibrary] SummerTime=0

[4][NativeLibrary] Timezone=60

[4][NativeLibrary] SummerTime=0

[4][NativeLibrary] Timezone=60

[4][NativeLibrary] SummerTime=0

[4][NativeLibrary] Timezone=60

[4][NativeLibrary] SummerTime=0

[4][NativeLibrary] Timezone=60

[4][NativeLibrary] SummerTime=0

[4][NativeLibrary] Timezone=60

[4][NativeLibrary] SummerTime=0

[4][NativeLibrary] Timezone=60

[4][NativeLibrary] SummerTime=0

[4][NativeLibrary] Timezone=60

[4][NativeLibrary] SummerTime=0

[4][NativeLibrary] Timezone=60

[4][NativeLibrary] SummerTime=0

[4][NativeLibrary] Timezone=60

[4][NativeLibrary] SummerTime=0

[4][NativeLibrary] Timezone=60

[4][NativeLibrary] SummerTime=0

[4][NativeLibrary] Timezone=60

[4][NativeLibrary] SummerTime=0

[4][NativeLibrary] Timezone=60

[4][NativeLibrary] SummerTime=0

[4][NativeLibrary] Timezone=60

[4][NativeLibrary] SummerTime=0

[4][NativeLibrary] Timezone=60

[4][NativeLibrary] SummerTime=0

[4][NativeLibrary] Timezone=60

[4][NativeLibrary] SummerTime=0

[4][NativeLibrary] Timezone=60

[4][NativeLibrary] SummerTime=0

[4][NativeLibrary] Timezone=60

[4][NativeLibrary] SummerTime=0

[4][NativeLibrary] Timezone=60

[4][NativeLibrary] SummerTime=0

[4][NativeLibrary] Timezone=60

[4][NativeLibrary] SummerTime=0

[4][NativeLibrary] Timezone=60

[4][NativeLibrary] SummerTime=0

[VK] FPS 29.5 | 33.89 ms/frame | min 23.87 max 51.25 ms | 30 framu | lsfg=0
[4][NativeLibrary] Timezone=60

[4][NativeLibrary] SummerTime=0

[4][NativeLibrary] Timezone=60

[4][NativeLibrary] SummerTime=0

[4][NativeLibrary] Timezone=60

[4][NativeLibrary] SummerTime=0

[4][NativeLibrary] Timezone=60

[4][NativeLibrary] SummerTime=0

[4][NativeLibrary] Timezone=60

[4][NativeLibrary] SummerTime=0

[4][NativeLibrary] Timezone=60

[4][NativeLibrary] SummerTime=0

[4][NativeLibrary] Timezone=60

[4][NativeLibrary] SummerTime=0

[4][NativeLibrary] Timezone=60

[4][NativeLibrary] SummerTime=0

[4][NativeLibrary] Timezone=60

[4][NativeLibrary] SummerTime=0

[4][NativeLibrary] Timezone=60

[4][NativeLibrary] SummerTime=0

[4][NativeLibrary] Timezone=60

[4][NativeLibrary] SummerTime=0

[4][NativeLibrary] Timezone=60

[4][NativeLibrary] SummerTime=0

[4][NativeLibrary] Timezone=60

[4][NativeLibrary] SummerTime=0

[4][NativeLibrary] Timezone=60

[4][NativeLibrary] SummerTime=0

[4][NativeLibrary] Timezone=60

[4][NativeLibrary] SummerTime=0

[4][NativeLibrary] Timezone=60

[4][NativeLibrary] SummerTime=0

[4][NativeLibrary] Timezone=60

[4][NativeLibrary] SummerTime=0

[4][NativeLibrary] Timezone=60

[4][NativeLibrary] SummerTime=0

[4][NativeLibrary] Timezone=60

[4][NativeLibrary] SummerTime=0

[4][NativeLibrary] Timezone=60

[4][NativeLibrary] SummerTime=0

[4][NativeLibrary] Timezone=60

[4][NativeLibrary] SummerTime=0

[4][NativeLibrary] Timezone=60

[4][NativeLibrary] SummerTime=0

[4][NativeLibrary] Timezone=60

[4][NativeLibrary] SummerTime=0

[4][NativeLibrary] Timezone=60

[4][NativeLibrary] SummerTime=0

[4][NativeLibrary] Timezone=60

[4][NativeLibrary] SummerTime=0

[4][NativeLibrary] Timezone=60

[4][NativeLibrary] SummerTime=0

[4][NativeLibrary] Timezone=60

[4][NativeLibrary] SummerTime=0

[VK] FPS 26.0 | 38.45 ms/frame | min 23.64 max 55.45 ms | 27 framu | lsfg=0
[4][NativeLibrary] Timezone=60

[4][NativeLibrary] SummerTime=0

[4][NativeLibrary] Timezone=60

[4][NativeLibrary] SummerTime=0

[4][NativeLibrary] Timezone=60

[4][NativeLibrary] SummerTime=0

[4][NativeLibrary] Timezone=60

[4][NativeLibrary] SummerTime=0

[4][NativeLibrary] Timezone=60

[4][NativeLibrary] SummerTime=0

[4][NativeLibrary] Timezone=60

[4][NativeLibrary] SummerTime=0

[4][NativeLibrary] Timezone=60

[4][NativeLibrary] SummerTime=0

[4][NativeLibrary] Timezone=60

[4][NativeLibrary] SummerTime=0

[4][NativeLibrary] Timezone=60

[4][NativeLibrary] SummerTime=0

[4][NativeLibrary] Timezone=60

[4][NativeLibrary] SummerTime=0

[4][NativeLibrary] Timezone=60

[4][NativeLibrary] SummerTime=0

[4][NativeLibrary] Timezone=60

[4][NativeLibrary] SummerTime=0

[4][NativeLibrary] Timezone=60

[4][NativeLibrary] SummerTime=0

[4][NativeLibrary] Timezone=60

[4][NativeLibrary] SummerTime=0

[4][NativeLibrary] Timezone=60

[4][NativeLibrary] SummerTime=0

[4][NativeLibrary] Timezone=60

[4][NativeLibrary] SummerTime=0

[4][NativeLibrary] Timezone=60

[4][NativeLibrary] SummerTime=0

[4][NativeLibrary] Timezone=60

[4][NativeLibrary] SummerTime=0

[4][NativeLibrary] Timezone=60

[4][NativeLibrary] SummerTime=0

[4][NativeLibrary] Timezone=60

[4][NativeLibrary] SummerTime=0

[4][NativeLibrary] Timezone=60

[4][NativeLibrary] SummerTime=0

[4][NativeLibrary] Timezone=60

[4][NativeLibrary] SummerTime=0

[4][NativeLibrary] Timezone=60

[4][NativeLibrary] SummerTime=0

[4][NativeLibrary] Timezone=60

[4][NativeLibrary] SummerTime=0

[4][NativeLibrary] Timezone=60

[4][NativeLibrary] SummerTime=0

[4][NativeLibrary] Timezone=60

[4][NativeLibrary] SummerTime=0

[4][NativeLibrary] Timezone=60

[4][NativeLibrary] SummerTime=0

[4][NativeLibrary] Timezone=60

[4][NativeLibrary] SummerTime=0

[VK] FPS 27.2 | 36.74 ms/frame | min 23.26 max 51.27 ms | 28 framu | lsfg=0
[4][NativeLibrary] Timezone=60

[4][NativeLibrary] SummerTime=0

[4][NativeLibrary] Timezone=60

[4][NativeLibrary] SummerTime=0

[4][NativeLibrary] Timezone=60

[4][NativeLibrary] SummerTime=0

[4][NativeLibrary] Timezone=60

[4][NativeLibrary] SummerTime=0

[4][NativeLibrary] Timezone=60

[4][NativeLibrary] SummerTime=0

[4][NativeLibrary] Timezone=60

[4][NativeLibrary] SummerTime=0

[4][NativeLibrary] Timezone=60

[4][NativeLibrary] SummerTime=0

[4][NativeLibrary] Timezone=60

[4][NativeLibrary] SummerTime=0

[4][NativeLibrary] Timezone=60

[4][NativeLibrary] SummerTime=0

[4][NativeLibrary] Timezone=60

[4][NativeLibrary] SummerTime=0

[4][NativeLibrary] Timezone=60

[4][NativeLibrary] SummerTime=0

[4][NativeLibrary] Timezone=60

[4][NativeLibrary] SummerTime=0

[4][NativeLibrary] Timezone=60

[4][NativeLibrary] SummerTime=0

[4][NativeLibrary] Timezone=60

[4][NativeLibrary] SummerTime=0

[4][NativeLibrary] Timezone=60

[4][NativeLibrary] SummerTime=0

[4][NativeLibrary] Timezone=60

[4][NativeLibrary] SummerTime=0

[4][NativeLibrary] Timezone=60

[4][NativeLibrary] SummerTime=0

[4][NativeLibrary] Timezone=60

[4][NativeLibrary] SummerTime=0

[4][NativeLibrary] Timezone=60

[4][NativeLibrary] SummerTime=0

[4][NativeLibrary] Timezone=60

[4][NativeLibrary] SummerTime=0

[4][NativeLibrary] Timezone=60

[4][NativeLibrary] SummerTime=0

[4][NativeLibrary] Timezone=60

[4][NativeLibrary] SummerTime=0

[4][NativeLibrary] Timezone=60

[4][NativeLibrary] SummerTime=0

[4][NativeLibrary] Timezone=60

[4][NativeLibrary] SummerTime=0

[4][NativeLibrary] Timezone=60

[4][NativeLibrary] SummerTime=0

[4][NativeLibrary] Timezone=60

[4][NativeLibrary] SummerTime=0

[VK] FPS 25.8 | 38.79 ms/frame | min 21.27 max 57.83 ms | 26 framu | lsfg=0
[4][NativeLibrary] Timezone=60

[4][NativeLibrary] SummerTime=0

[4][NativeLibrary] Timezone=60

[4][NativeLibrary] SummerTime=0

[4][NativeLibrary] Timezone=60

[4][NativeLibrary] SummerTime=0

[4][NativeLibrary] Timezone=60

[4][NativeLibrary] SummerTime=0

[4][NativeLibrary] Timezone=60

[4][NativeLibrary] SummerTime=0

[4][NativeLibrary] Timezone=60

[4][NativeLibrary] SummerTime=0

[4][NativeLibrary] Timezone=60

[4][NativeLibrary] SummerTime=0

[4][NativeLibrary] Timezone=60

[4][NativeLibrary] SummerTime=0

[4][NativeLibrary] Timezone=60

[4][NativeLibrary] SummerTime=0

[4][NativeLibrary] Timezone=60

[4][NativeLibrary] SummerTime=0

[4][NativeLibrary] Timezone=60

[4][NativeLibrary] SummerTime=0

[4][NativeLibrary] Timezone=60

[4][NativeLibrary] SummerTime=0

[4][NativeLibrary] Timezone=60

[4][NativeLibrary] SummerTime=0

[4][NativeLibrary] Timezone=60

[4][NativeLibrary] SummerTime=0

[4][NativeLibrary] Timezone=60

[4][NativeLibrary] SummerTime=0

[4][NativeLibrary] Timezone=60

[4][NativeLibrary] SummerTime=0

[4][NativeLibrary] Timezone=60

[4][NativeLibrary] SummerTime=0

[4][NativeLibrary] Timezone=60

[4][NativeLibrary] SummerTime=0

[4][NativeLibrary] Timezone=60

[4][NativeLibrary] SummerTime=0

[4][NativeLibrary] Timezone=60

[4][NativeLibrary] SummerTime=0

[4][NativeLibrary] Timezone=60

[4][NativeLibrary] SummerTime=0

[4][NativeLibrary] Timezone=60

[4][NativeLibrary] SummerTime=0

[4][NativeLibrary] Timezone=60

[4][NativeLibrary] SummerTime=0

[4][NativeLibrary] Timezone=60

[4][NativeLibrary] SummerTime=0

[4][NativeLibrary] Timezone=60

[4][NativeLibrary] SummerTime=0

[4][NativeLibrary] Timezone=60

[4][NativeLibrary] SummerTime=0

[VK] FPS 25.4 | 39.32 ms/frame | min 24.29 max 52.22 ms | 26 framu | lsfg=0
[4][NativeLibrary] Timezone=60

[4][NativeLibrary] SummerTime=0

[4][NativeLibrary] Timezone=60

[4][NativeLibrary] SummerTime=0

[4][NativeLibrary] Timezone=60

[4][NativeLibrary] SummerTime=0

[4][NativeLibrary] Timezone=60

[4][NativeLibrary] SummerTime=0

[4][NativeLibrary] Timezone=60

[4][NativeLibrary] SummerTime=0

[4][NativeLibrary] Timezone=60

[4][NativeLibrary] SummerTime=0

[4][NativeLibrary] Timezone=60

[4][NativeLibrary] SummerTime=0

[4][NativeLibrary] Timezone=60

[4][NativeLibrary] SummerTime=0

[4][NativeLibrary] Timezone=60

[4][NativeLibrary] SummerTime=0

[4][NativeLibrary] Timezone=60

[4][NativeLibrary] SummerTime=0

[4][NativeLibrary] Timezone=60

[4][NativeLibrary] SummerTime=0

[4][NativeLibrary] Timezone=60

[4][NativeLibrary] SummerTime=0

[4][NativeLibrary] Timezone=60

[4][NativeLibrary] SummerTime=0

[4][NativeLibrary] Timezone=60

[4][NativeLibrary] SummerTime=0

[4][NativeLibrary] Timezone=60

[4][NativeLibrary] SummerTime=0

[4][NativeLibrary] Timezone=60

[4][NativeLibrary] SummerTime=0

[4][NativeLibrary] Timezone=60

[4][NativeLibrary] SummerTime=0

[4][NativeLibrary] Timezone=60

[4][NativeLibrary] SummerTime=0

[4][NativeLibrary] Timezone=60

[4][NativeLibrary] SummerTime=0

[4][NativeLibrary] Timezone=60

[4][NativeLibrary] SummerTime=0

[4][NativeLibrary] Timezone=60

[4][NativeLibrary] SummerTime=0

[4][NativeLibrary] Timezone=60

[4][NativeLibrary] SummerTime=0

[4][NativeLibrary] Timezone=60

[4][NativeLibrary] SummerTime=0

[4][NativeLibrary] Timezone=60

[4][NativeLibrary] SummerTime=0

[4][NativeLibrary] Timezone=60

[4][NativeLibrary] SummerTime=0

[4][NativeLibrary] Timezone=60

[4][NativeLibrary] SummerTime=0

[4][NativeLibrary] Timezone=60

[4][NativeLibrary] SummerTime=0

[4][NativeLibrary] Timezone=60

[4][NativeLibrary] SummerTime=0

[4][NativeLibrary] Timezone=60

[4][NativeLibrary] SummerTime=0

[4][NativeLibrary] Timezone=60

[4][NativeLibrary] SummerTime=0

[4][NativeLibrary] Timezone=60

[4][NativeLibrary] SummerTime=0

[4][NativeLibrary] Timezone=60

[4][NativeLibrary] SummerTime=0

[4][NativeLibrary] Timezone=60

[4][NativeLibrary] SummerTime=0

[4][NativeLibrary] Timezone=60

[4][NativeLibrary] SummerTime=0

[4][NativeLibrary] Timezone=60

[4][NativeLibrary] SummerTime=0

[4][NativeLibrary] Timezone=60

[4][NativeLibrary] SummerTime=0

[4][NativeLibrary] Timezone=60

[4][NativeLibrary] SummerTime=0

[4][NativeLibrary] Timezone=60

[4][NativeLibrary] SummerTime=0

[4][NativeLibrary] Timezone=60

[4][NativeLibrary] SummerTime=0

[VK] FPS 38.9 | 25.73 ms/frame | min 18.80 max 49.18 ms | 39 framu | lsfg=0
[4][NativeLibrary] Timezone=60

[4][NativeLibrary] SummerTime=0

[4][NativeLibrary] Timezone=60

[4][NativeLibrary] SummerTime=0

[4][NativeLibrary] Timezone=60

[4][NativeLibrary] SummerTime=0

[4][NativeLibrary] Timezone=60

[4][NativeLibrary] SummerTime=0

[4][NativeLibrary] Timezone=60

[4][NativeLibrary] SummerTime=0

[4][NativeLibrary] Timezone=60

[4][NativeLibrary] SummerTime=0

[4][NativeLibrary] Timezone=60

[4][NativeLibrary] SummerTime=0

[4][NativeLibrary] Timezone=60

[4][NativeLibrary] SummerTime=0

[4][NativeLibrary] Timezone=60

[4][NativeLibrary] SummerTime=0

[4][NativeLibrary] Timezone=60

[4][NativeLibrary] SummerTime=0

[4][NativeLibrary] Timezone=60

[4][NativeLibrary] SummerTime=0

[4][NativeLibrary] Timezone=60

[4][NativeLibrary] SummerTime=0

[4][NativeLibrary] Timezone=60

[4][NativeLibrary] SummerTime=0

[4][NativeLibrary] Timezone=60

[4][NativeLibrary] SummerTime=0

[4][NativeLibrary] Timezone=60

[4][NativeLibrary] SummerTime=0

[4][NativeLibrary] Timezone=60

[4][NativeLibrary] SummerTime=0

[4][NativeLibrary] Timezone=60

[4][NativeLibrary] SummerTime=0

[4][NativeLibrary] Timezone=60

[4][NativeLibrary] SummerTime=0

[4][NativeLibrary] Timezone=60

[4][NativeLibrary] SummerTime=0

[4][NativeLibrary] Timezone=60

[4][NativeLibrary] SummerTime=0

[4][NativeLibrary] Timezone=60

[4][NativeLibrary] SummerTime=0

[4][NativeLibrary] Timezone=60

[4][NativeLibrary] SummerTime=0

[4][NativeLibrary] Timezone=60

[4][NativeLibrary] SummerTime=0

[4][NativeLibrary] Timezone=60

[4][NativeLibrary] SummerTime=0

[4][NativeLibrary] Timezone=60

[4][NativeLibrary] SummerTime=0

[4][NativeLibrary] Timezone=60

[4][NativeLibrary] SummerTime=0

[4][NativeLibrary] Timezone=60

[4][NativeLibrary] SummerTime=0

[4][NativeLibrary] Timezone=60

[4][NativeLibrary] SummerTime=0

[4][NativeLibrary] Timezone=60

[4][NativeLibrary] SummerTime=0

[4][NativeLibrary] Timezone=60

[4][NativeLibrary] SummerTime=0

[4][NativeLibrary] Timezone=60

[4][NativeLibrary] SummerTime=0

[4][NativeLibrary] Timezone=60

[4][NativeLibrary] SummerTime=0

[4][NativeLibrary] Timezone=60

[4][NativeLibrary] SummerTime=0

[4][NativeLibrary] Timezone=60

[4][NativeLibrary] SummerTime=0

[VK] FPS 33.3 | 30.03 ms/frame | min 1.24 max 142.87 ms | 34 framu | lsfg=0
[4][NativeLibrary] Timezone=60

[4][NativeLibrary] SummerTime=0

[4][NativeLibrary] Timezone=60

[4][NativeLibrary] SummerTime=0

[4][NativeLibrary] Timezone=60

[4][NativeLibrary] SummerTime=0

[4][NativeLibrary] Timezone=60

[4][NativeLibrary] SummerTime=0

[4][NativeLibrary] Timezone=60

[4][NativeLibrary] SummerTime=0

[4][NativeLibrary] Timezone=60

[4][NativeLibrary] SummerTime=0

[4][NativeLibrary] Timezone=60

[4][NativeLibrary] SummerTime=0

[4][NativeLibrary] Timezone=60

[4][NativeLibrary] SummerTime=0

[4][NativeLibrary] Timezone=60

[4][NativeLibrary] SummerTime=0

[4][NativeLibrary] Timezone=60

[4][NativeLibrary] SummerTime=0

[4][NativeLibrary] Timezone=60

[4][NativeLibrary] SummerTime=0

[4][NativeLibrary] Timezone=60

[4][NativeLibrary] SummerTime=0

[4][NativeLibrary] Timezone=60

[4][NativeLibrary] SummerTime=0

[4][NativeLibrary] Timezone=60

[4][NativeLibrary] SummerTime=0

[4][NativeLibrary] Timezone=60

[4][NativeLibrary] SummerTime=0

[4][NativeLibrary] Timezone=60

[4][NativeLibrary] SummerTime=0

[4][NativeLibrary] Timezone=60

[4][NativeLibrary] SummerTime=0

[4][NativeLibrary] Timezone=60

[4][NativeLibrary] SummerTime=0

[4][NativeLibrary] Timezone=60

[4][NativeLibrary] SummerTime=0

[4][NativeLibrary] Timezone=60

[4][NativeLibrary] SummerTime=0

[4][NativeLibrary] Timezone=60

[4][NativeLibrary] SummerTime=0

[4][NativeLibrary] Timezone=60

[4][NativeLibrary] SummerTime=0

[4][NativeLibrary] Timezone=60

[4][NativeLibrary] SummerTime=0

[4][NativeLibrary] Timezone=60

[4][NativeLibrary] SummerTime=0

[4][NativeLibrary] Timezone=60

[4][NativeLibrary] SummerTime=0

[4][NativeLibrary] Timezone=60

[4][NativeLibrary] SummerTime=0

[4][NativeLibrary] Timezone=60

[4][NativeLibrary] SummerTime=0

[4][NativeLibrary] Timezone=60

[4][NativeLibrary] SummerTime=0

[4][NativeLibrary] Timezone=60

[4][NativeLibrary] SummerTime=0

[4][NativeLibrary] Timezone=60

[4][NativeLibrary] SummerTime=0

[4][NativeLibrary] Timezone=60

[4][NativeLibrary] SummerTime=0

[4][NativeLibrary] Timezone=60

[4][NativeLibrary] SummerTime=0

[4][NativeLibrary] Timezone=60

[4][NativeLibrary] SummerTime=0

[4][NativeLibrary] Timezone=60

[4][NativeLibrary] SummerTime=0

[4][NativeLibrary] Timezone=60

[4][NativeLibrary] SummerTime=0

[4][NativeLibrary] Timezone=60

[4][NativeLibrary] SummerTime=0

[4][NativeLibrary] Timezone=60

[4][NativeLibrary] SummerTime=0

[4][NativeLibrary] Timezone=60

[4][NativeLibrary] SummerTime=0

[4][NativeLibrary] Timezone=60

[4][NativeLibrary] SummerTime=0

[4][NativeLibrary] Timezone=60

[4][NativeLibrary] SummerTime=0

[4][NativeLibrary] Timezone=60

[4][NativeLibrary] SummerTime=0

[4][NativeLibrary] Timezone=60

[4][NativeLibrary] SummerTime=0

[4][NativeLibrary] Timezone=60

[4][NativeLibrary] SummerTime=0

[VK] FPS 42.9 | 23.31 ms/frame | min 20.07 max 25.43 ms | 43 framu | lsfg=0
[4][NativeLibrary] Timezone=60

[4][NativeLibrary] SummerTime=0

[4][NativeLibrary] Timezone=60

[4][NativeLibrary] SummerTime=0

[4][NativeLibrary] Timezone=60

[4][NativeLibrary] SummerTime=0

[4][NativeLibrary] Timezone=60

[4][NativeLibrary] SummerTime=0

[4][NativeLibrary] Timezone=60

[4][NativeLibrary] SummerTime=0

[4][NativeLibrary] Timezone=60

[4][NativeLibrary] SummerTime=0

[4][NativeLibrary] Timezone=60

[4][NativeLibrary] SummerTime=0

[4][NativeLibrary] Timezone=60

[4][NativeLibrary] SummerTime=0

[4][NativeLibrary] Timezone=60

[4][NativeLibrary] SummerTime=0

[4][NativeLibrary] Timezone=60

[4][NativeLibrary] SummerTime=0

[4][NativeLibrary] Timezone=60

[4][NativeLibrary] SummerTime=0

[4][NativeLibrary] Timezone=60

[4][NativeLibrary] SummerTime=0

[4][NativeLibrary] Timezone=60

[4][NativeLibrary] SummerTime=0

[4][NativeLibrary] Timezone=60

[4][NativeLibrary] SummerTime=0

[4][NativeLibrary] Timezone=60

[4][NativeLibrary] SummerTime=0

[4][NativeLibrary] Timezone=60

[4][NativeLibrary] SummerTime=0

[4][NativeLibrary] Timezone=60

[4][NativeLibrary] SummerTime=0

[4][NativeLibrary] Timezone=60

[4][NativeLibrary] SummerTime=0

[4][NativeLibrary] Timezone=60

[4][NativeLibrary] SummerTime=0

[4][NativeLibrary] Timezone=60

[4][NativeLibrary] SummerTime=0

[4][NativeLibrary] Timezone=60

[4][NativeLibrary] SummerTime=0

[4][NativeLibrary] Timezone=60

[4][NativeLibrary] SummerTime=0

[4][NativeLibrary] Timezone=60

[4][NativeLibrary] SummerTime=0

[4][NativeLibrary] Timezone=60

[4][NativeLibrary] SummerTime=0

[4][NativeLibrary] Timezone=60

[4][NativeLibrary] SummerTime=0

[4][NativeLibrary] Timezone=60

[4][NativeLibrary] SummerTime=0

[4][NativeLibrary] Timezone=60

[4][NativeLibrary] SummerTime=0

[4][NativeLibrary] Timezone=60

[4][NativeLibrary] SummerTime=0

[4][NativeLibrary] Timezone=60

[4][NativeLibrary] SummerTime=0

[4][NativeLibrary] Timezone=60

[4][NativeLibrary] SummerTime=0

[4][NativeLibrary] Timezone=60

[4][NativeLibrary] SummerTime=0

[4][NativeLibrary] Timezone=60

[4][NativeLibrary] SummerTime=0

[4][NativeLibrary] Timezone=60

[4][NativeLibrary] SummerTime=0

[4][NativeLibrary] Timezone=60

[4][NativeLibrary] SummerTime=0

[4][NativeLibrary] Timezone=60

[4][NativeLibrary] SummerTime=0

[4][NativeLibrary] Timezone=60

[4][NativeLibrary] SummerTime=0

[4][NativeLibrary] Timezone=60

[4][NativeLibrary] SummerTime=0

[4][NativeLibrary] Timezone=60

[4][NativeLibrary] SummerTime=0

[4][NativeLibrary] Timezone=60

[4][NativeLibrary] SummerTime=0

[4][NativeLibrary] Timezone=60

[4][NativeLibrary] SummerTime=0

[4][NativeLibrary] Timezone=60

[4][NativeLibrary] SummerTime=0

[4][NativeLibrary] Timezone=60

[4][NativeLibrary] SummerTime=0

[4][NativeLibrary] Timezone=60

[4][NativeLibrary] SummerTime=0

[4][NativeLibrary] Timezone=60

[4][NativeLibrary] SummerTime=0

[VK] FPS 43.0 | 23.27 ms/frame | min 20.24 max 37.81 ms | 44 framu | lsfg=0
[4][NativeLibrary] Timezone=60

[4][NativeLibrary] SummerTime=0

[4][NativeLibrary] Timezone=60

[4][NativeLibrary] SummerTime=0

[4][NativeLibrary] Timezone=60

[4][NativeLibrary] SummerTime=0

[4][NativeLibrary] Timezone=60

[4][NativeLibrary] SummerTime=0

[4][NativeLibrary] Timezone=60

[4][NativeLibrary] SummerTime=0

[4][NativeLibrary] Timezone=60

[4][NativeLibrary] SummerTime=0

[4][NativeLibrary] Timezone=60

[4][NativeLibrary] SummerTime=0

[4][NativeLibrary] Timezone=60

[4][NativeLibrary] SummerTime=0

[4][NativeLibrary] Timezone=60

[4][NativeLibrary] SummerTime=0

[4][NativeLibrary] Timezone=60

[4][NativeLibrary] SummerTime=0

[4][NativeLibrary] Timezone=60

[4][NativeLibrary] SummerTime=0

[4][NativeLibrary] Timezone=60

[4][NativeLibrary] SummerTime=0

[4][NativeLibrary] Timezone=60

[4][NativeLibrary] SummerTime=0

[4][NativeLibrary] Timezone=60

[4][NativeLibrary] SummerTime=0

[4][NativeLibrary] Timezone=60

[4][NativeLibrary] SummerTime=0

[4][NativeLibrary] Timezone=60

[4][NativeLibrary] SummerTime=0

[4][NativeLibrary] Timezone=60

[4][NativeLibrary] SummerTime=0

[4][NativeLibrary] Timezone=60

[4][NativeLibrary] SummerTime=0

[4][NativeLibrary] Timezone=60

[4][NativeLibrary] SummerTime=0

[4][NativeLibrary] Timezone=60

[4][NativeLibrary] SummerTime=0

[4][NativeLibrary] Timezone=60

[4][NativeLibrary] SummerTime=0

[4][NativeLibrary] Timezone=60

[4][NativeLibrary] SummerTime=0

[4][NativeLibrary] Timezone=60

[4][NativeLibrary] SummerTime=0

[4][NativeLibrary] Timezone=60

[4][NativeLibrary] SummerTime=0

[4][NativeLibrary] Timezone=60

[4][NativeLibrary] SummerTime=0

[4][NativeLibrary] Timezone=60

[4][NativeLibrary] SummerTime=0

[4][NativeLibrary] Timezone=60

[4][NativeLibrary] SummerTime=0

[4][NativeLibrary] Timezone=60

[4][NativeLibrary] SummerTime=0

[4][NativeLibrary] Timezone=60

[4][NativeLibrary] SummerTime=0

[4][NativeLibrary] Timezone=60

[4][NativeLibrary] SummerTime=0

[4][NativeLibrary] Timezone=60

[4][NativeLibrary] SummerTime=0

[4][NativeLibrary] Timezone=60

[4][NativeLibrary] SummerTime=0

[4][NativeLibrary] Timezone=60

[4][NativeLibrary] SummerTime=0

[4][NativeLibrary] Timezone=60

[4][NativeLibrary] SummerTime=0

[4][NativeLibrary] Timezone=60

[4][NativeLibrary] SummerTime=0

[4][NativeLibrary] Timezone=60

[4][NativeLibrary] SummerTime=0

[4][NativeLibrary] Timezone=60

[4][NativeLibrary] SummerTime=0

[4][NativeLibrary] Timezone=60

[4][NativeLibrary] SummerTime=0

[4][NativeLibrary] Timezone=60

[4][NativeLibrary] SummerTime=0

[4][NativeLibrary] Timezone=60

[4][NativeLibrary] SummerTime=0

[4][NativeLibrary] Timezone=60

[4][NativeLibrary] SummerTime=0

[4][NativeLibrary] Timezone=60

[4][NativeLibrary] SummerTime=0

[4][NativeLibrary] Timezone=60

[4][NativeLibrary] SummerTime=0

[4][NativeLibrary] Timezone=60

[4][NativeLibrary] SummerTime=0

[4][NativeLibrary] Timezone=60

[4][NativeLibrary] SummerTime=0

[4][NativeLibrary] Timezone=60

[4][NativeLibrary] SummerTime=0

[VK] FPS 45.2 | 22.14 ms/frame | min 19.54 max 28.93 ms | 46 framu | lsfg=0
[4][NativeLibrary] Timezone=60

[4][NativeLibrary] SummerTime=0

[4][NativeLibrary] Timezone=60

[4][NativeLibrary] SummerTime=0

[4][NativeLibrary] Timezone=60

[4][NativeLibrary] SummerTime=0

[4][NativeLibrary] Timezone=60

[4][NativeLibrary] SummerTime=0

[4][NativeLibrary] Timezone=60

[4][NativeLibrary] SummerTime=0

[4][NativeLibrary] Timezone=60

[4][NativeLibrary] SummerTime=0

[4][NativeLibrary] Timezone=60

[4][NativeLibrary] SummerTime=0

[4][NativeLibrary] Timezone=60

[4][NativeLibrary] SummerTime=0

[4][NativeLibrary] Timezone=60

[4][NativeLibrary] SummerTime=0

[4][NativeLibrary] Timezone=60

[4][NativeLibrary] SummerTime=0

[4][NativeLibrary] Timezone=60

[4][NativeLibrary] SummerTime=0

[4][NativeLibrary] Timezone=60

[4][NativeLibrary] SummerTime=0

[4][NativeLibrary] Timezone=60

[4][NativeLibrary] SummerTime=0

[4][NativeLibrary] Timezone=60

[4][NativeLibrary] SummerTime=0

[4][NativeLibrary] Timezone=60

[4][NativeLibrary] SummerTime=0

[4][NativeLibrary] Timezone=60

[4][NativeLibrary] SummerTime=0

[4][NativeLibrary] Timezone=60

[4][NativeLibrary] SummerTime=0

[4][NativeLibrary] Timezone=60

[4][NativeLibrary] SummerTime=0

[4][NativeLibrary] Timezone=60

[4][NativeLibrary] SummerTime=0

[4][NativeLibrary] Timezone=60

[4][NativeLibrary] SummerTime=0

[4][NativeLibrary] Timezone=60

[4][NativeLibrary] SummerTime=0

[4][NativeLibrary] Timezone=60

[4][NativeLibrary] SummerTime=0

[4][NativeLibrary] Timezone=60

[4][NativeLibrary] SummerTime=0

[4][NativeLibrary] Timezone=60

[4][NativeLibrary] SummerTime=0

[4][NativeLibrary] Timezone=60

[4][NativeLibrary] SummerTime=0

[4][NativeLibrary] Timezone=60

[4][NativeLibrary] SummerTime=0

[4][NativeLibrary] Timezone=60

[4][NativeLibrary] SummerTime=0

[4][NativeLibrary] Timezone=60

[4][NativeLibrary] SummerTime=0

[4][NativeLibrary] Timezone=60

[4][NativeLibrary] SummerTime=0

[4][NativeLibrary] Timezone=60

[4][NativeLibrary] SummerTime=0

[4][NativeLibrary] Timezone=60

[4][NativeLibrary] SummerTime=0

[4][NativeLibrary] Timezone=60

[4][NativeLibrary] SummerTime=0

[4][NativeLibrary] Timezone=60

[4][NativeLibrary] SummerTime=0

[4][NativeLibrary] Timezone=60

[4][NativeLibrary] SummerTime=0

[4][NativeLibrary] Timezone=60

[4][NativeLibrary] SummerTime=0

[4][NativeLibrary] Timezone=60

[4][NativeLibrary] SummerTime=0

[4][NativeLibrary] Timezone=60

[4][NativeLibrary] SummerTime=0

[4][NativeLibrary] Timezone=60

[4][NativeLibrary] SummerTime=0

[4][NativeLibrary] Timezone=60

[4][NativeLibrary] SummerTime=0

[4][NativeLibrary] Timezone=60

[4][NativeLibrary] SummerTime=0

[4][NativeLibrary] Timezone=60

[4][NativeLibrary] SummerTime=0

[4][NativeLibrary] Timezone=60

[4][NativeLibrary] SummerTime=0

[VK] FPS 41.5 | 24.08 ms/frame | min 20.22 max 52.86 ms | 42 framu | lsfg=0
[4][NativeLibrary] Timezone=60

[4][NativeLibrary] SummerTime=0

[4][NativeLibrary] Timezone=60

[4][NativeLibrary] SummerTime=0

[4][NativeLibrary] Timezone=60

[4][NativeLibrary] SummerTime=0

[4][NativeLibrary] Timezone=60

[4][NativeLibrary] SummerTime=0

[4][NativeLibrary] Timezone=60

[4][NativeLibrary] SummerTime=0

[4][NativeLibrary] Timezone=60

[4][NativeLibrary] SummerTime=0

[4][NativeLibrary] Timezone=60

[4][NativeLibrary] SummerTime=0

[4][NativeLibrary] Timezone=60

[4][NativeLibrary] SummerTime=0

[4][NativeLibrary] Timezone=60

[4][NativeLibrary] SummerTime=0

[4][NativeLibrary] Timezone=60

[4][NativeLibrary] SummerTime=0

[4][NativeLibrary] Timezone=60

[4][NativeLibrary] SummerTime=0

[4][NativeLibrary] Timezone=60

[4][NativeLibrary] SummerTime=0

[4][NativeLibrary] Timezone=60

[4][NativeLibrary] SummerTime=0

[4][NativeLibrary] Timezone=60

[4][NativeLibrary] SummerTime=0

[4][NativeLibrary] Timezone=60

[4][NativeLibrary] SummerTime=0

[4][NativeLibrary] Timezone=60

[4][NativeLibrary] SummerTime=0

[4][NativeLibrary] Timezone=60

[4][NativeLibrary] SummerTime=0

[4][NativeLibrary] Timezone=60

[4][NativeLibrary] SummerTime=0

[4][NativeLibrary] Timezone=60

[4][NativeLibrary] SummerTime=0

[4][NativeLibrary] Timezone=60

[4][NativeLibrary] SummerTime=0

[4][NativeLibrary] Timezone=60

[4][NativeLibrary] SummerTime=0

[4][NativeLibrary] Timezone=60

[4][NativeLibrary] SummerTime=0

[4][NativeLibrary] Timezone=60

[4][NativeLibrary] SummerTime=0

[4][NativeLibrary] Timezone=60

[4][NativeLibrary] SummerTime=0

[4][NativeLibrary] Timezone=60

[4][NativeLibrary] SummerTime=0

[4][NativeLibrary] Timezone=60

[4][NativeLibrary] SummerTime=0

[4][NativeLibrary] Timezone=60

[4][NativeLibrary] SummerTime=0

[4][NativeLibrary] Timezone=60

[4][NativeLibrary] SummerTime=0

[4][NativeLibrary] Timezone=60

[4][NativeLibrary] SummerTime=0

[4][NativeLibrary] Timezone=60

[4][NativeLibrary] SummerTime=0

[4][NativeLibrary] Timezone=60

[4][NativeLibrary] SummerTime=0

[VK] FPS 30.4 | 32.91 ms/frame | min 22.56 max 65.36 ms | 31 framu | lsfg=0
[4][NativeLibrary] Timezone=60

[4][NativeLibrary] SummerTime=0

[4][NativeLibrary] Timezone=60

[4][NativeLibrary] SummerTime=0

[4][NativeLibrary] Timezone=60

[4][NativeLibrary] SummerTime=0

[4][NativeLibrary] Timezone=60

[4][NativeLibrary] SummerTime=0

[4][NativeLibrary] Timezone=60

[4][NativeLibrary] SummerTime=0

[4][NativeLibrary] Timezone=60

[4][NativeLibrary] SummerTime=0

[4][NativeLibrary] Timezone=60

[4][NativeLibrary] SummerTime=0

[4][NativeLibrary] Timezone=60

[4][NativeLibrary] SummerTime=0

[4][NativeLibrary] Timezone=60

[4][NativeLibrary] SummerTime=0

[4][NativeLibrary] Timezone=60

[4][NativeLibrary] SummerTime=0

[4][NativeLibrary] Timezone=60

[4][NativeLibrary] SummerTime=0

[4][NativeLibrary] Timezone=60

[4][NativeLibrary] SummerTime=0

[4][NativeLibrary] Timezone=60

[4][NativeLibrary] SummerTime=0

[4][NativeLibrary] Timezone=60

[4][NativeLibrary] SummerTime=0

[4][NativeLibrary] Timezone=60

[4][NativeLibrary] SummerTime=0

[4][NativeLibrary] Timezone=60

[4][NativeLibrary] SummerTime=0

[4][NativeLibrary] Timezone=60

[4][NativeLibrary] SummerTime=0

[4][NativeLibrary] Timezone=60

[4][NativeLibrary] SummerTime=0

[4][NativeLibrary] Timezone=60

[4][NativeLibrary] SummerTime=0

[4][NativeLibrary] Timezone=60

[4][NativeLibrary] SummerTime=0

[4][NativeLibrary] Timezone=60

[4][NativeLibrary] SummerTime=0

[4][NativeLibrary] Timezone=60

[4][NativeLibrary] SummerTime=0

[4][NativeLibrary] Timezone=60

[4][NativeLibrary] SummerTime=0

[4][NativeLibrary] Timezone=60

[4][NativeLibrary] SummerTime=0

[4][NativeLibrary] Timezone=60

[4][NativeLibrary] SummerTime=0

[4][NativeLibrary] Timezone=60

[4][NativeLibrary] SummerTime=0

[VK] FPS 25.4 | 39.44 ms/frame | min 24.36 max 59.85 ms | 26 framu | lsfg=0
[4][NativeLibrary] Timezone=60

[4][NativeLibrary] SummerTime=0

[4][NativeLibrary] Timezone=60

[4][NativeLibrary] SummerTime=0

[4][NativeLibrary] Timezone=60

[4][NativeLibrary] SummerTime=0

[4][NativeLibrary] Timezone=60

[4][NativeLibrary] SummerTime=0

[4][NativeLibrary] Timezone=60

[4][NativeLibrary] SummerTime=0

[4][NativeLibrary] Timezone=60

[4][NativeLibrary] SummerTime=0

[4][NativeLibrary] Timezone=60

[4][NativeLibrary] SummerTime=0

[4][NativeLibrary] Timezone=60

[4][NativeLibrary] SummerTime=0

[4][NativeLibrary] Timezone=60

[4][NativeLibrary] SummerTime=0

[4][NativeLibrary] Timezone=60

[4][NativeLibrary] SummerTime=0

[4][NativeLibrary] Timezone=60

[4][NativeLibrary] SummerTime=0

[4][NativeLibrary] Timezone=60

[4][NativeLibrary] SummerTime=0

[4][NativeLibrary] Timezone=60

[4][NativeLibrary] SummerTime=0

[4][NativeLibrary] Timezone=60

[4][NativeLibrary] SummerTime=0

[4][NativeLibrary] Timezone=60

[4][NativeLibrary] SummerTime=0

[4][NativeLibrary] Timezone=60

[4][NativeLibrary] SummerTime=0

[4][NativeLibrary] Timezone=60

[4][NativeLibrary] SummerTime=0

[4][NativeLibrary] Timezone=60

[4][NativeLibrary] SummerTime=0

[4][NativeLibrary] Timezone=60

[4][NativeLibrary] SummerTime=0

[4][NativeLibrary] Timezone=60

[4][NativeLibrary] SummerTime=0

[4][NativeLibrary] Timezone=60

[4][NativeLibrary] SummerTime=0

[4][NativeLibrary] Timezone=60

[4][NativeLibrary] SummerTime=0

[4][NativeLibrary] Timezone=60

[4][NativeLibrary] SummerTime=0

[4][NativeLibrary] Timezone=60

[4][NativeLibrary] SummerTime=0

[4][NativeLibrary] Timezone=60

[4][NativeLibrary] SummerTime=0

[4][NativeLibrary] Timezone=60

[4][NativeLibrary] SummerTime=0

[4][NativeLibrary] Timezone=60

[4][NativeLibrary] SummerTime=0

[VK] FPS 26.5 | 37.68 ms/frame | min 24.57 max 49.59 ms | 27 framu | lsfg=0
[4][NativeLibrary] Timezone=60

[4][NativeLibrary] SummerTime=0

[4][NativeLibrary] Timezone=60

[4][NativeLibrary] SummerTime=0

[4][NativeLibrary] Timezone=60

[4][NativeLibrary] SummerTime=0

[4][NativeLibrary] Timezone=60

[4][NativeLibrary] SummerTime=0

[4][NativeLibrary] Timezone=60

[4][NativeLibrary] SummerTime=0

[4][NativeLibrary] Timezone=60

[4][NativeLibrary] SummerTime=0

[4][NativeLibrary] Timezone=60

[4][NativeLibrary] SummerTime=0

[4][NativeLibrary] Timezone=60

[4][NativeLibrary] SummerTime=0

[4][NativeLibrary] Timezone=60

[4][NativeLibrary] SummerTime=0

[4][NativeLibrary] Timezone=60

[4][NativeLibrary] SummerTime=0

[4][NativeLibrary] Timezone=60

[4][NativeLibrary] SummerTime=0

[4][NativeLibrary] Timezone=60

[4][NativeLibrary] SummerTime=0

[4][NativeLibrary] Timezone=60

[4][NativeLibrary] SummerTime=0

[4][NativeLibrary] Timezone=60

[4][NativeLibrary] SummerTime=0

[4][NativeLibrary] Timezone=60

[4][NativeLibrary] SummerTime=0

[4][NativeLibrary] Timezone=60

[4][NativeLibrary] SummerTime=0

[4][NativeLibrary] Timezone=60

[4][NativeLibrary] SummerTime=0

[4][NativeLibrary] Timezone=60

[4][NativeLibrary] SummerTime=0

[4][NativeLibrary] Timezone=60

[4][NativeLibrary] SummerTime=0

[4][NativeLibrary] Timezone=60

[4][NativeLibrary] SummerTime=0

[4][NativeLibrary] Timezone=60

[4][NativeLibrary] SummerTime=0

[4][NativeLibrary] Timezone=60

[4][NativeLibrary] SummerTime=0

[4][NativeLibrary] Timezone=60

[4][NativeLibrary] SummerTime=0

[4][NativeLibrary] Timezone=60

[4][NativeLibrary] SummerTime=0

[4][NativeLibrary] Timezone=60

[4][NativeLibrary] SummerTime=0

[4][NativeLibrary] Timezone=60

[4][NativeLibrary] SummerTime=0

[4][NativeLibrary] Timezone=60

[4][NativeLibrary] SummerTime=0

[4][NativeLibrary] Timezone=60

[4][NativeLibrary] SummerTime=0

[4][NativeLibrary] Timezone=60

[4][NativeLibrary] SummerTime=0

[4][NativeLibrary] Timezone=60

[4][NativeLibrary] SummerTime=0

[VK] FPS 29.8 | 33.53 ms/frame | min 21.43 max 56.35 ms | 30 framu | lsfg=0
[4][NativeLibrary] Timezone=60

[4][NativeLibrary] SummerTime=0

[4][NativeLibrary] Timezone=60

[4][NativeLibrary] SummerTime=0

[4][NativeLibrary] Timezone=60

[4][NativeLibrary] SummerTime=0

[4][NativeLibrary] Timezone=60

[4][NativeLibrary] SummerTime=0

[4][NativeLibrary] Timezone=60

[4][NativeLibrary] SummerTime=0

[4][NativeLibrary] Timezone=60

[4][NativeLibrary] SummerTime=0

[4][NativeLibrary] Timezone=60

[4][NativeLibrary] SummerTime=0

[4][NativeLibrary] Timezone=60

[4][NativeLibrary] SummerTime=0

[4][NativeLibrary] Timezone=60

[4][NativeLibrary] SummerTime=0

[4][NativeLibrary] Timezone=60

[4][NativeLibrary] SummerTime=0

[4][NativeLibrary] Timezone=60

[4][NativeLibrary] SummerTime=0

[4][NativeLibrary] Timezone=60

[4][NativeLibrary] SummerTime=0

[4][NativeLibrary] Timezone=60

[4][NativeLibrary] SummerTime=0

[4][NativeLibrary] Timezone=60

[4][NativeLibrary] SummerTime=0

[4][NativeLibrary] Timezone=60

[4][NativeLibrary] SummerTime=0

[4][NativeLibrary] Timezone=60

[4][NativeLibrary] SummerTime=0

[4][NativeLibrary] Timezone=60

[4][NativeLibrary] SummerTime=0

[4][NativeLibrary] Timezone=60

[4][NativeLibrary] SummerTime=0

[4][NativeLibrary] Timezone=60

[4][NativeLibrary] SummerTime=0

[4][NativeLibrary] Timezone=60

[4][NativeLibrary] SummerTime=0

[4][NativeLibrary] Timezone=60

[4][NativeLibrary] SummerTime=0

[4][NativeLibrary] Timezone=60

[4][NativeLibrary] SummerTime=0

[4][NativeLibrary] Timezone=60

[4][NativeLibrary] SummerTime=0

[4][NativeLibrary] Timezone=60

[4][NativeLibrary] SummerTime=0

[4][NativeLibrary] Timezone=60

[4][NativeLibrary] SummerTime=0

[4][NativeLibrary] Timezone=60

[4][NativeLibrary] SummerTime=0

[4][NativeLibrary] Timezone=60

[4][NativeLibrary] SummerTime=0

[4][NativeLibrary] Timezone=60

[4][NativeLibrary] SummerTime=0

[4][NativeLibrary] Timezone=60

[4][NativeLibrary] SummerTime=0

[4][NativeLibrary] Timezone=60

[4][NativeLibrary] SummerTime=0

[4][NativeLibrary] Timezone=60

[4][NativeLibrary] SummerTime=0

[4][NativeLibrary] Timezone=60

[4][NativeLibrary] SummerTime=0

[4][NativeLibrary] Timezone=60

[4][NativeLibrary] SummerTime=0

[4][NativeLibrary] Timezone=60

[4][NativeLibrary] SummerTime=0

[4][NativeLibrary] Timezone=60

[4][NativeLibrary] SummerTime=0

[4][NativeLibrary] Timezone=60

[4][NativeLibrary] SummerTime=0

[4][NativeLibrary] Timezone=60

[4][NativeLibrary] SummerTime=0

[4][NativeLibrary] Timezone=60

[4][NativeLibrary] SummerTime=0

[4][NativeLibrary] Timezone=60

[4][NativeLibrary] SummerTime=0

[4][NativeLibrary] Timezone=60

[4][NativeLibrary] SummerTime=0

[VK] FPS 39.6 | 25.26 ms/frame | min 14.13 max 73.53 ms | 40 framu | lsfg=0
[4][NativeLibrary] Timezone=60

[4][NativeLibrary] SummerTime=0

[4][NativeLibrary] Timezone=60

[4][NativeLibrary] SummerTime=0

[4][NativeLibrary] Timezone=60

[4][NativeLibrary] SummerTime=0

[4][NativeLibrary] Timezone=60

[4][NativeLibrary] SummerTime=0

[4][NativeLibrary] Timezone=60

[4][NativeLibrary] SummerTime=0

[4][NativeLibrary] Timezone=60

[4][NativeLibrary] SummerTime=0

[4][NativeLibrary] Timezone=60

[4][NativeLibrary] SummerTime=0

[4][NativeLibrary] Timezone=60

[4][NativeLibrary] SummerTime=0

[4][NativeLibrary] Timezone=60

[4][NativeLibrary] SummerTime=0

[4][NativeLibrary] Timezone=60

[4][NativeLibrary] SummerTime=0

[4][NativeLibrary] Timezone=60

[4][NativeLibrary] SummerTime=0

[4][NativeLibrary] Timezone=60

[4][NativeLibrary] SummerTime=0

[4][NativeLibrary] Timezone=60

[4][NativeLibrary] SummerTime=0

[4][NativeLibrary] Timezone=60

[4][NativeLibrary] SummerTime=0

[4][NativeLibrary] Timezone=60

[4][NativeLibrary] SummerTime=0

[4][NativeLibrary] Timezone=60

[4][NativeLibrary] SummerTime=0

[4][NativeLibrary] Timezone=60

[4][NativeLibrary] SummerTime=0

[4][NativeLibrary] Timezone=60

[4][NativeLibrary] SummerTime=0

[4][NativeLibrary] Timezone=60

[4][NativeLibrary] SummerTime=0

[4][NativeLibrary] Timezone=60

[4][NativeLibrary] SummerTime=0

[4][NativeLibrary] Timezone=60

[4][NativeLibrary] SummerTime=0

[4][NativeLibrary] Timezone=60

[4][NativeLibrary] SummerTime=0

[4][NativeLibrary] Timezone=60

[4][NativeLibrary] SummerTime=0

[4][NativeLibrary] Timezone=60

[4][NativeLibrary] SummerTime=0

[4][NativeLibrary] Timezone=60

[4][NativeLibrary] SummerTime=0

[4][NativeLibrary] Timezone=60

[4][NativeLibrary] SummerTime=0

[4][NativeLibrary] Timezone=60

[4][NativeLibrary] SummerTime=0

[4][NativeLibrary] Timezone=60

[4][NativeLibrary] SummerTime=0

[4][NativeLibrary] Timezone=60

[4][NativeLibrary] SummerTime=0

[4][NativeLibrary] Timezone=60

[4][NativeLibrary] SummerTime=0

[4][NativeLibrary] Timezone=60

[4][NativeLibrary] SummerTime=0

[4][NativeLibrary] Timezone=60

[4][NativeLibrary] SummerTime=0

[4][NativeLibrary] Timezone=60

[4][NativeLibrary] SummerTime=0

[4][NativeLibrary] Timezone=60

[4][NativeLibrary] SummerTime=0

[4][NativeLibrary] Timezone=60

[4][NativeLibrary] SummerTime=0

[4][NativeLibrary] Timezone=60

[4][NativeLibrary] SummerTime=0

[4][NativeLibrary] Timezone=60

[4][NativeLibrary] SummerTime=0

[4][NativeLibrary] Timezone=60

[4][NativeLibrary] SummerTime=0

[4][NativeLibrary] Timezone=60

[4][NativeLibrary] SummerTime=0

[4][NativeLibrary] Timezone=60

[4][NativeLibrary] SummerTime=0

[4][NativeLibrary] Timezone=60

[4][NativeLibrary] SummerTime=0

[4][NativeLibrary] Timezone=60

[4][NativeLibrary] SummerTime=0

[4][NativeLibrary] Timezone=60

[4][NativeLibrary] SummerTime=0

[VK] FPS 42.2 | 23.67 ms/frame | min 22.72 max 25.48 ms | 43 framu | lsfg=0
[4][NativeLibrary] Timezone=60

[4][NativeLibrary] SummerTime=0

[4][NativeLibrary] Timezone=60

[4][NativeLibrary] SummerTime=0

[4][NativeLibrary] Timezone=60

[4][NativeLibrary] SummerTime=0

[4][NativeLibrary] Timezone=60

[4][NativeLibrary] SummerTime=0

[4][NativeLibrary] Timezone=60

[4][NativeLibrary] SummerTime=0

[4][NativeLibrary] Timezone=60

[4][NativeLibrary] SummerTime=0

[4][NativeLibrary] Timezone=60

[4][NativeLibrary] SummerTime=0

[4][NativeLibrary] Timezone=60

[4][NativeLibrary] SummerTime=0

[4][NativeLibrary] Timezone=60

[4][NativeLibrary] SummerTime=0

[4][NativeLibrary] Timezone=60

[4][NativeLibrary] SummerTime=0

[4][NativeLibrary] Timezone=60

[4][NativeLibrary] SummerTime=0

[4][NativeLibrary] Timezone=60

[4][NativeLibrary] SummerTime=0

[4][NativeLibrary] Timezone=60

[4][NativeLibrary] SummerTime=0

[4][NativeLibrary] Timezone=60

[4][NativeLibrary] SummerTime=0

[4][NativeLibrary] Timezone=60

[4][NativeLibrary] SummerTime=0

[4][NativeLibrary] Timezone=60

[4][NativeLibrary] SummerTime=0

[4][NativeLibrary] Timezone=60

[4][NativeLibrary] SummerTime=0

[4][NativeLibrary] Timezone=60

[4][NativeLibrary] SummerTime=0

[4][NativeLibrary] Timezone=60

[4][NativeLibrary] SummerTime=0

[4][NativeLibrary] Timezone=60

[4][NativeLibrary] SummerTime=0

[4][NativeLibrary] Timezone=60

[4][NativeLibrary] SummerTime=0

[4][NativeLibrary] Timezone=60

[4][NativeLibrary] SummerTime=0

[4][NativeLibrary] Timezone=60

[4][NativeLibrary] SummerTime=0

[4][NativeLibrary] Timezone=60

[4][NativeLibrary] SummerTime=0

[4][NativeLibrary] Timezone=60

[4][NativeLibrary] SummerTime=0

[4][NativeLibrary] Timezone=60

[4][NativeLibrary] SummerTime=0

[4][NativeLibrary] Timezone=60

[4][NativeLibrary] SummerTime=0

[4][NativeLibrary] Timezone=60

[4][NativeLibrary] SummerTime=0

[4][NativeLibrary] Timezone=60

[4][NativeLibrary] SummerTime=0

[4][NativeLibrary] Timezone=60

[4][NativeLibrary] SummerTime=0

[4][NativeLibrary] Timezone=60

[4][NativeLibrary] SummerTime=0

[4][NativeLibrary] Timezone=60

[4][NativeLibrary] SummerTime=0

[4][NativeLibrary] Timezone=60

[4][NativeLibrary] SummerTime=0

[4][NativeLibrary] Timezone=60

[4][NativeLibrary] SummerTime=0

[4][NativeLibrary] Timezone=60

[4][NativeLibrary] SummerTime=0

[4][NativeLibrary] Timezone=60

[4][NativeLibrary] SummerTime=0

[4][NativeLibrary] Timezone=60

[4][NativeLibrary] SummerTime=0

[4][NativeLibrary] Timezone=60

[4][NativeLibrary] SummerTime=0

[4][NativeLibrary] Timezone=60

[4][NativeLibrary] SummerTime=0

[4][NativeLibrary] Timezone=60

[4][NativeLibrary] SummerTime=0

[4][NativeLibrary] Timezone=60

[4][NativeLibrary] SummerTime=0

[4][NativeLibrary] Timezone=60

[4][NativeLibrary] SummerTime=0

[VK] FPS 41.3 | 24.23 ms/frame | min 21.17 max 26.34 ms | 42 framu | lsfg=0
[4][NativeLibrary] Timezone=60

[4][NativeLibrary] SummerTime=0

[4][NativeLibrary] Timezone=60

[4][NativeLibrary] SummerTime=0

[4][NativeLibrary] Timezone=60

[4][NativeLibrary] SummerTime=0

[4][NativeLibrary] Timezone=60

[4][NativeLibrary] SummerTime=0

[4][NativeLibrary] Timezone=60

[4][NativeLibrary] SummerTime=0

[4][NativeLibrary] Timezone=60

[4][NativeLibrary] SummerTime=0

[4][NativeLibrary] Timezone=60

[4][NativeLibrary] SummerTime=0

[4][NativeLibrary] Timezone=60

[4][NativeLibrary] SummerTime=0

[4][NativeLibrary] Timezone=60

[4][NativeLibrary] SummerTime=0

[4][NativeLibrary] Timezone=60

[4][NativeLibrary] SummerTime=0

[4][NativeLibrary] Timezone=60

[4][NativeLibrary] SummerTime=0

[4][NativeLibrary] Timezone=60

[4][NativeLibrary] SummerTime=0

[4][NativeLibrary] Timezone=60

[4][NativeLibrary] SummerTime=0

[4][NativeLibrary] Timezone=60

[4][NativeLibrary] SummerTime=0

[4][NativeLibrary] Timezone=60

[4][NativeLibrary] SummerTime=0

[4][NativeLibrary] Timezone=60

[4][NativeLibrary] SummerTime=0

[4][NativeLibrary] Timezone=60

[4][NativeLibrary] SummerTime=0

[4][NativeLibrary] Timezone=60

[4][NativeLibrary] SummerTime=0

[4][NativeLibrary] Timezone=60

[4][NativeLibrary] SummerTime=0

[4][NativeLibrary] Timezone=60

[4][NativeLibrary] SummerTime=0

[4][NativeLibrary] Timezone=60

[4][NativeLibrary] SummerTime=0

[4][NativeLibrary] Timezone=60

[4][NativeLibrary] SummerTime=0

[4][NativeLibrary] Timezone=60

[4][NativeLibrary] SummerTime=0

[4][NativeLibrary] Timezone=60

[4][NativeLibrary] SummerTime=0

[4][NativeLibrary] Timezone=60

[4][NativeLibrary] SummerTime=0

[4][NativeLibrary] Timezone=60

[4][NativeLibrary] SummerTime=0

[4][NativeLibrary] Timezone=60

[4][NativeLibrary] SummerTime=0

[4][NativeLibrary] Timezone=60

[4][NativeLibrary] SummerTime=0

[4][NativeLibrary] Timezone=60

[4][NativeLibrary] SummerTime=0

[4][NativeLibrary] Timezone=60

[4][NativeLibrary] SummerTime=0

[4][NativeLibrary] Timezone=60

[4][NativeLibrary] SummerTime=0

[4][NativeLibrary] Timezone=60

[4][NativeLibrary] SummerTime=0

[4][NativeLibrary] Timezone=60

[4][NativeLibrary] SummerTime=0

[4][NativeLibrary] Timezone=60

[4][NativeLibrary] SummerTime=0

[4][NativeLibrary] Timezone=60

[4][NativeLibrary] SummerTime=0

[4][NativeLibrary] Timezone=60

[4][NativeLibrary] SummerTime=0

[4][NativeLibrary] Timezone=60

[4][NativeLibrary] SummerTime=0

[4][NativeLibrary] Timezone=60

[4][NativeLibrary] SummerTime=0

[4][NativeLibrary] Timezone=60

[4][NativeLibrary] SummerTime=0

[4][NativeLibrary] Timezone=60

[4][NativeLibrary] SummerTime=0

[4][NativeLibrary] Timezone=60

[4][NativeLibrary] SummerTime=0

[4][NativeLibrary] Timezone=60

[4][NativeLibrary] SummerTime=0

[VK] FPS 41.6 | 24.04 ms/frame | min 19.07 max 31.26 ms | 42 framu | lsfg=0
[4][NativeLibrary] Timezone=60

[4][NativeLibrary] SummerTime=0

[4][NativeLibrary] Timezone=60

[4][NativeLibrary] SummerTime=0

[4][NativeLibrary] Timezone=60

[4][NativeLibrary] SummerTime=0

[4][NativeLibrary] Timezone=60

[4][NativeLibrary] SummerTime=0

[4][NativeLibrary] Timezone=60

[4][NativeLibrary] SummerTime=0

[4][NativeLibrary] Timezone=60

[4][NativeLibrary] SummerTime=0

[4][NativeLibrary] Timezone=60

[4][NativeLibrary] SummerTime=0

[4][NativeLibrary] Timezone=60

[4][NativeLibrary] SummerTime=0

[4][NativeLibrary] Timezone=60

[4][NativeLibrary] SummerTime=0

[4][NativeLibrary] Timezone=60

[4][NativeLibrary] SummerTime=0

[4][NativeLibrary] Timezone=60

[4][NativeLibrary] SummerTime=0

[4][NativeLibrary] Timezone=60

[4][NativeLibrary] SummerTime=0

[4][NativeLibrary] Timezone=60

[4][NativeLibrary] SummerTime=0

[4][NativeLibrary] Timezone=60

[4][NativeLibrary] SummerTime=0

[4][NativeLibrary] Timezone=60

[4][NativeLibrary] SummerTime=0

[4][NativeLibrary] Timezone=60

[4][NativeLibrary] SummerTime=0

[4][NativeLibrary] Timezone=60

[4][NativeLibrary] SummerTime=0

[4][NativeLibrary] Timezone=60

[4][NativeLibrary] SummerTime=0

[4][NativeLibrary] Timezone=60

[4][NativeLibrary] SummerTime=0

[4][NativeLibrary] Timezone=60

[4][NativeLibrary] SummerTime=0

[4][NativeLibrary] Timezone=60

[4][NativeLibrary] SummerTime=0

[4][NativeLibrary] Timezone=60

[4][NativeLibrary] SummerTime=0

[4][NativeLibrary] Timezone=60

[4][NativeLibrary] SummerTime=0

[4][NativeLibrary] Timezone=60

[4][NativeLibrary] SummerTime=0

[4][NativeLibrary] Timezone=60

[4][NativeLibrary] SummerTime=0

[4][NativeLibrary] Timezone=60

[4][NativeLibrary] SummerTime=0

[4][NativeLibrary] Timezone=60

[4][NativeLibrary] SummerTime=0

[4][NativeLibrary] Timezone=60

[4][NativeLibrary] SummerTime=0

[4][NativeLibrary] Timezone=60

[4][NativeLibrary] SummerTime=0

[4][NativeLibrary] Timezone=60

[4][NativeLibrary] SummerTime=0

[4][NativeLibrary] Timezone=60

[4][NativeLibrary] SummerTime=0

[4][NativeLibrary] Timezone=60

[4][NativeLibrary] SummerTime=0

[4][NativeLibrary] Timezone=60

[4][NativeLibrary] SummerTime=0

[4][NativeLibrary] Timezone=60

[4][NativeLibrary] SummerTime=0

[4][NativeLibrary] Timezone=60

[4][NativeLibrary] SummerTime=0

[4][NativeLibrary] Timezone=60

[4][NativeLibrary] SummerTime=0

[4][NativeLibrary] Timezone=60

[4][NativeLibrary] SummerTime=0

[4][NativeLibrary] Timezone=60

[4][NativeLibrary] SummerTime=0

[4][NativeLibrary] Timezone=60

[4][NativeLibrary] SummerTime=0

[4][NativeLibrary] Timezone=60

[4][NativeLibrary] SummerTime=0

[4][NativeLibrary] Timezone=60

[4][NativeLibrary] SummerTime=0

[VK] FPS 41.0 | 24.39 ms/frame | min 23.08 max 26.36 ms | 41 framu | lsfg=0
[4][NativeLibrary] Timezone=60

[4][NativeLibrary] SummerTime=0

[4][NativeLibrary] Timezone=60

[4][NativeLibrary] SummerTime=0

[4][NativeLibrary] Timezone=60

[4][NativeLibrary] SummerTime=0

[4][NativeLibrary] Timezone=60

[4][NativeLibrary] SummerTime=0

[4][NativeLibrary] Timezone=60

[4][NativeLibrary] SummerTime=0

[4][NativeLibrary] Timezone=60

[4][NativeLibrary] SummerTime=0

[4][NativeLibrary] Timezone=60

[4][NativeLibrary] SummerTime=0

[4][NativeLibrary] Timezone=60

[4][NativeLibrary] SummerTime=0

[4][NativeLibrary] Timezone=60

[4][NativeLibrary] SummerTime=0

[4][NativeLibrary] Timezone=60

[4][NativeLibrary] SummerTime=0

[4][NativeLibrary] Timezone=60

[4][NativeLibrary] SummerTime=0

[4][NativeLibrary] Timezone=60

[4][NativeLibrary] SummerTime=0

[4][NativeLibrary] Timezone=60

[4][NativeLibrary] SummerTime=0

[4][NativeLibrary] Timezone=60

[4][NativeLibrary] SummerTime=0

[4][NativeLibrary] Timezone=60

[4][NativeLibrary] SummerTime=0

[4][NativeLibrary] Timezone=60

[4][NativeLibrary] SummerTime=0

[4][NativeLibrary] Timezone=60

[4][NativeLibrary] SummerTime=0

[4][NativeLibrary] Timezone=60

[4][NativeLibrary] SummerTime=0

[4][NativeLibrary] Timezone=60

[4][NativeLibrary] SummerTime=0

[4][NativeLibrary] Timezone=60

[4][NativeLibrary] SummerTime=0

[4][NativeLibrary] Timezone=60

[4][NativeLibrary] SummerTime=0

[4][NativeLibrary] Timezone=60

[4][NativeLibrary] SummerTime=0

[4][NativeLibrary] Timezone=60

[4][NativeLibrary] SummerTime=0

[4][NativeLibrary] Timezone=60

[4][NativeLibrary] SummerTime=0

[4][NativeLibrary] Timezone=60

[4][NativeLibrary] SummerTime=0

[4][NativeLibrary] Timezone=60

[4][NativeLibrary] SummerTime=0

[4][NativeLibrary] Timezone=60

[4][NativeLibrary] SummerTime=0

[4][NativeLibrary] Timezone=60

[4][NativeLibrary] SummerTime=0

[4][NativeLibrary] Timezone=60

[4][NativeLibrary] SummerTime=0

[4][NativeLibrary] Timezone=60

[4][NativeLibrary] SummerTime=0

[4][NativeLibrary] Timezone=60

[4][NativeLibrary] SummerTime=0

[4][NativeLibrary] Timezone=60

[4][NativeLibrary] SummerTime=0

[4][NativeLibrary] Timezone=60

[4][NativeLibrary] SummerTime=0

[4][NativeLibrary] Timezone=60

[4][NativeLibrary] SummerTime=0

[4][NativeLibrary] Timezone=60

[4][NativeLibrary] SummerTime=0

[4][NativeLibrary] Timezone=60

[4][NativeLibrary] SummerTime=0

[4][NativeLibrary] Timezone=60

[4][NativeLibrary] SummerTime=0

[4][NativeLibrary] Timezone=60

[4][NativeLibrary] SummerTime=0

[4][NativeLibrary] Timezone=60

[4][NativeLibrary] SummerTime=0

[4][NativeLibrary] Timezone=60

[4][NativeLibrary] SummerTime=0

[4][NativeLibrary] Timezone=60

[4][NativeLibrary] SummerTime=0

[4][NativeLibrary] Timezone=60

[4][NativeLibrary] SummerTime=0

[VK] FPS 41.1 | 24.34 ms/frame | min 21.15 max 26.38 ms | 42 framu | lsfg=0
[4][NativeLibrary] Timezone=60

[4][NativeLibrary] SummerTime=0

[4][NativeLibrary] Timezone=60

[4][NativeLibrary] SummerTime=0

[4][NativeLibrary] Timezone=60

[4][NativeLibrary] SummerTime=0

[4][NativeLibrary] Timezone=60

[4][NativeLibrary] SummerTime=0

[4][NativeLibrary] Timezone=60

[4][NativeLibrary] SummerTime=0

[4][NativeLibrary] Timezone=60

[4][NativeLibrary] SummerTime=0

[4][NativeLibrary] Timezone=60

[4][NativeLibrary] SummerTime=0

[4][NativeLibrary] Timezone=60

[4][NativeLibrary] SummerTime=0

[4][NativeLibrary] Timezone=60

[4][NativeLibrary] SummerTime=0

[4][NativeLibrary] Timezone=60

[4][NativeLibrary] SummerTime=0

[4][NativeLibrary] Timezone=60

[4][NativeLibrary] SummerTime=0

[4][NativeLibrary] Timezone=60

[4][NativeLibrary] SummerTime=0

[4][NativeLibrary] Timezone=60

[4][NativeLibrary] SummerTime=0

[4][NativeLibrary] Timezone=60

[4][NativeLibrary] SummerTime=0

[4][NativeLibrary] Timezone=60

[4][NativeLibrary] SummerTime=0

[4][NativeLibrary] Timezone=60

[4][NativeLibrary] SummerTime=0

[4][NativeLibrary] Timezone=60

[4][NativeLibrary] SummerTime=0

[4][NativeLibrary] Timezone=60

[4][NativeLibrary] SummerTime=0

[4][NativeLibrary] Timezone=60

[4][NativeLibrary] SummerTime=0

[4][NativeLibrary] Timezone=60

[4][NativeLibrary] SummerTime=0

[4][NativeLibrary] Timezone=60

[4][NativeLibrary] SummerTime=0

[4][NativeLibrary] Timezone=60

[4][NativeLibrary] SummerTime=0

[4][NativeLibrary] Timezone=60

[4][NativeLibrary] SummerTime=0

[4][NativeLibrary] Timezone=60

[4][NativeLibrary] SummerTime=0

[4][NativeLibrary] Timezone=60

[4][NativeLibrary] SummerTime=0

[4][NativeLibrary] Timezone=60

[4][NativeLibrary] SummerTime=0

[4][NativeLibrary] Timezone=60

[4][NativeLibrary] SummerTime=0

[4][NativeLibrary] Timezone=60

[4][NativeLibrary] SummerTime=0

[4][NativeLibrary] Timezone=60

[4][NativeLibrary] SummerTime=0

[4][NativeLibrary] Timezone=60

[4][NativeLibrary] SummerTime=0

[4][NativeLibrary] Timezone=60

[4][NativeLibrary] SummerTime=0

[4][NativeLibrary] Timezone=60

[4][NativeLibrary] SummerTime=0

[4][NativeLibrary] Timezone=60

[4][NativeLibrary] SummerTime=0

[4][NativeLibrary] Timezone=60

[4][NativeLibrary] SummerTime=0

[4][NativeLibrary] Timezone=60

[4][NativeLibrary] SummerTime=0

[4][NativeLibrary] Timezone=60

[4][NativeLibrary] SummerTime=0

[4][NativeLibrary] Timezone=60

[4][NativeLibrary] SummerTime=0

[4][NativeLibrary] Timezone=60

[4][NativeLibrary] SummerTime=0

[4][NativeLibrary] Timezone=60

[4][NativeLibrary] SummerTime=0

[4][NativeLibrary] Timezone=60

[4][NativeLibrary] SummerTime=0

[4][NativeLibrary] Timezone=60

[4][NativeLibrary] SummerTime=0

[4][NativeLibrary] Timezone=60

[4][NativeLibrary] SummerTime=0

[4][NativeLibrary] Timezone=60

[4][NativeLibrary] SummerTime=0

[VK] FPS 42.1 | 23.75 ms/frame | min 21.13 max 26.26 ms | 43 framu | lsfg=0
[4][NativeLibrary] Timezone=60

[4][NativeLibrary] SummerTime=0

[4][NativeLibrary] Timezone=60

[4][NativeLibrary] SummerTime=0

[4][NativeLibrary] Timezone=60

[4][NativeLibrary] SummerTime=0

[4][NativeLibrary] Timezone=60

[4][NativeLibrary] SummerTime=0

[4][NativeLibrary] Timezone=60

[4][NativeLibrary] SummerTime=0

[4][NativeLibrary] Timezone=60

[4][NativeLibrary] SummerTime=0

[4][NativeLibrary] Timezone=60

[4][NativeLibrary] SummerTime=0

[4][NativeLibrary] Timezone=60

[4][NativeLibrary] SummerTime=0

[4][NativeLibrary] Timezone=60

[4][NativeLibrary] SummerTime=0

[4][NativeLibrary] Timezone=60

[4][NativeLibrary] SummerTime=0

[4][NativeLibrary] Timezone=60

[4][NativeLibrary] SummerTime=0

[4][NativeLibrary] Timezone=60

[4][NativeLibrary] SummerTime=0

[4][NativeLibrary] Timezone=60

[4][NativeLibrary] SummerTime=0

[4][NativeLibrary] Timezone=60

[4][NativeLibrary] SummerTime=0

[4][NativeLibrary] Timezone=60

[4][NativeLibrary] SummerTime=0

[4][NativeLibrary] Timezone=60

[4][NativeLibrary] SummerTime=0

[4][NativeLibrary] Timezone=60

[4][NativeLibrary] SummerTime=0

[4][NativeLibrary] Timezone=60

[4][NativeLibrary] SummerTime=0

[4][NativeLibrary] Timezone=60

[4][NativeLibrary] SummerTime=0

[4][NativeLibrary] Timezone=60

[4][NativeLibrary] SummerTime=0

[4][NativeLibrary] Timezone=60

[4][NativeLibrary] SummerTime=0

[4][NativeLibrary] Timezone=60

[4][NativeLibrary] SummerTime=0

[4][NativeLibrary] Timezone=60

[4][NativeLibrary] SummerTime=0

[4][NativeLibrary] Timezone=60

[4][NativeLibrary] SummerTime=0

[4][NativeLibrary] Timezone=60

[4][NativeLibrary] SummerTime=0

[4][NativeLibrary] Timezone=60

[4][NativeLibrary] SummerTime=0

[4][NativeLibrary] Timezone=60

[4][NativeLibrary] SummerTime=0

[4][NativeLibrary] Timezone=60

[4][NativeLibrary] SummerTime=0

[4][NativeLibrary] Timezone=60

[4][NativeLibrary] SummerTime=0

[4][NativeLibrary] Timezone=60

[4][NativeLibrary] SummerTime=0

[4][NativeLibrary] Timezone=60

[4][NativeLibrary] SummerTime=0

[4][NativeLibrary] Timezone=60

[4][NativeLibrary] SummerTime=0

[4][NativeLibrary] Timezone=60

[4][NativeLibrary] SummerTime=0

[4][NativeLibrary] Timezone=60

[4][NativeLibrary] SummerTime=0

[4][NativeLibrary] Timezone=60

[4][NativeLibrary] SummerTime=0

[4][NativeLibrary] Timezone=60

[4][NativeLibrary] SummerTime=0

[4][NativeLibrary] Timezone=60

[4][NativeLibrary] SummerTime=0

[4][NativeLibrary] Timezone=60

[4][NativeLibrary] SummerTime=0

[4][NativeLibrary] Timezone=60

[4][NativeLibrary] SummerTime=0

[4][NativeLibrary] Timezone=60

[4][NativeLibrary] SummerTime=0

[4][NativeLibrary] Timezone=60

[4][NativeLibrary] SummerTime=0

[4][NativeLibrary] Timezone=60

[4][NativeLibrary] SummerTime=0

[4][NativeLibrary] Timezone=60

[4][NativeLibrary] SummerTime=0

[4][NativeLibrary] Timezone=60

[4][NativeLibrary] SummerTime=0

[VK] FPS 43.9 | 22.75 ms/frame | min 20.05 max 25.27 ms | 44 framu | lsfg=0
[4][NativeLibrary] Timezone=60

[4][NativeLibrary] SummerTime=0

[4][NativeLibrary] Timezone=60

[4][NativeLibrary] SummerTime=0

[4][NativeLibrary] Timezone=60

[4][NativeLibrary] SummerTime=0

[4][NativeLibrary] Timezone=60

[4][NativeLibrary] SummerTime=0

[4][NativeLibrary] Timezone=60

[4][NativeLibrary] SummerTime=0

[4][NativeLibrary] Timezone=60

[4][NativeLibrary] SummerTime=0

[4][NativeLibrary] Timezone=60

[4][NativeLibrary] SummerTime=0

[4][NativeLibrary] Timezone=60

[4][NativeLibrary] SummerTime=0

[4][NativeLibrary] Timezone=60

[4][NativeLibrary] SummerTime=0

[4][NativeLibrary] Timezone=60

[4][NativeLibrary] SummerTime=0

[4][NativeLibrary] Timezone=60

[4][NativeLibrary] SummerTime=0

[4][NativeLibrary] Timezone=60

[4][NativeLibrary] SummerTime=0

[4][NativeLibrary] Timezone=60

[4][NativeLibrary] SummerTime=0

[4][NativeLibrary] Timezone=60

[4][NativeLibrary] SummerTime=0

[4][NativeLibrary] Timezone=60

[4][NativeLibrary] SummerTime=0

[4][NativeLibrary] Timezone=60

[4][NativeLibrary] SummerTime=0

[4][NativeLibrary] Timezone=60

[4][NativeLibrary] SummerTime=0

[4][NativeLibrary] Timezone=60

[4][NativeLibrary] SummerTime=0

[4][NativeLibrary] Timezone=60

[4][NativeLibrary] SummerTime=0

[4][NativeLibrary] Timezone=60

[4][NativeLibrary] SummerTime=0

[4][NativeLibrary] Timezone=60

[4][NativeLibrary] SummerTime=0

[4][NativeLibrary] Timezone=60

[4][NativeLibrary] SummerTime=0

[4][NativeLibrary] Timezone=60

[4][NativeLibrary] SummerTime=0

[4][NativeLibrary] Timezone=60

[4][NativeLibrary] SummerTime=0

[4][NativeLibrary] Timezone=60

[4][NativeLibrary] SummerTime=0

[4][NativeLibrary] Timezone=60

[4][NativeLibrary] SummerTime=0

[4][NativeLibrary] Timezone=60

[4][NativeLibrary] SummerTime=0

[4][NativeLibrary] Timezone=60

[4][NativeLibrary] SummerTime=0

[4][NativeLibrary] Timezone=60

[4][NativeLibrary] SummerTime=0

[4][NativeLibrary] Timezone=60

[4][NativeLibrary] SummerTime=0

[4][NativeLibrary] Timezone=60

[4][NativeLibrary] SummerTime=0

[4][NativeLibrary] Timezone=60

[4][NativeLibrary] SummerTime=0

[4][NativeLibrary] Timezone=60

[4][NativeLibrary] SummerTime=0

[4][NativeLibrary] Timezone=60

[4][NativeLibrary] SummerTime=0

[4][NativeLibrary] Timezone=60

[4][NativeLibrary] SummerTime=0

[4][NativeLibrary] Timezone=60

[4][NativeLibrary] SummerTime=0

[4][NativeLibrary] Timezone=60

[4][NativeLibrary] SummerTime=0

[4][NativeLibrary] Timezone=60

[4][NativeLibrary] SummerTime=0

[4][NativeLibrary] Timezone=60

[4][NativeLibrary] SummerTime=0

[4][NativeLibrary] Timezone=60

[4][NativeLibrary] SummerTime=0

[4][NativeLibrary] Timezone=60

[4][NativeLibrary] SummerTime=0

[VK] FPS 40.8 | 24.49 ms/frame | min 23.65 max 26.03 ms | 41 framu | lsfg=0
[4][NativeLibrary] Timezone=60

[4][NativeLibrary] SummerTime=0

[4][NativeLibrary] Timezone=60

[4][NativeLibrary] SummerTime=0

[4][NativeLibrary] Timezone=60

[4][NativeLibrary] SummerTime=0

[4][NativeLibrary] Timezone=60

[4][NativeLibrary] SummerTime=0

[4][NativeLibrary] Timezone=60

[4][NativeLibrary] SummerTime=0

[4][NativeLibrary] Timezone=60

[4][NativeLibrary] SummerTime=0

[4][NativeLibrary] Timezone=60

[4][NativeLibrary] SummerTime=0

[4][NativeLibrary] Timezone=60

[4][NativeLibrary] SummerTime=0

[4][NativeLibrary] Timezone=60

[4][NativeLibrary] SummerTime=0

[4][NativeLibrary] Timezone=60

[4][NativeLibrary] SummerTime=0

[4][NativeLibrary] Timezone=60

[4][NativeLibrary] SummerTime=0

[4][NativeLibrary] Timezone=60

[4][NativeLibrary] SummerTime=0

[4][NativeLibrary] Timezone=60

[4][NativeLibrary] SummerTime=0

[4][NativeLibrary] Timezone=60

[4][NativeLibrary] SummerTime=0

[4][NativeLibrary] Timezone=60

[4][NativeLibrary] SummerTime=0

[4][NativeLibrary] Timezone=60

[4][NativeLibrary] SummerTime=0

[4][NativeLibrary] Timezone=60

[4][NativeLibrary] SummerTime=0

[4][NativeLibrary] Timezone=60

[4][NativeLibrary] SummerTime=0

[4][NativeLibrary] Timezone=60

[4][NativeLibrary] SummerTime=0

[4][NativeLibrary] Timezone=60

[4][NativeLibrary] SummerTime=0

[4][NativeLibrary] Timezone=60

[4][NativeLibrary] SummerTime=0

[4][NativeLibrary] Timezone=60

[4][NativeLibrary] SummerTime=0

[4][NativeLibrary] Timezone=60

[4][NativeLibrary] SummerTime=0

[4][NativeLibrary] Timezone=60

[4][NativeLibrary] SummerTime=0

[4][NativeLibrary] Timezone=60

[4][NativeLibrary] SummerTime=0

[4][NativeLibrary] Timezone=60

[4][NativeLibrary] SummerTime=0

[4][NativeLibrary] Timezone=60

[4][NativeLibrary] SummerTime=0

[4][NativeLibrary] Timezone=60

[4][NativeLibrary] SummerTime=0

[4][NativeLibrary] Timezone=60

[4][NativeLibrary] SummerTime=0

[4][NativeLibrary] Timezone=60

[4][NativeLibrary] SummerTime=0

[4][NativeLibrary] Timezone=60

[4][NativeLibrary] SummerTime=0

[4][NativeLibrary] Timezone=60

[4][NativeLibrary] SummerTime=0

[4][NativeLibrary] Timezone=60

[4][NativeLibrary] SummerTime=0

[4][NativeLibrary] Timezone=60

[4][NativeLibrary] SummerTime=0

[4][NativeLibrary] Timezone=60

[4][NativeLibrary] SummerTime=0

[4][NativeLibrary] Timezone=60

[4][NativeLibrary] SummerTime=0

[4][NativeLibrary] Timezone=60

[4][NativeLibrary] SummerTime=0

[4][NativeLibrary] Timezone=60

[4][NativeLibrary] SummerTime=0

[4][NativeLibrary] Timezone=60

[4][NativeLibrary] SummerTime=0

[4][NativeLibrary] Timezone=60

[4][NativeLibrary] SummerTime=0

[VK] FPS 39.6 | 25.27 ms/frame | min 21.70 max 42.24 ms | 40 framu | lsfg=0
[4][NativeLibrary] Timezone=60

[4][NativeLibrary] SummerTime=0

[4][NativeLibrary] Timezone=60

[4][NativeLibrary] SummerTime=0

[4][NativeLibrary] Timezone=60

[4][NativeLibrary] SummerTime=0

[4][NativeLibrary] Timezone=60

[4][NativeLibrary] SummerTime=0

[4][NativeLibrary] Timezone=60

[4][NativeLibrary] SummerTime=0

[4][NativeLibrary] Timezone=60

[4][NativeLibrary] SummerTime=0

[4][NativeLibrary] Timezone=60

[4][NativeLibrary] SummerTime=0

[4][NativeLibrary] Timezone=60

[4][NativeLibrary] SummerTime=0

[4][NativeLibrary] Timezone=60

[4][NativeLibrary] SummerTime=0

[4][NativeLibrary] Timezone=60

[4][NativeLibrary] SummerTime=0

[4][NativeLibrary] Timezone=60

[4][NativeLibrary] SummerTime=0

[4][NativeLibrary] Timezone=60

[4][NativeLibrary] SummerTime=0

[4][NativeLibrary] Timezone=60

[4][NativeLibrary] SummerTime=0

[4][NativeLibrary] Timezone=60

[4][NativeLibrary] SummerTime=0

[4][NativeLibrary] Timezone=60

[4][NativeLibrary] SummerTime=0

[4][NativeLibrary] Timezone=60

[4][NativeLibrary] SummerTime=0

[4][NativeLibrary] Timezone=60

[4][NativeLibrary] SummerTime=0

[4][NativeLibrary] Timezone=60

[4][NativeLibrary] SummerTime=0

[4][NativeLibrary] Timezone=60

[4][NativeLibrary] SummerTime=0

[4][NativeLibrary] Timezone=60

[4][NativeLibrary] SummerTime=0

[4][NativeLibrary] Timezone=60

[4][NativeLibrary] SummerTime=0

[4][NativeLibrary] Timezone=60

[4][NativeLibrary] SummerTime=0

[4][NativeLibrary] Timezone=60

[4][NativeLibrary] SummerTime=0

[4][NativeLibrary] Timezone=60

[4][NativeLibrary] SummerTime=0

[4][NativeLibrary] Timezone=60

[4][NativeLibrary] SummerTime=0

[4][NativeLibrary] Timezone=60

[4][NativeLibrary] SummerTime=0

[4][NativeLibrary] Timezone=60

[4][NativeLibrary] SummerTime=0

[4][NativeLibrary] Timezone=60

[4][NativeLibrary] SummerTime=0

[4][NativeLibrary] Timezone=60

[4][NativeLibrary] SummerTime=0

[4][NativeLibrary] Timezone=60

[4][NativeLibrary] SummerTime=0

[4][NativeLibrary] Timezone=60

[4][NativeLibrary] SummerTime=0

[4][NativeLibrary] Timezone=60

[4][NativeLibrary] SummerTime=0

[4][NativeLibrary] Timezone=60

[4][NativeLibrary] SummerTime=0

[4][NativeLibrary] Timezone=60

[4][NativeLibrary] SummerTime=0

[4][NativeLibrary] Timezone=60

[4][NativeLibrary] SummerTime=0

[4][NativeLibrary] Timezone=60

[4][NativeLibrary] SummerTime=0

[4][NativeLibrary] Timezone=60

[4][NativeLibrary] SummerTime=0

[4][NativeLibrary] Timezone=60

[4][NativeLibrary] SummerTime=0

[4][NativeLibrary] Timezone=60

[4][NativeLibrary] SummerTime=0

[4][NativeLibrary] Timezone=60

[4][NativeLibrary] SummerTime=0

[4][NativeLibrary] Timezone=60

[4][NativeLibrary] SummerTime=0

[VK] FPS 40.7 | 24.54 ms/frame | min 21.79 max 26.34 ms | 41 framu | lsfg=0
[4][NativeLibrary] Timezone=60

[4][NativeLibrary] SummerTime=0

[4][NativeLibrary] Timezone=60

[4][NativeLibrary] SummerTime=0

[4][NativeLibrary] Timezone=60

[4][NativeLibrary] SummerTime=0

[4][NativeLibrary] Timezone=60

[4][NativeLibrary] SummerTime=0

[4][NativeLibrary] Timezone=60

[4][NativeLibrary] SummerTime=0

[4][NativeLibrary] Timezone=60

[4][NativeLibrary] SummerTime=0

[4][NativeLibrary] Timezone=60

[4][NativeLibrary] SummerTime=0

[4][NativeLibrary] Timezone=60

[4][NativeLibrary] SummerTime=0

[4][NativeLibrary] Timezone=60

[4][NativeLibrary] SummerTime=0

[4][NativeLibrary] Timezone=60

[4][NativeLibrary] SummerTime=0

[4][NativeLibrary] Timezone=60

[4][NativeLibrary] SummerTime=0

[4][NativeLibrary] Timezone=60

[4][NativeLibrary] SummerTime=0

[4][NativeLibrary] Timezone=60

[4][NativeLibrary] SummerTime=0

[4][NativeLibrary] Timezone=60

[4][NativeLibrary] SummerTime=0

[4][NativeLibrary] Timezone=60

[4][NativeLibrary] SummerTime=0

[4][NativeLibrary] Timezone=60

[4][NativeLibrary] SummerTime=0

[4][NativeLibrary] Timezone=60

[4][NativeLibrary] SummerTime=0

[4][NativeLibrary] Timezone=60

[4][NativeLibrary] SummerTime=0

[4][NativeLibrary] Timezone=60

[4][NativeLibrary] SummerTime=0

[4][NativeLibrary] Timezone=60

[4][NativeLibrary] SummerTime=0

[4][NativeLibrary] Timezone=60

[4][NativeLibrary] SummerTime=0

[4][NativeLibrary] Timezone=60

[4][NativeLibrary] SummerTime=0

[4][NativeLibrary] Timezone=60

[4][NativeLibrary] SummerTime=0

[4][NativeLibrary] Timezone=60

[4][NativeLibrary] SummerTime=0

[4][NativeLibrary] Timezone=60

[4][NativeLibrary] SummerTime=0

[4][NativeLibrary] Timezone=60

[4][NativeLibrary] SummerTime=0

[4][NativeLibrary] Timezone=60

[4][NativeLibrary] SummerTime=0

[4][NativeLibrary] Timezone=60

[4][NativeLibrary] SummerTime=0

[4][NativeLibrary] Timezone=60

[4][NativeLibrary] SummerTime=0

[4][NativeLibrary] Timezone=60

[4][NativeLibrary] SummerTime=0

[4][NativeLibrary] Timezone=60

[4][NativeLibrary] SummerTime=0

[4][NativeLibrary] Timezone=60

[4][NativeLibrary] SummerTime=0

[4][NativeLibrary] Timezone=60

[4][NativeLibrary] SummerTime=0

[4][NativeLibrary] Timezone=60

[4][NativeLibrary] SummerTime=0

[4][NativeLibrary] Timezone=60

[4][NativeLibrary] SummerTime=0

[4][NativeLibrary] Timezone=60

[4][NativeLibrary] SummerTime=0

[4][NativeLibrary] Timezone=60

[4][NativeLibrary] SummerTime=0

[4][NativeLibrary] Timezone=60

[4][NativeLibrary] SummerTime=0

[4][NativeLibrary] Timezone=60

[4][NativeLibrary] SummerTime=0

[4][NativeLibrary] Timezone=60

[4][NativeLibrary] SummerTime=0

[4][NativeLibrary] Timezone=60

[4][NativeLibrary] SummerTime=0

[4][NativeLibrary] Timezone=60

[4][NativeLibrary] SummerTime=0

[VK] FPS 41.9 | 23.88 ms/frame | min 21.82 max 29.13 ms | 42 framu | lsfg=0
[4][NativeLibrary] Timezone=60

[4][NativeLibrary] SummerTime=0

[4][NativeLibrary] Timezone=60

[4][NativeLibrary] SummerTime=0

[4][NativeLibrary] Timezone=60

[4][NativeLibrary] SummerTime=0

[4][NativeLibrary] Timezone=60

[4][NativeLibrary] SummerTime=0

[4][NativeLibrary] Timezone=60

[4][NativeLibrary] SummerTime=0

[4][NativeLibrary] Timezone=60

[4][NativeLibrary] SummerTime=0

[4][NativeLibrary] Timezone=60

[4][NativeLibrary] SummerTime=0

[4][NativeLibrary] Timezone=60

[4][NativeLibrary] SummerTime=0

[4][NativeLibrary] Timezone=60

[4][NativeLibrary] SummerTime=0

[4][NativeLibrary] Timezone=60

[4][NativeLibrary] SummerTime=0

[4][NativeLibrary] Timezone=60

[4][NativeLibrary] SummerTime=0

[4][NativeLibrary] Timezone=60

[4][NativeLibrary] SummerTime=0

[4][NativeLibrary] Timezone=60

[4][NativeLibrary] SummerTime=0

[4][NativeLibrary] Timezone=60

[4][NativeLibrary] SummerTime=0

[4][NativeLibrary] Timezone=60

[4][NativeLibrary] SummerTime=0

[4][NativeLibrary] Timezone=60

[4][NativeLibrary] SummerTime=0

[4][NativeLibrary] Timezone=60

[4][NativeLibrary] SummerTime=0

[4][NativeLibrary] Timezone=60

[4][NativeLibrary] SummerTime=0

[4][NativeLibrary] Timezone=60

[4][NativeLibrary] SummerTime=0

[4][NativeLibrary] Timezone=60

[4][NativeLibrary] SummerTime=0

[4][NativeLibrary] Timezone=60

[4][NativeLibrary] SummerTime=0

[4][NativeLibrary] Timezone=60

[4][NativeLibrary] SummerTime=0

[4][NativeLibrary] Timezone=60

[4][NativeLibrary] SummerTime=0

[4][NativeLibrary] Timezone=60

[4][NativeLibrary] SummerTime=0

[4][NativeLibrary] Timezone=60

[4][NativeLibrary] SummerTime=0

[4][NativeLibrary] Timezone=60

[4][NativeLibrary] SummerTime=0

[4][NativeLibrary] Timezone=60

[4][NativeLibrary] SummerTime=0

[4][NativeLibrary] Timezone=60

[4][NativeLibrary] SummerTime=0

[4][NativeLibrary] Timezone=60

[4][NativeLibrary] SummerTime=0

[4][NativeLibrary] Timezone=60

[4][NativeLibrary] SummerTime=0

[4][NativeLibrary] Timezone=60

[4][NativeLibrary] SummerTime=0

[4][NativeLibrary] Timezone=60

[4][NativeLibrary] SummerTime=0

[4][NativeLibrary] Timezone=60

[4][NativeLibrary] SummerTime=0

[4][NativeLibrary] Timezone=60

[4][NativeLibrary] SummerTime=0

[4][NativeLibrary] Timezone=60

[4][NativeLibrary] SummerTime=0

[4][NativeLibrary] Timezone=60

[4][NativeLibrary] SummerTime=0

[4][NativeLibrary] Timezone=60

[4][NativeLibrary] SummerTime=0

[4][NativeLibrary] Timezone=60

[4][NativeLibrary] SummerTime=0

[4][NativeLibrary] Timezone=60

[4][NativeLibrary] SummerTime=0

[4][NativeLibrary] Timezone=60

[4][NativeLibrary] SummerTime=0

[4][NativeLibrary] Timezone=60

[4][NativeLibrary] SummerTime=0

[VK] FPS 40.5 | 24.66 ms/frame | min 20.08 max 59.82 ms | 41 framu | lsfg=0
[4][NativeLibrary] Timezone=60

[4][NativeLibrary] SummerTime=0

[4][NativeLibrary] Timezone=60

[4][NativeLibrary] SummerTime=0

[4][NativeLibrary] Timezone=60

[4][NativeLibrary] SummerTime=0

[4][NativeLibrary] Timezone=60

[4][NativeLibrary] SummerTime=0

[4][NativeLibrary] Timezone=60

[4][NativeLibrary] SummerTime=0

[4][NativeLibrary] Timezone=60

[4][NativeLibrary] SummerTime=0

[4][NativeLibrary] Timezone=60

[4][NativeLibrary] SummerTime=0

[4][NativeLibrary] Timezone=60

[4][NativeLibrary] SummerTime=0

[4][NativeLibrary] Timezone=60

[4][NativeLibrary] SummerTime=0

[4][NativeLibrary] Timezone=60

[4][NativeLibrary] SummerTime=0

[4][NativeLibrary] Timezone=60

[4][NativeLibrary] SummerTime=0

[4][NativeLibrary] Timezone=60

[4][NativeLibrary] SummerTime=0

[4][NativeLibrary] Timezone=60

[4][NativeLibrary] SummerTime=0

[4][NativeLibrary] Timezone=60

[4][NativeLibrary] SummerTime=0

[4][NativeLibrary] Timezone=60

[4][NativeLibrary] SummerTime=0

[4][NativeLibrary] Timezone=60

[4][NativeLibrary] SummerTime=0

[4][NativeLibrary] Timezone=60

[4][NativeLibrary] SummerTime=0

[4][NativeLibrary] Timezone=60

[4][NativeLibrary] SummerTime=0

[4][NativeLibrary] Timezone=60

[4][NativeLibrary] SummerTime=0

[4][NativeLibrary] Timezone=60

[4][NativeLibrary] SummerTime=0

[4][NativeLibrary] Timezone=60

[4][NativeLibrary] SummerTime=0

[4][NativeLibrary] Timezone=60

[4][NativeLibrary] SummerTime=0

[4][NativeLibrary] Timezone=60

[4][NativeLibrary] SummerTime=0

[4][NativeLibrary] Timezone=60

[4][NativeLibrary] SummerTime=0

[4][NativeLibrary] Timezone=60

[4][NativeLibrary] SummerTime=0

[4][NativeLibrary] Timezone=60

[4][NativeLibrary] SummerTime=0

[4][NativeLibrary] Timezone=60

[4][NativeLibrary] SummerTime=0

[4][NativeLibrary] Timezone=60

[4][NativeLibrary] SummerTime=0

[4][NativeLibrary] Timezone=60

[4][NativeLibrary] SummerTime=0

[4][NativeLibrary] Timezone=60

[4][NativeLibrary] SummerTime=0

[4][NativeLibrary] Timezone=60

[4][NativeLibrary] SummerTime=0

[4][NativeLibrary] Timezone=60

[4][NativeLibrary] SummerTime=0

[4][NativeLibrary] Timezone=60

[4][NativeLibrary] SummerTime=0

[4][NativeLibrary] Timezone=60

[4][NativeLibrary] SummerTime=0

[4][NativeLibrary] Timezone=60

[4][NativeLibrary] SummerTime=0

[4][NativeLibrary] Timezone=60

[4][NativeLibrary] SummerTime=0

[4][NativeLibrary] Timezone=60

[4][NativeLibrary] SummerTime=0

[4][NativeLibrary] Timezone=60

[4][NativeLibrary] SummerTime=0

[4][NativeLibrary] Timezone=60

[4][NativeLibrary] SummerTime=0

[4][NativeLibrary] Timezone=60

[4][NativeLibrary] SummerTime=0

[4][NativeLibrary] Timezone=60

[4][NativeLibrary] SummerTime=0

[4][NativeLibrary] Timezone=60

[4][NativeLibrary] SummerTime=0

[4][NativeLibrary] Timezone=60

[4][NativeLibrary] SummerTime=0

[4][NativeLibrary] Timezone=60

[4][NativeLibrary] SummerTime=0

[VK] FPS 43.0 | 23.25 ms/frame | min 19.20 max 44.40 ms | 44 framu | lsfg=0
[4][NativeLibrary] Timezone=60

[4][NativeLibrary] SummerTime=0

[4][NativeLibrary] Timezone=60

[4][NativeLibrary] SummerTime=0

[4][NativeLibrary] Timezone=60

[4][NativeLibrary] SummerTime=0

[4][NativeLibrary] Timezone=60

[4][NativeLibrary] SummerTime=0

[4][NativeLibrary] Timezone=60

[4][NativeLibrary] SummerTime=0

[4][NativeLibrary] Timezone=60

[4][NativeLibrary] SummerTime=0

[4][NativeLibrary] Timezone=60

[4][NativeLibrary] SummerTime=0

[4][NativeLibrary] Timezone=60

[4][NativeLibrary] SummerTime=0

[4][NativeLibrary] Timezone=60

[4][NativeLibrary] SummerTime=0

[4][NativeLibrary] Timezone=60

[4][NativeLibrary] SummerTime=0

[4][NativeLibrary] Timezone=60

[4][NativeLibrary] SummerTime=0

[4][NativeLibrary] Timezone=60

[4][NativeLibrary] SummerTime=0

[4][NativeLibrary] Timezone=60

[4][NativeLibrary] SummerTime=0

[4][NativeLibrary] Timezone=60

[4][NativeLibrary] SummerTime=0

[4][NativeLibrary] Timezone=60

[4][NativeLibrary] SummerTime=0

[4][NativeLibrary] Timezone=60

[4][NativeLibrary] SummerTime=0

[4][NativeLibrary] Timezone=60

[4][NativeLibrary] SummerTime=0

[4][NativeLibrary] Timezone=60

[4][NativeLibrary] SummerTime=0

[4][NativeLibrary] Timezone=60

[4][NativeLibrary] SummerTime=0

[4][NativeLibrary] Timezone=60

[4][NativeLibrary] SummerTime=0

[4][NativeLibrary] Timezone=60

[4][NativeLibrary] SummerTime=0

[4][NativeLibrary] Timezone=60

[4][NativeLibrary] SummerTime=0

[4][NativeLibrary] Timezone=60

[4][NativeLibrary] SummerTime=0

[4][NativeLibrary] Timezone=60

[4][NativeLibrary] SummerTime=0

[4][NativeLibrary] Timezone=60

[4][NativeLibrary] SummerTime=0

[4][NativeLibrary] Timezone=60

[4][NativeLibrary] SummerTime=0

[4][NativeLibrary] Timezone=60

[4][NativeLibrary] SummerTime=0

[4][NativeLibrary] Timezone=60

[4][NativeLibrary] SummerTime=0

[4][NativeLibrary] Timezone=60

[4][NativeLibrary] SummerTime=0

[4][NativeLibrary] Timezone=60

[4][NativeLibrary] SummerTime=0

[4][NativeLibrary] Timezone=60

[4][NativeLibrary] SummerTime=0

[4][NativeLibrary] Timezone=60

[4][NativeLibrary] SummerTime=0

[4][NativeLibrary] Timezone=60

[4][NativeLibrary] SummerTime=0

[4][NativeLibrary] Timezone=60

[4][NativeLibrary] SummerTime=0

[4][NativeLibrary] Timezone=60

[4][NativeLibrary] SummerTime=0

[4][NativeLibrary] Timezone=60

[4][NativeLibrary] SummerTime=0

[4][NativeLibrary] Timezone=60

[4][NativeLibrary] SummerTime=0

[4][NativeLibrary] Timezone=60

[4][NativeLibrary] SummerTime=0

[4][NativeLibrary] Timezone=60

[4][NativeLibrary] SummerTime=0

[4][NativeLibrary] Timezone=60

[4][NativeLibrary] SummerTime=0

[4][NativeLibrary] Timezone=60

[4][NativeLibrary] SummerTime=0

[4][NativeLibrary] Timezone=60

[4][NativeLibrary] SummerTime=0

[VK] FPS 41.2 | 24.27 ms/frame | min 22.21 max 36.95 ms | 42 framu | lsfg=0
[4][NativeLibrary] Timezone=60

[4][NativeLibrary] SummerTime=0

[4][NativeLibrary] Timezone=60

[4][NativeLibrary] SummerTime=0

[4][NativeLibrary] Timezone=60

[4][NativeLibrary] SummerTime=0

[4][NativeLibrary] Timezone=60

[4][NativeLibrary] SummerTime=0

[4][NativeLibrary] Timezone=60

[4][NativeLibrary] SummerTime=0

[4][NativeLibrary] Timezone=60

[4][NativeLibrary] SummerTime=0

[4][NativeLibrary] Timezone=60

[4][NativeLibrary] SummerTime=0

[4][NativeLibrary] Timezone=60

[4][NativeLibrary] SummerTime=0

[4][NativeLibrary] Timezone=60

[4][NativeLibrary] SummerTime=0

[4][NativeLibrary] Timezone=60

[4][NativeLibrary] SummerTime=0

[4][NativeLibrary] Timezone=60

[4][NativeLibrary] SummerTime=0

[4][NativeLibrary] Timezone=60

[4][NativeLibrary] SummerTime=0

[4][NativeLibrary] Timezone=60

[4][NativeLibrary] SummerTime=0

[4][NativeLibrary] Timezone=60

[4][NativeLibrary] SummerTime=0

[4][NativeLibrary] Timezone=60

[4][NativeLibrary] SummerTime=0

[4][NativeLibrary] Timezone=60

[4][NativeLibrary] SummerTime=0

[4][NativeLibrary] Timezone=60

[4][NativeLibrary] SummerTime=0

[4][NativeLibrary] Timezone=60

[4][NativeLibrary] SummerTime=0

[4][NativeLibrary] Timezone=60

[4][NativeLibrary] SummerTime=0

[4][NativeLibrary] Timezone=60

[4][NativeLibrary] SummerTime=0

[4][NativeLibrary] Timezone=60

[4][NativeLibrary] SummerTime=0

[4][NativeLibrary] Timezone=60

[4][NativeLibrary] SummerTime=0

[4][NativeLibrary] Timezone=60

[4][NativeLibrary] SummerTime=0

[4][NativeLibrary] Timezone=60

[4][NativeLibrary] SummerTime=0

[4][NativeLibrary] Timezone=60

[4][NativeLibrary] SummerTime=0

[4][NativeLibrary] Timezone=60

[4][NativeLibrary] SummerTime=0

[4][NativeLibrary] Timezone=60

[4][NativeLibrary] SummerTime=0

[4][NativeLibrary] Timezone=60

[4][NativeLibrary] SummerTime=0

[4][NativeLibrary] Timezone=60

[4][NativeLibrary] SummerTime=0

[4][NativeLibrary] Timezone=60

[4][NativeLibrary] SummerTime=0

[4][NativeLibrary] Timezone=60

[4][NativeLibrary] SummerTime=0

[4][NativeLibrary] Timezone=60

[4][NativeLibrary] SummerTime=0

[4][NativeLibrary] Timezone=60

[4][NativeLibrary] SummerTime=0

[4][NativeLibrary] Timezone=60

[4][NativeLibrary] SummerTime=0

[4][NativeLibrary] Timezone=60

[4][NativeLibrary] SummerTime=0

[4][NativeLibrary] Timezone=60

[4][NativeLibrary] SummerTime=0

[4][NativeLibrary] Timezone=60

[4][NativeLibrary] SummerTime=0

[4][NativeLibrary] Timezone=60

[4][NativeLibrary] SummerTime=0

[4][NativeLibrary] Timezone=60

[4][NativeLibrary] SummerTime=0

[4][NativeLibrary] Timezone=60

[4][NativeLibrary] SummerTime=0

[4][NativeLibrary] Timezone=60

[4][NativeLibrary] SummerTime=0

[4][NativeLibrary] Timezone=60

[4][NativeLibrary] SummerTime=0

[4][NativeLibrary] Timezone=60

[4][NativeLibrary] SummerTime=0

[VK] FPS 42.5 | 23.54 ms/frame | min 18.32 max 34.51 ms | 43 framu | lsfg=0
[4][NativeLibrary] Timezone=60

[4][NativeLibrary] SummerTime=0

[4][NativeLibrary] Timezone=60

[4][NativeLibrary] SummerTime=0

[4][NativeLibrary] Timezone=60

[4][NativeLibrary] SummerTime=0

[4][NativeLibrary] Timezone=60

[4][NativeLibrary] SummerTime=0

[4][NativeLibrary] Timezone=60

[4][NativeLibrary] SummerTime=0

[4][NativeLibrary] Timezone=60

[4][NativeLibrary] SummerTime=0

[4][NativeLibrary] Timezone=60

[4][NativeLibrary] SummerTime=0

[4][NativeLibrary] Timezone=60

[4][NativeLibrary] SummerTime=0

[4][NativeLibrary] Timezone=60

[4][NativeLibrary] SummerTime=0

[4][NativeLibrary] Timezone=60

[4][NativeLibrary] SummerTime=0

[4][NativeLibrary] Timezone=60

[4][NativeLibrary] SummerTime=0

[4][NativeLibrary] Timezone=60

[4][NativeLibrary] SummerTime=0

[4][NativeLibrary] Timezone=60

[4][NativeLibrary] SummerTime=0

[4][NativeLibrary] Timezone=60

[4][NativeLibrary] SummerTime=0

[4][NativeLibrary] Timezone=60

[4][NativeLibrary] SummerTime=0

[4][NativeLibrary] Timezone=60

[4][NativeLibrary] SummerTime=0

[4][NativeLibrary] Timezone=60

[4][NativeLibrary] SummerTime=0

[4][NativeLibrary] Timezone=60

[4][NativeLibrary] SummerTime=0

[4][NativeLibrary] Timezone=60

[4][NativeLibrary] SummerTime=0

[4][NativeLibrary] Timezone=60

[4][NativeLibrary] SummerTime=0

[4][NativeLibrary] Timezone=60

[4][NativeLibrary] SummerTime=0

[4][NativeLibrary] Timezone=60

[4][NativeLibrary] SummerTime=0

[4][NativeLibrary] Timezone=60

[4][NativeLibrary] SummerTime=0

[4][NativeLibrary] Timezone=60

[4][NativeLibrary] SummerTime=0

[4][NativeLibrary] Timezone=60

[4][NativeLibrary] SummerTime=0

[4][NativeLibrary] Timezone=60

[4][NativeLibrary] SummerTime=0

[4][NativeLibrary] Timezone=60

[4][NativeLibrary] SummerTime=0

[4][NativeLibrary] Timezone=60

[4][NativeLibrary] SummerTime=0

[4][NativeLibrary] Timezone=60

[4][NativeLibrary] SummerTime=0

[4][NativeLibrary] Timezone=60

[4][NativeLibrary] SummerTime=0

[4][NativeLibrary] Timezone=60

[4][NativeLibrary] SummerTime=0

[4][NativeLibrary] Timezone=60

[4][NativeLibrary] SummerTime=0

[4][NativeLibrary] Timezone=60

[4][NativeLibrary] SummerTime=0

[4][NativeLibrary] Timezone=60

[4][NativeLibrary] SummerTime=0

[4][NativeLibrary] Timezone=60

[4][NativeLibrary] SummerTime=0

[4][NativeLibrary] Timezone=60

[4][NativeLibrary] SummerTime=0

[4][NativeLibrary] Timezone=60

[4][NativeLibrary] SummerTime=0

[4][NativeLibrary] Timezone=60

[4][NativeLibrary] SummerTime=0

[VK] FPS 37.8 | 26.48 ms/frame | min 20.70 max 30.75 ms | 38 framu | lsfg=0
[4][NativeLibrary] Timezone=60

[4][NativeLibrary] SummerTime=0

[4][NativeLibrary] Timezone=60

[4][NativeLibrary] SummerTime=0

[4][NativeLibrary] Timezone=60

[4][NativeLibrary] SummerTime=0

[4][NativeLibrary] Timezone=60

[4][NativeLibrary] SummerTime=0

[4][NativeLibrary] Timezone=60

[4][NativeLibrary] SummerTime=0

[4][NativeLibrary] Timezone=60

[4][NativeLibrary] SummerTime=0

[4][NativeLibrary] Timezone=60

[4][NativeLibrary] SummerTime=0

[4][NativeLibrary] Timezone=60

[4][NativeLibrary] SummerTime=0

[4][NativeLibrary] Timezone=60

[4][NativeLibrary] SummerTime=0

[4][NativeLibrary] Timezone=60

[4][NativeLibrary] SummerTime=0

[4][NativeLibrary] Timezone=60

[4][NativeLibrary] SummerTime=0

[4][NativeLibrary] Timezone=60

[4][NativeLibrary] SummerTime=0

[4][NativeLibrary] Timezone=60

[4][NativeLibrary] SummerTime=0

[4][NativeLibrary] Timezone=60

[4][NativeLibrary] SummerTime=0

[4][NativeLibrary] Timezone=60

[4][NativeLibrary] SummerTime=0

[4][NativeLibrary] Timezone=60

[4][NativeLibrary] SummerTime=0

[4][NativeLibrary] Timezone=60

[4][NativeLibrary] SummerTime=0

[4][NativeLibrary] Timezone=60

[4][NativeLibrary] SummerTime=0

[4][NativeLibrary] Timezone=60

[4][NativeLibrary] SummerTime=0

[4][NativeLibrary] Timezone=60

[4][NativeLibrary] SummerTime=0

[4][NativeLibrary] Timezone=60

[4][NativeLibrary] SummerTime=0

[4][NativeLibrary] Timezone=60

[4][NativeLibrary] SummerTime=0

[4][NativeLibrary] Timezone=60

[4][NativeLibrary] SummerTime=0

[4][NativeLibrary] Timezone=60

[4][NativeLibrary] SummerTime=0

[4][NativeLibrary] Timezone=60

[4][NativeLibrary] SummerTime=0

[4][NativeLibrary] Timezone=60

[4][NativeLibrary] SummerTime=0

[4][NativeLibrary] Timezone=60

[4][NativeLibrary] SummerTime=0

[4][NativeLibrary] Timezone=60

[4][NativeLibrary] SummerTime=0

[4][NativeLibrary] Timezone=60

[4][NativeLibrary] SummerTime=0

[4][NativeLibrary] Timezone=60

[4][NativeLibrary] SummerTime=0

[4][NativeLibrary] Timezone=60

[4][NativeLibrary] SummerTime=0

[4][NativeLibrary] Timezone=60

[4][NativeLibrary] SummerTime=0

[4][NativeLibrary] Timezone=60

[4][NativeLibrary] SummerTime=0

[4][NativeLibrary] Timezone=60

[4][NativeLibrary] SummerTime=0

[4][NativeLibrary] Timezone=60

[4][NativeLibrary] SummerTime=0

[4][NativeLibrary] Timezone=60

[4][NativeLibrary] SummerTime=0

[4][NativeLibrary] Timezone=60

[4][NativeLibrary] SummerTime=0

[4][NativeLibrary] Timezone=60

[4][NativeLibrary] SummerTime=0

[VK] FPS 37.5 | 26.68 ms/frame | min 22.84 max 37.12 ms | 38 framu | lsfg=0
[4][NativeLibrary] Timezone=60

[4][NativeLibrary] SummerTime=0

[4][NativeLibrary] Timezone=60

[4][NativeLibrary] SummerTime=0

[4][NativeLibrary] Timezone=60

[4][NativeLibrary] SummerTime=0

[4][NativeLibrary] Timezone=60

[4][NativeLibrary] SummerTime=0

[4][NativeLibrary] Timezone=60

[4][NativeLibrary] SummerTime=0

[4][NativeLibrary] Timezone=60

[4][NativeLibrary] SummerTime=0

[4][NativeLibrary] Timezone=60

[4][NativeLibrary] SummerTime=0

[4][NativeLibrary] Timezone=60

[4][NativeLibrary] SummerTime=0

[4][NativeLibrary] Timezone=60

[4][NativeLibrary] SummerTime=0

[4][NativeLibrary] Timezone=60

[4][NativeLibrary] SummerTime=0

[4][NativeLibrary] Timezone=60

[4][NativeLibrary] SummerTime=0

[4][NativeLibrary] Timezone=60

[4][NativeLibrary] SummerTime=0

[4][NativeLibrary] Timezone=60

[4][NativeLibrary] SummerTime=0

[4][NativeLibrary] Timezone=60

[4][NativeLibrary] SummerTime=0

[4][NativeLibrary] Timezone=60

[4][NativeLibrary] SummerTime=0

[4][NativeLibrary] Timezone=60

[4][NativeLibrary] SummerTime=0

[4][NativeLibrary] Timezone=60

[4][NativeLibrary] SummerTime=0

[4][NativeLibrary] Timezone=60

[4][NativeLibrary] SummerTime=0

[4][NativeLibrary] Timezone=60

[4][NativeLibrary] SummerTime=0

[4][NativeLibrary] Timezone=60

[4][NativeLibrary] SummerTime=0

[4][NativeLibrary] Timezone=60

[4][NativeLibrary] SummerTime=0

[4][NativeLibrary] Timezone=60

[4][NativeLibrary] SummerTime=0

[4][NativeLibrary] Timezone=60

[4][NativeLibrary] SummerTime=0

[4][NativeLibrary] Timezone=60

[4][NativeLibrary] SummerTime=0

[4][NativeLibrary] Timezone=60

[4][NativeLibrary] SummerTime=0

[4][NativeLibrary] Timezone=60

[4][NativeLibrary] SummerTime=0

[4][NativeLibrary] Timezone=60

[4][NativeLibrary] SummerTime=0

[4][NativeLibrary] Timezone=60

[4][NativeLibrary] SummerTime=0

[4][NativeLibrary] Timezone=60

[4][NativeLibrary] SummerTime=0

[4][NativeLibrary] Timezone=60

[4][NativeLibrary] SummerTime=0

[VK] FPS 29.4 | 33.96 ms/frame | min 20.55 max 331.31 ms | 30 framu | lsfg=0
[4][NativeLibrary] Timezone=60

[4][NativeLibrary] SummerTime=0

[4][NativeLibrary] Timezone=60

[4][NativeLibrary] SummerTime=0

[4][NativeLibrary] Timezone=60

[4][NativeLibrary] SummerTime=0

[4][NativeLibrary] Timezone=60

[4][NativeLibrary] SummerTime=0

[4][NativeLibrary] Timezone=60

[4][NativeLibrary] SummerTime=0

[4][NativeLibrary] Timezone=60

[4][NativeLibrary] SummerTime=0

[4][NativeLibrary] Timezone=60

[4][NativeLibrary] SummerTime=0

[4][NativeLibrary] Timezone=60

[4][NativeLibrary] SummerTime=0

[4][NativeLibrary] Timezone=60

[4][NativeLibrary] SummerTime=0

[4][NativeLibrary] Timezone=60

[4][NativeLibrary] SummerTime=0

[VK] FPS 8.7 | 114.58 ms/frame | min 10.96 max 696.23 ms | 9 framu | lsfg=0
[4][NativeLibrary] Timezone=60

[4][NativeLibrary] SummerTime=0

[4][NativeLibrary] Timezone=60

[4][NativeLibrary] SummerTime=0

[4][NativeLibrary] Timezone=60

[4][NativeLibrary] SummerTime=0

[4][NativeLibrary] Timezone=60

[4][NativeLibrary] SummerTime=0

[4][NativeLibrary] Timezone=60

[4][NativeLibrary] SummerTime=0

[4][NativeLibrary] Timezone=60

[4][NativeLibrary] SummerTime=0

[4][NativeLibrary] Timezone=60

[4][NativeLibrary] SummerTime=0

[4][NativeLibrary] Timezone=60

[4][NativeLibrary] SummerTime=0

[4][NativeLibrary] Timezone=60

[4][NativeLibrary] SummerTime=0

[4][NativeLibrary] Timezone=60

[4][NativeLibrary] SummerTime=0

[4][NativeLibrary] Timezone=60

[4][NativeLibrary] SummerTime=0

[4][NativeLibrary] Timezone=60

[4][NativeLibrary] SummerTime=0

[4][NativeLibrary] Timezone=60

[4][NativeLibrary] SummerTime=0

[4][NativeLibrary] Timezone=60

[4][NativeLibrary] SummerTime=0

[4][NativeLibrary] Timezone=60

[4][NativeLibrary] SummerTime=0

[4][NativeLibrary] Timezone=60

[4][NativeLibrary] SummerTime=0

[4][NativeLibrary] Timezone=60

[4][NativeLibrary] SummerTime=0

[4][NativeLibrary] Timezone=60

[4][NativeLibrary] SummerTime=0

[4][NativeLibrary] Timezone=60

[4][NativeLibrary] SummerTime=0

[4][NativeLibrary] Timezone=60

[4][NativeLibrary] SummerTime=0

[4][NativeLibrary] Timezone=60

[4][NativeLibrary] SummerTime=0

[4][NativeLibrary] Timezone=60

[4][NativeLibrary] SummerTime=0

[4][NativeLibrary] Timezone=60

[4][NativeLibrary] SummerTime=0

[4][NativeLibrary] Timezone=60

[4][NativeLibrary] SummerTime=0

[4][NativeLibrary] Timezone=60

[4][NativeLibrary] SummerTime=0

[4][NativeLibrary] Timezone=60

[4][NativeLibrary] SummerTime=0

[4][NativeLibrary] Timezone=60

[4][NativeLibrary] SummerTime=0

[4][NativeLibrary] Timezone=60

[4][NativeLibrary] SummerTime=0

[4][NativeLibrary] Timezone=60

[4][NativeLibrary] SummerTime=0

[4][NativeLibrary] Timezone=60

[4][NativeLibrary] SummerTime=0

[4][NativeLibrary] Timezone=60

[4][NativeLibrary] SummerTime=0

[4][NativeLibrary] Timezone=60

[4][NativeLibrary] SummerTime=0

[VK] FPS 32.2 | 31.06 ms/frame | min 27.92 max 44.11 ms | 33 framu | lsfg=0
[4][NativeLibrary] Timezone=60

[4][NativeLibrary] SummerTime=0

[4][NativeLibrary] Timezone=60

[4][NativeLibrary] SummerTime=0

[4][NativeLibrary] Timezone=60

[4][NativeLibrary] SummerTime=0

[4][NativeLibrary] Timezone=60

[4][NativeLibrary] SummerTime=0

[4][NativeLibrary] Timezone=60

[4][NativeLibrary] SummerTime=0

[4][NativeLibrary] Timezone=60

[4][NativeLibrary] SummerTime=0

[4][NativeLibrary] Timezone=60

[4][NativeLibrary] SummerTime=0

[4][NativeLibrary] Timezone=60

[4][NativeLibrary] SummerTime=0

[4][NativeLibrary] Timezone=60

[4][NativeLibrary] SummerTime=0

[4][NativeLibrary] Timezone=60

[4][NativeLibrary] SummerTime=0

[4][NativeLibrary] Timezone=60

[4][NativeLibrary] SummerTime=0

[4][NativeLibrary] Timezone=60

[4][NativeLibrary] SummerTime=0

[4][NativeLibrary] Timezone=60

[4][NativeLibrary] SummerTime=0

[4][NativeLibrary] Timezone=60

[4][NativeLibrary] SummerTime=0

[4][NativeLibrary] Timezone=60

[4][NativeLibrary] SummerTime=0

[4][NativeLibrary] Timezone=60

[4][NativeLibrary] SummerTime=0

[4][NativeLibrary] Timezone=60

[4][NativeLibrary] SummerTime=0

[4][NativeLibrary] Timezone=60

[4][NativeLibrary] SummerTime=0

[4][NativeLibrary] Timezone=60

[4][NativeLibrary] SummerTime=0

[4][NativeLibrary] Timezone=60

[4][NativeLibrary] SummerTime=0

[4][NativeLibrary] Timezone=60

[4][NativeLibrary] SummerTime=0

[4][NativeLibrary] Timezone=60

[4][NativeLibrary] SummerTime=0

[4][NativeLibrary] Timezone=60

[4][NativeLibrary] SummerTime=0

[4][NativeLibrary] Timezone=60

[4][NativeLibrary] SummerTime=0

[4][NativeLibrary] Timezone=60

[4][NativeLibrary] SummerTime=0

[4][NativeLibrary] Timezone=60

[4][NativeLibrary] SummerTime=0

[4][NativeLibrary] Timezone=60

[4][NativeLibrary] SummerTime=0

[4][NativeLibrary] Timezone=60

[4][NativeLibrary] SummerTime=0

[4][NativeLibrary] Timezone=60

[4][NativeLibrary] SummerTime=0

[4][NativeLibrary] Timezone=60

[4][NativeLibrary] SummerTime=0

[4][NativeLibrary] Timezone=60

[4][NativeLibrary] SummerTime=0

[4][NativeLibrary] Timezone=60

[4][NativeLibrary] SummerTime=0

[4][NativeLibrary] Timezone=60

[4][NativeLibrary] SummerTime=0

[4][NativeLibrary] Timezone=60

[4][NativeLibrary] SummerTime=0

[VK] FPS 30.7 | 32.53 ms/frame | min 22.77 max 132.26 ms | 34 framu | lsfg=0
[4][NativeLibrary] Timezone=60

[4][NativeLibrary] SummerTime=0

[4][NativeLibrary] Timezone=60

[4][NativeLibrary] SummerTime=0

[4][NativeLibrary] Timezone=60

[4][NativeLibrary] SummerTime=0

[4][NativeLibrary] Timezone=60

[4][NativeLibrary] SummerTime=0

[4][NativeLibrary] Timezone=60

[4][NativeLibrary] SummerTime=0

[4][NativeLibrary] Timezone=60

[4][NativeLibrary] SummerTime=0

[4][NativeLibrary] Timezone=60

[4][NativeLibrary] SummerTime=0

[4][NativeLibrary] Timezone=60

[4][NativeLibrary] SummerTime=0

[4][NativeLibrary] Timezone=60

[4][NativeLibrary] SummerTime=0

[4][NativeLibrary] Timezone=60

[4][NativeLibrary] SummerTime=0

[4][NativeLibrary] Timezone=60

[4][NativeLibrary] SummerTime=0

[4][NativeLibrary] Timezone=60

[4][NativeLibrary] SummerTime=0

[4][NativeLibrary] Timezone=60

[4][NativeLibrary] SummerTime=0

[4][NativeLibrary] Timezone=60

[4][NativeLibrary] SummerTime=0

[4][NativeLibrary] Timezone=60

[4][NativeLibrary] SummerTime=0

[4][NativeLibrary] Timezone=60

[4][NativeLibrary] SummerTime=0

[4][NativeLibrary] Timezone=60

[4][NativeLibrary] SummerTime=0

[4][NativeLibrary] Timezone=60

[4][NativeLibrary] SummerTime=0

[4][NativeLibrary] Timezone=60

[4][NativeLibrary] SummerTime=0

[4][NativeLibrary] Timezone=60

[4][NativeLibrary] SummerTime=0

[4][NativeLibrary] Timezone=60

[4][NativeLibrary] SummerTime=0

[4][NativeLibrary] Timezone=60

[4][NativeLibrary] SummerTime=0

[4][NativeLibrary] Timezone=60

[4][NativeLibrary] SummerTime=0

[4][NativeLibrary] Timezone=60

[4][NativeLibrary] SummerTime=0

[4][NativeLibrary] Timezone=60

[4][NativeLibrary] SummerTime=0

[4][NativeLibrary] Timezone=60

[4][NativeLibrary] SummerTime=0

[4][NativeLibrary] Timezone=60

[4][NativeLibrary] SummerTime=0

[4][NativeLibrary] Timezone=60

[4][NativeLibrary] SummerTime=0

[4][NativeLibrary] Timezone=60

[4][NativeLibrary] SummerTime=0

[VK] FPS 28.5 | 35.15 ms/frame | min 7.27 max 42.24 ms | 29 framu | lsfg=0
[4][NativeLibrary] Timezone=60

[4][NativeLibrary] SummerTime=0

[4][NativeLibrary] Timezone=60

[4][NativeLibrary] SummerTime=0

[4][NativeLibrary] Timezone=60

[4][NativeLibrary] SummerTime=0

[4][NativeLibrary] Timezone=60

[4][NativeLibrary] SummerTime=0

[4][NativeLibrary] Timezone=60

[4][NativeLibrary] SummerTime=0

[4][NativeLibrary] Timezone=60

[4][NativeLibrary] SummerTime=0

[4][NativeLibrary] Timezone=60

[4][NativeLibrary] SummerTime=0

[4][NativeLibrary] Timezone=60

[4][NativeLibrary] SummerTime=0

[4][NativeLibrary] Timezone=60

[4][NativeLibrary] SummerTime=0

[4][NativeLibrary] Timezone=60

[4][NativeLibrary] SummerTime=0

[4][NativeLibrary] Timezone=60

[4][NativeLibrary] SummerTime=0

[4][NativeLibrary] Timezone=60

[4][NativeLibrary] SummerTime=0

[4][NativeLibrary] Timezone=60

[4][NativeLibrary] SummerTime=0

[4][NativeLibrary] Timezone=60

[4][NativeLibrary] SummerTime=0

[4][NativeLibrary] Timezone=60

[4][NativeLibrary] SummerTime=0

[4][NativeLibrary] Timezone=60

[4][NativeLibrary] SummerTime=0

[4][NativeLibrary] Timezone=60

[4][NativeLibrary] SummerTime=0

[4][NativeLibrary] Timezone=60

[4][NativeLibrary] SummerTime=0

[4][NativeLibrary] Timezone=60

[4][NativeLibrary] SummerTime=0

[4][NativeLibrary] Timezone=60

[4][NativeLibrary] SummerTime=0

[4][NativeLibrary] Timezone=60

[4][NativeLibrary] SummerTime=0

[4][NativeLibrary] Timezone=60

[4][NativeLibrary] SummerTime=0

[4][NativeLibrary] Timezone=60

[4][NativeLibrary] SummerTime=0

[4][NativeLibrary] Timezone=60

[4][NativeLibrary] SummerTime=0

[4][NativeLibrary] Timezone=60

[4][NativeLibrary] SummerTime=0

[4][NativeLibrary] Timezone=60

[4][NativeLibrary] SummerTime=0

[4][NativeLibrary] Timezone=60

[4][NativeLibrary] SummerTime=0

[4][NativeLibrary] Timezone=60

[4][NativeLibrary] SummerTime=0

[4][NativeLibrary] Timezone=60

[4][NativeLibrary] SummerTime=0

[VK] FPS 27.8 | 35.97 ms/frame | min 20.79 max 58.90 ms | 29 framu | lsfg=0
[4][NativeLibrary] Timezone=60

[4][NativeLibrary] SummerTime=0

[4][NativeLibrary] Timezone=60

[4][NativeLibrary] SummerTime=0

[4][NativeLibrary] Timezone=60

[4][NativeLibrary] SummerTime=0

[4][NativeLibrary] Timezone=60

[4][NativeLibrary] SummerTime=0

[4][NativeLibrary] Timezone=60

[4][NativeLibrary] SummerTime=0

[4][NativeLibrary] Timezone=60

[4][NativeLibrary] SummerTime=0

[4][NativeLibrary] Timezone=60

[4][NativeLibrary] SummerTime=0

[4][NativeLibrary] Timezone=60

[4][NativeLibrary] SummerTime=0

[4][NativeLibrary] Timezone=60

[4][NativeLibrary] SummerTime=0

[4][NativeLibrary] Timezone=60

[4][NativeLibrary] SummerTime=0

[4][NativeLibrary] Timezone=60

[4][NativeLibrary] SummerTime=0

[4][NativeLibrary] Timezone=60

[4][NativeLibrary] SummerTime=0

[4][NativeLibrary] Timezone=60

[4][NativeLibrary] SummerTime=0

[4][NativeLibrary] Timezone=60

[4][NativeLibrary] SummerTime=0

[4][NativeLibrary] Timezone=60

[4][NativeLibrary] SummerTime=0

[4][NativeLibrary] Timezone=60

[4][NativeLibrary] SummerTime=0

[4][NativeLibrary] Timezone=60

[4][NativeLibrary] SummerTime=0

[4][NativeLibrary] Timezone=60

[4][NativeLibrary] SummerTime=0

[4][NativeLibrary] Timezone=60

[4][NativeLibrary] SummerTime=0

[4][NativeLibrary] Timezone=60

[4][NativeLibrary] SummerTime=0

[4][NativeLibrary] Timezone=60

[4][NativeLibrary] SummerTime=0

[4][NativeLibrary] Timezone=60

[4][NativeLibrary] SummerTime=0

[4][NativeLibrary] Timezone=60

[4][NativeLibrary] SummerTime=0

[4][NativeLibrary] Timezone=60

[4][NativeLibrary] SummerTime=0

[VK] FPS 23.5 | 42.55 ms/frame | min 31.94 max 52.87 ms | 24 framu | lsfg=0
[4][NativeLibrary] Timezone=60

[4][NativeLibrary] SummerTime=0

[4][NativeLibrary] Timezone=60

[4][NativeLibrary] SummerTime=0

[4][NativeLibrary] Timezone=60

[4][NativeLibrary] SummerTime=0

[4][NativeLibrary] Timezone=60

[4][NativeLibrary] SummerTime=0

[4][NativeLibrary] Timezone=60

[4][NativeLibrary] SummerTime=0

[4][NativeLibrary] Timezone=60

[4][NativeLibrary] SummerTime=0

[4][NativeLibrary] Timezone=60

[4][NativeLibrary] SummerTime=0

[4][NativeLibrary] Timezone=60

[4][NativeLibrary] SummerTime=0

[4][NativeLibrary] Timezone=60

[4][NativeLibrary] SummerTime=0

[4][NativeLibrary] Timezone=60

[4][NativeLibrary] SummerTime=0

[4][NativeLibrary] Timezone=60

[4][NativeLibrary] SummerTime=0

[4][NativeLibrary] Timezone=60

[4][NativeLibrary] SummerTime=0

[4][NativeLibrary] Timezone=60

[4][NativeLibrary] SummerTime=0

[4][NativeLibrary] Timezone=60

[4][NativeLibrary] SummerTime=0

[4][NativeLibrary] Timezone=60

[4][NativeLibrary] SummerTime=0

[4][NativeLibrary] Timezone=60

[4][NativeLibrary] SummerTime=0

[4][NativeLibrary] Timezone=60

[4][NativeLibrary] SummerTime=0

[4][NativeLibrary] Timezone=60

[4][NativeLibrary] SummerTime=0

[4][NativeLibrary] Timezone=60

[4][NativeLibrary] SummerTime=0

[4][NativeLibrary] Timezone=60

[4][NativeLibrary] SummerTime=0

[4][NativeLibrary] Timezone=60

[4][NativeLibrary] SummerTime=0

[4][NativeLibrary] Timezone=60

[4][NativeLibrary] SummerTime=0

[4][NativeLibrary] Timezone=60

[4][NativeLibrary] SummerTime=0

[4][NativeLibrary] Timezone=60

[4][NativeLibrary] SummerTime=0

[4][NativeLibrary] Timezone=60

[4][NativeLibrary] SummerTime=0

[4][NativeLibrary] Timezone=60

[4][NativeLibrary] SummerTime=0

[4][NativeLibrary] Timezone=60

[4][NativeLibrary] SummerTime=0

[4][NativeLibrary] Timezone=60

[4][NativeLibrary] SummerTime=0

[4][NativeLibrary] Timezone=60

[4][NativeLibrary] SummerTime=0

[4][NativeLibrary] Timezone=60

[4][NativeLibrary] SummerTime=0

[4][NativeLibrary] Timezone=60

[4][NativeLibrary] SummerTime=0

[VK] FPS 30.7 | 32.57 ms/frame | min 10.21 max 89.19 ms | 31 framu | lsfg=0
[4][NativeLibrary] Timezone=60

[4][NativeLibrary] SummerTime=0

[4][NativeLibrary] Timezone=60

[4][NativeLibrary] SummerTime=0

[4][NativeLibrary] Timezone=60

[4][NativeLibrary] SummerTime=0

[4][NativeLibrary] Timezone=60

[4][NativeLibrary] SummerTime=0

[4][NativeLibrary] Timezone=60

[4][NativeLibrary] SummerTime=0

[4][NativeLibrary] Timezone=60

[4][NativeLibrary] SummerTime=0

[4][NativeLibrary] Timezone=60

[4][NativeLibrary] SummerTime=0

[4][NativeLibrary] Timezone=60

[4][NativeLibrary] SummerTime=0

[4][NativeLibrary] Timezone=60

[4][NativeLibrary] SummerTime=0

[4][NativeLibrary] Timezone=60

[4][NativeLibrary] SummerTime=0

[4][NativeLibrary] Timezone=60

[4][NativeLibrary] SummerTime=0

[4][NativeLibrary] Timezone=60

[4][NativeLibrary] SummerTime=0

[4][NativeLibrary] Timezone=60

[4][NativeLibrary] SummerTime=0

[4][NativeLibrary] Timezone=60

[4][NativeLibrary] SummerTime=0

[4][NativeLibrary] Timezone=60

[4][NativeLibrary] SummerTime=0

[4][NativeLibrary] Timezone=60

[4][NativeLibrary] SummerTime=0

[4][NativeLibrary] Timezone=60

[4][NativeLibrary] SummerTime=0

[4][NativeLibrary] Timezone=60

[4][NativeLibrary] SummerTime=0

[4][NativeLibrary] Timezone=60

[4][NativeLibrary] SummerTime=0

[4][NativeLibrary] Timezone=60

[4][NativeLibrary] SummerTime=0

[4][NativeLibrary] Timezone=60

[4][NativeLibrary] SummerTime=0

[4][NativeLibrary] Timezone=60

[4][NativeLibrary] SummerTime=0

[4][NativeLibrary] Timezone=60

[4][NativeLibrary] SummerTime=0

[4][NativeLibrary] Timezone=60

[4][NativeLibrary] SummerTime=0

[4][NativeLibrary] Timezone=60

[4][NativeLibrary] SummerTime=0

[4][NativeLibrary] Timezone=60

[4][NativeLibrary] SummerTime=0

[4][NativeLibrary] Timezone=60

[4][NativeLibrary] SummerTime=0

[4][NativeLibrary] Timezone=60

[4][NativeLibrary] SummerTime=0

[4][NativeLibrary] Timezone=60

[4][NativeLibrary] SummerTime=0

[4][NativeLibrary] Timezone=60

[4][NativeLibrary] SummerTime=0

[4][NativeLibrary] Timezone=60

[4][NativeLibrary] SummerTime=0

[4][NativeLibrary] Timezone=60

[4][NativeLibrary] SummerTime=0

[4][NativeLibrary] Timezone=60

[4][NativeLibrary] SummerTime=0

[VK] FPS 32.5 | 30.81 ms/frame | min 28.37 max 34.40 ms | 33 framu | lsfg=0
[4][NativeLibrary] Timezone=60

[4][NativeLibrary] SummerTime=0

[4][NativeLibrary] Timezone=60

[4][NativeLibrary] SummerTime=0

[4][NativeLibrary] Timezone=60

[4][NativeLibrary] SummerTime=0

[4][NativeLibrary] Timezone=60

[4][NativeLibrary] SummerTime=0

[4][NativeLibrary] Timezone=60

[4][NativeLibrary] SummerTime=0

[4][NativeLibrary] Timezone=60

[4][NativeLibrary] SummerTime=0

[4][NativeLibrary] Timezone=60

[4][NativeLibrary] SummerTime=0

[4][NativeLibrary] Timezone=60

[4][NativeLibrary] SummerTime=0

[4][NativeLibrary] Timezone=60

[4][NativeLibrary] SummerTime=0

[4][NativeLibrary] Timezone=60

[4][NativeLibrary] SummerTime=0

[4][NativeLibrary] Timezone=60

[4][NativeLibrary] SummerTime=0

[4][NativeLibrary] Timezone=60

[4][NativeLibrary] SummerTime=0

[4][NativeLibrary] Timezone=60

[4][NativeLibrary] SummerTime=0

[4][NativeLibrary] Timezone=60

[4][NativeLibrary] SummerTime=0

[4][NativeLibrary] Timezone=60

[4][NativeLibrary] SummerTime=0

[4][NativeLibrary] Timezone=60

[4][NativeLibrary] SummerTime=0

[4][NativeLibrary] Timezone=60

[4][NativeLibrary] SummerTime=0

[4][NativeLibrary] Timezone=60

[4][NativeLibrary] SummerTime=0

[4][NativeLibrary] Timezone=60

[4][NativeLibrary] SummerTime=0

[4][NativeLibrary] Timezone=60

[4][NativeLibrary] SummerTime=0

[4][NativeLibrary] Timezone=60

[4][NativeLibrary] SummerTime=0

[4][NativeLibrary] Timezone=60

[4][NativeLibrary] SummerTime=0

[4][NativeLibrary] Timezone=60

[4][NativeLibrary] SummerTime=0

[4][NativeLibrary] Timezone=60

[4][NativeLibrary] SummerTime=0

[4][NativeLibrary] Timezone=60

[4][NativeLibrary] SummerTime=0

[4][NativeLibrary] Timezone=60

[4][NativeLibrary] SummerTime=0

[VK] FPS 25.7 | 38.90 ms/frame | min 19.75 max 249.79 ms | 26 framu | lsfg=0
[4][NativeLibrary] Timezone=60

[4][NativeLibrary] SummerTime=0

[4][NativeLibrary] Timezone=60

[4][NativeLibrary] SummerTime=0

[4][NativeLibrary] Timezone=60

[4][NativeLibrary] SummerTime=0

[4][NativeLibrary] Timezone=60

[4][NativeLibrary] SummerTime=0

[4][NativeLibrary] Timezone=60

[4][NativeLibrary] SummerTime=0

[4][NativeLibrary] Timezone=60

[4][NativeLibrary] SummerTime=0

[4][NativeLibrary] Timezone=60

[4][NativeLibrary] SummerTime=0

[4][NativeLibrary] Timezone=60

[4][NativeLibrary] SummerTime=0

[4][NativeLibrary] Timezone=60

[4][NativeLibrary] SummerTime=0

[4][NativeLibrary] Timezone=60

[4][NativeLibrary] SummerTime=0

[4][NativeLibrary] Timezone=60

[4][NativeLibrary] SummerTime=0

[4][NativeLibrary] Timezone=60

[4][NativeLibrary] SummerTime=0

[4][NativeLibrary] Timezone=60

[4][NativeLibrary] SummerTime=0

[4][NativeLibrary] Timezone=60

[4][NativeLibrary] SummerTime=0

[4][NativeLibrary] Timezone=60

[4][NativeLibrary] SummerTime=0

[4][NativeLibrary] Timezone=60

[4][NativeLibrary] SummerTime=0

[4][NativeLibrary] Timezone=60

[4][NativeLibrary] SummerTime=0

[4][NativeLibrary] Timezone=60

[4][NativeLibrary] SummerTime=0

[4][NativeLibrary] Timezone=60

[4][NativeLibrary] SummerTime=0

[4][NativeLibrary] Timezone=60

[4][NativeLibrary] SummerTime=0

[4][NativeLibrary] Timezone=60

[4][NativeLibrary] SummerTime=0

[4][NativeLibrary] Timezone=60

[4][NativeLibrary] SummerTime=0

[4][NativeLibrary] Timezone=60

[4][NativeLibrary] SummerTime=0

[4][NativeLibrary] Timezone=60

[4][NativeLibrary] SummerTime=0

[4][NativeLibrary] Timezone=60

[4][NativeLibrary] SummerTime=0

[4][NativeLibrary] Timezone=60

[4][NativeLibrary] SummerTime=0

[4][NativeLibrary] Timezone=60

[4][NativeLibrary] SummerTime=0

[4][NativeLibrary] Timezone=60

[4][NativeLibrary] SummerTime=0

[4][NativeLibrary] Timezone=60

[4][NativeLibrary] SummerTime=0

[4][NativeLibrary] Timezone=60

[4][NativeLibrary] SummerTime=0

[VK] FPS 29.7 | 33.70 ms/frame | min 31.00 max 47.50 ms | 30 framu | lsfg=0
[4][NativeLibrary] Timezone=60

[4][NativeLibrary] SummerTime=0

[4][NativeLibrary] Timezone=60

[4][NativeLibrary] SummerTime=0

[4][NativeLibrary] Timezone=60

[4][NativeLibrary] SummerTime=0

[4][NativeLibrary] Timezone=60

[4][NativeLibrary] SummerTime=0

[4][NativeLibrary] Timezone=60

[4][NativeLibrary] SummerTime=0

[4][NativeLibrary] Timezone=60

[4][NativeLibrary] SummerTime=0

[4][NativeLibrary] Timezone=60

[4][NativeLibrary] SummerTime=0

[4][NativeLibrary] Timezone=60

[4][NativeLibrary] SummerTime=0

[4][NativeLibrary] Timezone=60

[4][NativeLibrary] SummerTime=0

[4][NativeLibrary] Timezone=60

[4][NativeLibrary] SummerTime=0

[4][NativeLibrary] Timezone=60

[4][NativeLibrary] SummerTime=0

[4][NativeLibrary] Timezone=60

[4][NativeLibrary] SummerTime=0

[4][NativeLibrary] Timezone=60

[4][NativeLibrary] SummerTime=0

[4][NativeLibrary] Timezone=60

[4][NativeLibrary] SummerTime=0

[4][NativeLibrary] Timezone=60

[4][NativeLibrary] SummerTime=0

[4][NativeLibrary] Timezone=60

[4][NativeLibrary] SummerTime=0

[4][NativeLibrary] Timezone=60

[4][NativeLibrary] SummerTime=0

[4][NativeLibrary] Timezone=60

[4][NativeLibrary] SummerTime=0

[4][NativeLibrary] Timezone=60

[4][NativeLibrary] SummerTime=0

[4][NativeLibrary] Timezone=60

[4][NativeLibrary] SummerTime=0

[4][NativeLibrary] Timezone=60

[4][NativeLibrary] SummerTime=0

[4][NativeLibrary] Timezone=60

[4][NativeLibrary] SummerTime=0

[4][NativeLibrary] Timezone=60

[4][NativeLibrary] SummerTime=0

[4][NativeLibrary] Timezone=60

[4][NativeLibrary] SummerTime=0

[4][NativeLibrary] Timezone=60

[4][NativeLibrary] SummerTime=0

[4][NativeLibrary] Timezone=60

[4][NativeLibrary] SummerTime=0

[4][NativeLibrary] Timezone=60

[4][NativeLibrary] SummerTime=0

[4][NativeLibrary] Timezone=60

[4][NativeLibrary] SummerTime=0

[4][NativeLibrary] Timezone=60

[4][NativeLibrary] SummerTime=0

[4][NativeLibrary] Timezone=60

[4][NativeLibrary] SummerTime=0

[VK] FPS 29.5 | 33.92 ms/frame | min 30.03 max 43.30 ms | 30 framu | lsfg=0
[4][NativeLibrary] Timezone=60

[4][NativeLibrary] SummerTime=0

[4][NativeLibrary] Timezone=60

[4][NativeLibrary] SummerTime=0

[4][NativeLibrary] Timezone=60

[4][NativeLibrary] SummerTime=0

[4][NativeLibrary] Timezone=60

[4][NativeLibrary] SummerTime=0

[4][NativeLibrary] Timezone=60

[4][NativeLibrary] SummerTime=0

[4][NativeLibrary] Timezone=60

[4][NativeLibrary] SummerTime=0

[4][NativeLibrary] Timezone=60

[4][NativeLibrary] SummerTime=0

[4][NativeLibrary] Timezone=60

[4][NativeLibrary] SummerTime=0

[4][NativeLibrary] Timezone=60

[4][NativeLibrary] SummerTime=0

[4][NativeLibrary] Timezone=60

[4][NativeLibrary] SummerTime=0

[4][NativeLibrary] Timezone=60

[4][NativeLibrary] SummerTime=0

[4][NativeLibrary] Timezone=60

[4][NativeLibrary] SummerTime=0

[4][NativeLibrary] Timezone=60

[4][NativeLibrary] SummerTime=0

[4][NativeLibrary] Timezone=60

[4][NativeLibrary] SummerTime=0

[4][NativeLibrary] Timezone=60

[4][NativeLibrary] SummerTime=0

[4][NativeLibrary] Timezone=60

[4][NativeLibrary] SummerTime=0

[4][NativeLibrary] Timezone=60

[4][NativeLibrary] SummerTime=0

[4][NativeLibrary] Timezone=60

[4][NativeLibrary] SummerTime=0

[4][NativeLibrary] Timezone=60

[4][NativeLibrary] SummerTime=0

[4][NativeLibrary] Timezone=60

[4][NativeLibrary] SummerTime=0

[4][NativeLibrary] Timezone=60

[4][NativeLibrary] SummerTime=0

[4][NativeLibrary] Timezone=60

[4][NativeLibrary] SummerTime=0

[4][NativeLibrary] Timezone=60

[4][NativeLibrary] SummerTime=0

[4][NativeLibrary] Timezone=60

[4][NativeLibrary] SummerTime=0

[4][NativeLibrary] Timezone=60

[4][NativeLibrary] SummerTime=0

[VK] FPS 24.7 | 40.47 ms/frame | min 32.30 max 48.04 ms | 25 framu | lsfg=0
[4][NativeLibrary] Timezone=60

[4][NativeLibrary] SummerTime=0

[4][NativeLibrary] Timezone=60

[4][NativeLibrary] SummerTime=0

[4][NativeLibrary] Timezone=60

[4][NativeLibrary] SummerTime=0

[4][NativeLibrary] Timezone=60

[4][NativeLibrary] SummerTime=0

[4][NativeLibrary] Timezone=60

[4][NativeLibrary] SummerTime=0

[4][NativeLibrary] Timezone=60

[4][NativeLibrary] SummerTime=0

[4][NativeLibrary] Timezone=60

[4][NativeLibrary] SummerTime=0

[4][NativeLibrary] Timezone=60

[4][NativeLibrary] SummerTime=0

[4][NativeLibrary] Timezone=60

[4][NativeLibrary] SummerTime=0

[4][NativeLibrary] Timezone=60

[4][NativeLibrary] SummerTime=0

[4][NativeLibrary] Timezone=60

[4][NativeLibrary] SummerTime=0

[4][NativeLibrary] Timezone=60

[4][NativeLibrary] SummerTime=0

[4][NativeLibrary] Timezone=60

[4][NativeLibrary] SummerTime=0

[4][NativeLibrary] Timezone=60

[4][NativeLibrary] SummerTime=0

[4][NativeLibrary] Timezone=60

[4][NativeLibrary] SummerTime=0

[4][NativeLibrary] Timezone=60

[4][NativeLibrary] SummerTime=0

[4][NativeLibrary] Timezone=60

[4][NativeLibrary] SummerTime=0

[4][NativeLibrary] Timezone=60

[4][NativeLibrary] SummerTime=0

[4][NativeLibrary] Timezone=60

[4][NativeLibrary] SummerTime=0

[4][NativeLibrary] Timezone=60

[4][NativeLibrary] SummerTime=0

[4][NativeLibrary] Timezone=60

[4][NativeLibrary] SummerTime=0

[4][NativeLibrary] Timezone=60

[4][NativeLibrary] SummerTime=0

[VK] FPS 21.7 | 46.00 ms/frame | min 43.41 max 48.29 ms | 22 framu | lsfg=0
[4][NativeLibrary] Timezone=60

[4][NativeLibrary] SummerTime=0

[4][NativeLibrary] Timezone=60

[4][NativeLibrary] SummerTime=0

[4][NativeLibrary] Timezone=60

[4][NativeLibrary] SummerTime=0

[4][NativeLibrary] Timezone=60

[4][NativeLibrary] SummerTime=0

[4][NativeLibrary] Timezone=60

[4][NativeLibrary] SummerTime=0

[4][NativeLibrary] Timezone=60

[4][NativeLibrary] SummerTime=0

[4][NativeLibrary] Timezone=60

[4][NativeLibrary] SummerTime=0

[4][NativeLibrary] Timezone=60

[4][NativeLibrary] SummerTime=0

[4][NativeLibrary] Timezone=60

[4][NativeLibrary] SummerTime=0

[4][NativeLibrary] Timezone=60

[4][NativeLibrary] SummerTime=0

[4][NativeLibrary] Timezone=60

[4][NativeLibrary] SummerTime=0

[4][NativeLibrary] Timezone=60

[4][NativeLibrary] SummerTime=0

[4][NativeLibrary] Timezone=60

[4][NativeLibrary] SummerTime=0

[4][NativeLibrary] Timezone=60

[4][NativeLibrary] SummerTime=0

[4][NativeLibrary] Timezone=60

[4][NativeLibrary] SummerTime=0

[4][NativeLibrary] Timezone=60

[4][NativeLibrary] SummerTime=0

[4][NativeLibrary] Timezone=60

[4][NativeLibrary] SummerTime=0

[4][NativeLibrary] Timezone=60

[4][NativeLibrary] SummerTime=0

[4][NativeLibrary] Timezone=60

[4][NativeLibrary] SummerTime=0

[4][NativeLibrary] Timezone=60

[4][NativeLibrary] SummerTime=0

[4][NativeLibrary] Timezone=60

[4][NativeLibrary] SummerTime=0

[4][NativeLibrary] Timezone=60

[4][NativeLibrary] SummerTime=0

[VK] FPS 21.6 | 46.23 ms/frame | min 45.02 max 48.21 ms | 22 framu | lsfg=0
[4][NativeLibrary] Timezone=60

[4][NativeLibrary] SummerTime=0

[4][NativeLibrary] Timezone=60

[4][NativeLibrary] SummerTime=0

[4][NativeLibrary] Timezone=60

[4][NativeLibrary] SummerTime=0

[4][NativeLibrary] Timezone=60

[4][NativeLibrary] SummerTime=0

[4][NativeLibrary] Timezone=60

[4][NativeLibrary] SummerTime=0

[4][NativeLibrary] Timezone=60

[4][NativeLibrary] SummerTime=0

[4][NativeLibrary] Timezone=60

[4][NativeLibrary] SummerTime=0

[4][NativeLibrary] Timezone=60

[4][NativeLibrary] SummerTime=0

[4][NativeLibrary] Timezone=60

[4][NativeLibrary] SummerTime=0

[4][NativeLibrary] Timezone=60

[4][NativeLibrary] SummerTime=0

[4][NativeLibrary] Timezone=60

[4][NativeLibrary] SummerTime=0

[4][NativeLibrary] Timezone=60

[4][NativeLibrary] SummerTime=0

[4][NativeLibrary] Timezone=60

[4][NativeLibrary] SummerTime=0

[4][NativeLibrary] Timezone=60

[4][NativeLibrary] SummerTime=0

[4][NativeLibrary] Timezone=60

[4][NativeLibrary] SummerTime=0

[4][NativeLibrary] Timezone=60

[4][NativeLibrary] SummerTime=0

[4][NativeLibrary] Timezone=60

[4][NativeLibrary] SummerTime=0

[4][NativeLibrary] Timezone=60

[4][NativeLibrary] SummerTime=0

[4][NativeLibrary] Timezone=60

[4][NativeLibrary] SummerTime=0

[4][NativeLibrary] Timezone=60

[4][NativeLibrary] SummerTime=0

[4][NativeLibrary] Timezone=60

[4][NativeLibrary] SummerTime=0

[VK] FPS 20.5 | 48.89 ms/frame | min 46.23 max 75.44 ms | 21 framu | lsfg=0
[4][NativeLibrary] Timezone=60

[4][NativeLibrary] SummerTime=0

[4][NativeLibrary] Timezone=60

[4][NativeLibrary] SummerTime=0

[4][NativeLibrary] Timezone=60

[4][NativeLibrary] SummerTime=0

[4][NativeLibrary] Timezone=60

[4][NativeLibrary] SummerTime=0

[4][NativeLibrary] Timezone=60

[4][NativeLibrary] SummerTime=0

[4][NativeLibrary] Timezone=60

[4][NativeLibrary] SummerTime=0

[4][NativeLibrary] Timezone=60

[4][NativeLibrary] SummerTime=0

[4][NativeLibrary] Timezone=60

[4][NativeLibrary] SummerTime=0

[4][NativeLibrary] Timezone=60

[4][NativeLibrary] SummerTime=0

[4][NativeLibrary] Timezone=60

[4][NativeLibrary] SummerTime=0

[4][NativeLibrary] Timezone=60

[4][NativeLibrary] SummerTime=0

[4][NativeLibrary] Timezone=60

[4][NativeLibrary] SummerTime=0

[4][NativeLibrary] Timezone=60

[4][NativeLibrary] SummerTime=0

[4][NativeLibrary] Timezone=60

[4][NativeLibrary] SummerTime=0

[4][NativeLibrary] Timezone=60

[4][NativeLibrary] SummerTime=0

[4][NativeLibrary] Timezone=60

[4][NativeLibrary] SummerTime=0

[4][NativeLibrary] Timezone=60

[4][NativeLibrary] SummerTime=0

[4][NativeLibrary] Timezone=60

[4][NativeLibrary] SummerTime=0

[VK] FPS 17.9 | 55.96 ms/frame | min 43.17 max 165.22 ms | 18 framu | lsfg=0
[4][NativeLibrary] Timezone=60

[4][NativeLibrary] SummerTime=0

[4][NativeLibrary] Timezone=60

[4][NativeLibrary] SummerTime=0

[4][NativeLibrary] Timezone=60

[4][NativeLibrary] SummerTime=0

[4][NativeLibrary] Timezone=60

[4][NativeLibrary] SummerTime=0

[4][NativeLibrary] Timezone=60

[4][NativeLibrary] SummerTime=0

[4][NativeLibrary] Timezone=60

[4][NativeLibrary] SummerTime=0

[4][NativeLibrary] Timezone=60

[4][NativeLibrary] SummerTime=0

[4][NativeLibrary] Timezone=60

[4][NativeLibrary] SummerTime=0

[4][NativeLibrary] Timezone=60

[4][NativeLibrary] SummerTime=0

[4][NativeLibrary] Timezone=60

[4][NativeLibrary] SummerTime=0

[4][NativeLibrary] Timezone=60

[4][NativeLibrary] SummerTime=0

[4][NativeLibrary] Timezone=60

[4][NativeLibrary] SummerTime=0

[4][NativeLibrary] Timezone=60

[4][NativeLibrary] SummerTime=0

[4][NativeLibrary] Timezone=60

[4][NativeLibrary] SummerTime=0

[4][NativeLibrary] Timezone=60

[4][NativeLibrary] SummerTime=0

[4][NativeLibrary] Timezone=60

[4][NativeLibrary] SummerTime=0

[4][NativeLibrary] Timezone=60

[4][NativeLibrary] SummerTime=0

[4][NativeLibrary] Timezone=60

[4][NativeLibrary] SummerTime=0

[4][NativeLibrary] Timezone=60

[4][NativeLibrary] SummerTime=0

[4][NativeLibrary] Timezone=60

[4][NativeLibrary] SummerTime=0

[4][NativeLibrary] Timezone=60

[4][NativeLibrary] SummerTime=0

[VK] FPS 20.5 | 48.89 ms/frame | min 47.89 max 49.85 ms | 21 framu | lsfg=0
[4][NativeLibrary] Timezone=60

[4][NativeLibrary] SummerTime=0

[4][NativeLibrary] Timezone=60

[4][NativeLibrary] SummerTime=0

[4][NativeLibrary] Timezone=60

[4][NativeLibrary] SummerTime=0

[4][NativeLibrary] Timezone=60

[4][NativeLibrary] SummerTime=0

[4][NativeLibrary] Timezone=60

[4][NativeLibrary] SummerTime=0

[4][NativeLibrary] Timezone=60

[4][NativeLibrary] SummerTime=0

[4][NativeLibrary] Timezone=60

[4][NativeLibrary] SummerTime=0

[4][NativeLibrary] Timezone=60

[4][NativeLibrary] SummerTime=0

[4][NativeLibrary] Timezone=60

[4][NativeLibrary] SummerTime=0

[4][NativeLibrary] Timezone=60

[4][NativeLibrary] SummerTime=0

[4][NativeLibrary] Timezone=60

[4][NativeLibrary] SummerTime=0

[4][NativeLibrary] Timezone=60

[4][NativeLibrary] SummerTime=0

[4][NativeLibrary] Timezone=60

[4][NativeLibrary] SummerTime=0

[4][NativeLibrary] Timezone=60

[4][NativeLibrary] SummerTime=0

[4][NativeLibrary] Timezone=60

[4][NativeLibrary] SummerTime=0

[4][NativeLibrary] Timezone=60

[4][NativeLibrary] SummerTime=0

[4][NativeLibrary] Timezone=60

[4][NativeLibrary] SummerTime=0

[4][NativeLibrary] Timezone=60

[4][NativeLibrary] SummerTime=0

[4][NativeLibrary] Timezone=60

[4][NativeLibrary] SummerTime=0

[4][NativeLibrary] Timezone=60

[4][NativeLibrary] SummerTime=0

[VK] FPS 19.8 | 50.57 ms/frame | min 48.17 max 80.73 ms | 20 framu | lsfg=0
[4][NativeLibrary] Timezone=60

[4][NativeLibrary] SummerTime=0

[4][NativeLibrary] Timezone=60

[4][NativeLibrary] SummerTime=0

[4][NativeLibrary] Timezone=60

[4][NativeLibrary] SummerTime=0

[4][NativeLibrary] Timezone=60

[4][NativeLibrary] SummerTime=0

[4][NativeLibrary] Timezone=60

[4][NativeLibrary] SummerTime=0

[4][NativeLibrary] Timezone=60

[4][NativeLibrary] SummerTime=0

[4][NativeLibrary] Timezone=60

[4][NativeLibrary] SummerTime=0

[4][NativeLibrary] Timezone=60

[4][NativeLibrary] SummerTime=0

[4][NativeLibrary] Timezone=60

[4][NativeLibrary] SummerTime=0

[4][NativeLibrary] Timezone=60

[4][NativeLibrary] SummerTime=0

[4][NativeLibrary] Timezone=60

[4][NativeLibrary] SummerTime=0

[4][NativeLibrary] Timezone=60

[4][NativeLibrary] SummerTime=0

[4][NativeLibrary] Timezone=60

[4][NativeLibrary] SummerTime=0

[4][NativeLibrary] Timezone=60

[4][NativeLibrary] SummerTime=0

[4][NativeLibrary] Timezone=60

[4][NativeLibrary] SummerTime=0

[4][NativeLibrary] Timezone=60

[4][NativeLibrary] SummerTime=0

[4][NativeLibrary] Timezone=60

[4][NativeLibrary] SummerTime=0

[4][NativeLibrary] Timezone=60

[4][NativeLibrary] SummerTime=0

[4][NativeLibrary] Timezone=60

[4][NativeLibrary] SummerTime=0

[4][NativeLibrary] Timezone=60

[4][NativeLibrary] SummerTime=0

[4][NativeLibrary] Timezone=60

[4][NativeLibrary] SummerTime=0

[VK] FPS 20.1 | 49.75 ms/frame | min 46.27 max 83.30 ms | 21 framu | lsfg=0
[4][NativeLibrary] Timezone=60

[4][NativeLibrary] SummerTime=0

[4][NativeLibrary] Timezone=60

[4][NativeLibrary] SummerTime=0

[4][NativeLibrary] Timezone=60

[4][NativeLibrary] SummerTime=0

[4][NativeLibrary] Timezone=60

[4][NativeLibrary] SummerTime=0

[4][NativeLibrary] Timezone=60

[4][NativeLibrary] SummerTime=0

[4][NativeLibrary] Timezone=60

[4][NativeLibrary] SummerTime=0

[4][NativeLibrary] Timezone=60

[4][NativeLibrary] SummerTime=0

[4][NativeLibrary] Timezone=60

[4][NativeLibrary] SummerTime=0

[4][NativeLibrary] Timezone=60

[4][NativeLibrary] SummerTime=0

[4][NativeLibrary] Timezone=60

[4][NativeLibrary] SummerTime=0

[4][NativeLibrary] Timezone=60

[4][NativeLibrary] SummerTime=0

[4][NativeLibrary] Timezone=60

[4][NativeLibrary] SummerTime=0

[4][NativeLibrary] Timezone=60

[4][NativeLibrary] SummerTime=0

[4][NativeLibrary] Timezone=60

[4][NativeLibrary] SummerTime=0

[4][NativeLibrary] Timezone=60

[4][NativeLibrary] SummerTime=0

[4][NativeLibrary] Timezone=60

[4][NativeLibrary] SummerTime=0

[4][NativeLibrary] Timezone=60

[4][NativeLibrary] SummerTime=0

[4][NativeLibrary] Timezone=60

[4][NativeLibrary] SummerTime=0

[4][NativeLibrary] Timezone=60

[4][NativeLibrary] SummerTime=0

[4][NativeLibrary] Timezone=60

[4][NativeLibrary] SummerTime=0

[4][NativeLibrary] Timezone=60

[4][NativeLibrary] SummerTime=0

[4][NativeLibrary] Timezone=60

[4][NativeLibrary] SummerTime=0

[VK] FPS 21.8 | 45.80 ms/frame | min 31.50 max 87.39 ms | 22 framu | lsfg=0
[4][NativeLibrary] Timezone=60

[4][NativeLibrary] SummerTime=0

[4][NativeLibrary] Timezone=60

[4][NativeLibrary] SummerTime=0

[4][NativeLibrary] Timezone=60

[4][NativeLibrary] SummerTime=0

[4][NativeLibrary] Timezone=60

[4][NativeLibrary] SummerTime=0

[4][NativeLibrary] Timezone=60

[4][NativeLibrary] SummerTime=0

[4][NativeLibrary] Timezone=60

[4][NativeLibrary] SummerTime=0

[4][NativeLibrary] Timezone=60

[4][NativeLibrary] SummerTime=0

[4][NativeLibrary] Timezone=60

[4][NativeLibrary] SummerTime=0

[4][NativeLibrary] Timezone=60

[4][NativeLibrary] SummerTime=0

[4][NativeLibrary] Timezone=60

[4][NativeLibrary] SummerTime=0

[4][NativeLibrary] Timezone=60

[4][NativeLibrary] SummerTime=0

[4][NativeLibrary] Timezone=60

[4][NativeLibrary] SummerTime=0

[4][NativeLibrary] Timezone=60

[4][NativeLibrary] SummerTime=0

[4][NativeLibrary] Timezone=60

[4][NativeLibrary] SummerTime=0

[4][NativeLibrary] Timezone=60

[4][NativeLibrary] SummerTime=0

[4][NativeLibrary] Timezone=60

[4][NativeLibrary] SummerTime=0

[4][NativeLibrary] Timezone=60

[4][NativeLibrary] SummerTime=0

[4][NativeLibrary] Timezone=60

[4][NativeLibrary] SummerTime=0

[4][NativeLibrary] Timezone=60

[4][NativeLibrary] SummerTime=0

[4][NativeLibrary] Timezone=60

[4][NativeLibrary] SummerTime=0

[4][NativeLibrary] Timezone=60

[4][NativeLibrary] SummerTime=0

[4][NativeLibrary] Timezone=60

[4][NativeLibrary] SummerTime=0

[4][NativeLibrary] Timezone=60

[4][NativeLibrary] SummerTime=0

[4][NativeLibrary] Timezone=60

[4][NativeLibrary] SummerTime=0

[4][NativeLibrary] Timezone=60

[4][NativeLibrary] SummerTime=0

[4][NativeLibrary] Timezone=60

[4][NativeLibrary] SummerTime=0

[4][NativeLibrary] Timezone=60

[4][NativeLibrary] SummerTime=0

[4][NativeLibrary] Timezone=60

[4][NativeLibrary] SummerTime=0

[4][NativeLibrary] Timezone=60

[4][NativeLibrary] SummerTime=0

[4][NativeLibrary] Timezone=60

[4][NativeLibrary] SummerTime=0

[4][NativeLibrary] Timezone=60

[4][NativeLibrary] SummerTime=0

[4][NativeLibrary] Timezone=60

[4][NativeLibrary] SummerTime=0

[4][NativeLibrary] Timezone=60

[4][NativeLibrary] SummerTime=0

[VK] FPS 32.5 | 30.72 ms/frame | min 27.42 max 33.79 ms | 33 framu | lsfg=0
[4][NativeLibrary] Timezone=60

[4][NativeLibrary] SummerTime=0

[4][NativeLibrary] Timezone=60

[4][NativeLibrary] SummerTime=0

[4][NativeLibrary] Timezone=60

[4][NativeLibrary] SummerTime=0

[4][NativeLibrary] Timezone=60

[4][NativeLibrary] SummerTime=0

[4][NativeLibrary] Timezone=60

[4][NativeLibrary] SummerTime=0

[4][NativeLibrary] Timezone=60

[4][NativeLibrary] SummerTime=0

[4][NativeLibrary] Timezone=60

[4][NativeLibrary] SummerTime=0

[4][NativeLibrary] Timezone=60

[4][NativeLibrary] SummerTime=0

[4][NativeLibrary] Timezone=60

[4][NativeLibrary] SummerTime=0

[4][NativeLibrary] Timezone=60

[4][NativeLibrary] SummerTime=0

[4][NativeLibrary] Timezone=60

[4][NativeLibrary] SummerTime=0

[4][NativeLibrary] Timezone=60

[4][NativeLibrary] SummerTime=0

[4][NativeLibrary] Timezone=60

[4][NativeLibrary] SummerTime=0

[4][NativeLibrary] Timezone=60

[4][NativeLibrary] SummerTime=0

[4][NativeLibrary] Timezone=60

[4][NativeLibrary] SummerTime=0

[4][NativeLibrary] Timezone=60

[4][NativeLibrary] SummerTime=0

[4][NativeLibrary] Timezone=60

[4][NativeLibrary] SummerTime=0

[4][NativeLibrary] Timezone=60

[4][NativeLibrary] SummerTime=0

[4][NativeLibrary] Timezone=60

[4][NativeLibrary] SummerTime=0

[4][NativeLibrary] Timezone=60

[4][NativeLibrary] SummerTime=0

[4][NativeLibrary] Timezone=60

[4][NativeLibrary] SummerTime=0

[4][NativeLibrary] Timezone=60

[4][NativeLibrary] SummerTime=0

[4][NativeLibrary] Timezone=60

[4][NativeLibrary] SummerTime=0

[4][NativeLibrary] Timezone=60

[4][NativeLibrary] SummerTime=0

[4][NativeLibrary] Timezone=60

[4][NativeLibrary] SummerTime=0

[4][NativeLibrary] Timezone=60

[4][NativeLibrary] SummerTime=0

[4][NativeLibrary] Timezone=60

[4][NativeLibrary] SummerTime=0

[4][NativeLibrary] Timezone=60

[4][NativeLibrary] SummerTime=0

[4][NativeLibrary] Timezone=60

[4][NativeLibrary] SummerTime=0

[4][NativeLibrary] Timezone=60

[4][NativeLibrary] SummerTime=0

[VK] FPS 29.3 | 34.10 ms/frame | min 30.95 max 75.09 ms | 30 framu | lsfg=0
[4][NativeLibrary] Timezone=60

[4][NativeLibrary] SummerTime=0

[4][NativeLibrary] Timezone=60

[4][NativeLibrary] SummerTime=0

[4][NativeLibrary] Timezone=60

[4][NativeLibrary] SummerTime=0

[4][NativeLibrary] Timezone=60

[4][NativeLibrary] SummerTime=0

[4][NativeLibrary] Timezone=60

[4][NativeLibrary] SummerTime=0

[4][NativeLibrary] Timezone=60

[4][NativeLibrary] SummerTime=0

[4][NativeLibrary] Timezone=60

[4][NativeLibrary] SummerTime=0

[4][NativeLibrary] Timezone=60

[4][NativeLibrary] SummerTime=0

[4][NativeLibrary] Timezone=60

[4][NativeLibrary] SummerTime=0

[4][NativeLibrary] Timezone=60

[4][NativeLibrary] SummerTime=0

[4][NativeLibrary] Timezone=60

[4][NativeLibrary] SummerTime=0

[4][NativeLibrary] Timezone=60

[4][NativeLibrary] SummerTime=0

[4][NativeLibrary] Timezone=60

[4][NativeLibrary] SummerTime=0

[4][NativeLibrary] Timezone=60

[4][NativeLibrary] SummerTime=0

[4][NativeLibrary] Timezone=60

[4][NativeLibrary] SummerTime=0

[4][NativeLibrary] Timezone=60

[4][NativeLibrary] SummerTime=0

[4][NativeLibrary] Timezone=60

[4][NativeLibrary] SummerTime=0

[4][NativeLibrary] Timezone=60

[4][NativeLibrary] SummerTime=0

[4][NativeLibrary] Timezone=60

[4][NativeLibrary] SummerTime=0

[4][NativeLibrary] Timezone=60

[4][NativeLibrary] SummerTime=0

[4][NativeLibrary] Timezone=60

[4][NativeLibrary] SummerTime=0

[VK] FPS 20.7 | 48.32 ms/frame | min 34.25 max 58.07 ms | 21 framu | lsfg=0
[4][NativeLibrary] Timezone=60

[4][NativeLibrary] SummerTime=0

[4][NativeLibrary] Timezone=60

[4][NativeLibrary] SummerTime=0

[4][NativeLibrary] Timezone=60

[4][NativeLibrary] SummerTime=0

[4][NativeLibrary] Timezone=60

[4][NativeLibrary] SummerTime=0

[4][NativeLibrary] Timezone=60

[4][NativeLibrary] SummerTime=0

[4][NativeLibrary] Timezone=60

[4][NativeLibrary] SummerTime=0

[4][NativeLibrary] Timezone=60

[4][NativeLibrary] SummerTime=0

[4][NativeLibrary] Timezone=60

[4][NativeLibrary] SummerTime=0

[4][NativeLibrary] Timezone=60

[4][NativeLibrary] SummerTime=0

[4][NativeLibrary] Timezone=60

[4][NativeLibrary] SummerTime=0

[4][NativeLibrary] Timezone=60

[4][NativeLibrary] SummerTime=0

[4][NativeLibrary] Timezone=60

[4][NativeLibrary] SummerTime=0

[4][NativeLibrary] Timezone=60

[4][NativeLibrary] SummerTime=0

[4][NativeLibrary] Timezone=60

[4][NativeLibrary] SummerTime=0

[4][NativeLibrary] Timezone=60

[4][NativeLibrary] SummerTime=0

[4][NativeLibrary] Timezone=60

[4][NativeLibrary] SummerTime=0

[4][NativeLibrary] Timezone=60

[4][NativeLibrary] SummerTime=0

[4][NativeLibrary] Timezone=60

[4][NativeLibrary] SummerTime=0

[4][NativeLibrary] Timezone=60

[4][NativeLibrary] SummerTime=0

[4][NativeLibrary] Timezone=60

[4][NativeLibrary] SummerTime=0

[4][NativeLibrary] Timezone=60

[4][NativeLibrary] SummerTime=0

[VK] FPS 20.5 | 48.75 ms/frame | min 46.11 max 51.74 ms | 21 framu | lsfg=0
[4][NativeLibrary] Timezone=60

[4][NativeLibrary] SummerTime=0

[4][NativeLibrary] Timezone=60

[4][NativeLibrary] SummerTime=0

[4][NativeLibrary] Timezone=60

[4][NativeLibrary] SummerTime=0

[4][NativeLibrary] Timezone=60

[4][NativeLibrary] SummerTime=0

[4][NativeLibrary] Timezone=60

[4][NativeLibrary] SummerTime=0

[4][NativeLibrary] Timezone=60

[4][NativeLibrary] SummerTime=0

[4][NativeLibrary] Timezone=60

[4][NativeLibrary] SummerTime=0

[4][NativeLibrary] Timezone=60

[4][NativeLibrary] SummerTime=0

[4][NativeLibrary] Timezone=60

[4][NativeLibrary] SummerTime=0

[4][NativeLibrary] Timezone=60

[4][NativeLibrary] SummerTime=0

[4][NativeLibrary] Timezone=60

[4][NativeLibrary] SummerTime=0

[4][NativeLibrary] Timezone=60

[4][NativeLibrary] SummerTime=0

[4][NativeLibrary] Timezone=60

[4][NativeLibrary] SummerTime=0

[4][NativeLibrary] Timezone=60

[4][NativeLibrary] SummerTime=0

[4][NativeLibrary] Timezone=60

[4][NativeLibrary] SummerTime=0

[4][NativeLibrary] Timezone=60

[4][NativeLibrary] SummerTime=0

[4][NativeLibrary] Timezone=60

[4][NativeLibrary] SummerTime=0

[4][NativeLibrary] Timezone=60

[4][NativeLibrary] SummerTime=0

[4][NativeLibrary] Timezone=60

[4][NativeLibrary] SummerTime=0

[4][NativeLibrary] Timezone=60

[4][NativeLibrary] SummerTime=0

[4][NativeLibrary] Timezone=60

[4][NativeLibrary] SummerTime=0

[4][NativeLibrary] Timezone=60

[4][NativeLibrary] SummerTime=0

[4][NativeLibrary] Timezone=60

[4][NativeLibrary] SummerTime=0

[4][NativeLibrary] Timezone=60

[4][NativeLibrary] SummerTime=0

[4][NativeLibrary] Timezone=60

[4][NativeLibrary] SummerTime=0

[4][NativeLibrary] Timezone=60

[4][NativeLibrary] SummerTime=0

[4][NativeLibrary] Timezone=60

[4][NativeLibrary] SummerTime=0

[VK] FPS 26.4 | 37.93 ms/frame | min 31.81 max 50.60 ms | 27 framu | lsfg=0
[4][NativeLibrary] Timezone=60

[4][NativeLibrary] SummerTime=0

[4][NativeLibrary] Timezone=60

[4][NativeLibrary] SummerTime=0

[4][NativeLibrary] Timezone=60

[4][NativeLibrary] SummerTime=0

[4][NativeLibrary] Timezone=60

[4][NativeLibrary] SummerTime=0

[4][NativeLibrary] Timezone=60

[4][NativeLibrary] SummerTime=0

[4][NativeLibrary] Timezone=60

[4][NativeLibrary] SummerTime=0

[4][NativeLibrary] Timezone=60

[4][NativeLibrary] SummerTime=0

[4][NativeLibrary] Timezone=60

[4][NativeLibrary] SummerTime=0

[4][NativeLibrary] Timezone=60

[4][NativeLibrary] SummerTime=0

[4][NativeLibrary] Timezone=60

[4][NativeLibrary] SummerTime=0

[4][NativeLibrary] Timezone=60

[4][NativeLibrary] SummerTime=0

[4][NativeLibrary] Timezone=60

[4][NativeLibrary] SummerTime=0

[4][NativeLibrary] Timezone=60

[4][NativeLibrary] SummerTime=0

[4][NativeLibrary] Timezone=60

[4][NativeLibrary] SummerTime=0

[4][NativeLibrary] Timezone=60

[4][NativeLibrary] SummerTime=0

[4][NativeLibrary] Timezone=60

[4][NativeLibrary] SummerTime=0

[4][NativeLibrary] Timezone=60

[4][NativeLibrary] SummerTime=0

[4][NativeLibrary] Timezone=60

[4][NativeLibrary] SummerTime=0

[4][NativeLibrary] Timezone=60

[4][NativeLibrary] SummerTime=0

[4][NativeLibrary] Timezone=60

[4][NativeLibrary] SummerTime=0

[4][NativeLibrary] Timezone=60

[4][NativeLibrary] SummerTime=0

[4][NativeLibrary] Timezone=60

[4][NativeLibrary] SummerTime=0

[4][NativeLibrary] Timezone=60

[4][NativeLibrary] SummerTime=0

[4][NativeLibrary] Timezone=60

[4][NativeLibrary] SummerTime=0

[4][NativeLibrary] Timezone=60

[4][NativeLibrary] SummerTime=0

[4][NativeLibrary] Timezone=60

[4][NativeLibrary] SummerTime=0

[4][NativeLibrary] Timezone=60

[4][NativeLibrary] SummerTime=0

[4][NativeLibrary] Timezone=60

[4][NativeLibrary] SummerTime=0

[4][NativeLibrary] Timezone=60

[4][NativeLibrary] SummerTime=0

[4][NativeLibrary] Timezone=60

[4][NativeLibrary] SummerTime=0

[4][NativeLibrary] Timezone=60

[4][NativeLibrary] SummerTime=0

[4][NativeLibrary] Timezone=60

[4][NativeLibrary] SummerTime=0

[VK] FPS 31.6 | 31.64 ms/frame | min 28.67 max 34.71 ms | 32 framu | lsfg=0
[4][NativeLibrary] Timezone=60

[4][NativeLibrary] SummerTime=0

[4][NativeLibrary] Timezone=60

[4][NativeLibrary] SummerTime=0

[4][NativeLibrary] Timezone=60

[4][NativeLibrary] SummerTime=0

[4][NativeLibrary] Timezone=60

[4][NativeLibrary] SummerTime=0

[4][NativeLibrary] Timezone=60

[4][NativeLibrary] SummerTime=0

[4][NativeLibrary] Timezone=60

[4][NativeLibrary] SummerTime=0

[4][NativeLibrary] Timezone=60

[4][NativeLibrary] SummerTime=0

[4][NativeLibrary] Timezone=60

[4][NativeLibrary] SummerTime=0

[4][NativeLibrary] Timezone=60

[4][NativeLibrary] SummerTime=0

[4][NativeLibrary] Timezone=60

[4][NativeLibrary] SummerTime=0

[4][NativeLibrary] Timezone=60

[4][NativeLibrary] SummerTime=0

[4][NativeLibrary] Timezone=60

[4][NativeLibrary] SummerTime=0

[4][NativeLibrary] Timezone=60

[4][NativeLibrary] SummerTime=0

[4][NativeLibrary] Timezone=60

[4][NativeLibrary] SummerTime=0

[4][NativeLibrary] Timezone=60

[4][NativeLibrary] SummerTime=0

[4][NativeLibrary] Timezone=60

[4][NativeLibrary] SummerTime=0

[4][NativeLibrary] Timezone=60

[4][NativeLibrary] SummerTime=0

[4][NativeLibrary] Timezone=60

[4][NativeLibrary] SummerTime=0

[4][NativeLibrary] Timezone=60

[4][NativeLibrary] SummerTime=0

[4][NativeLibrary] Timezone=60

[4][NativeLibrary] SummerTime=0

[4][NativeLibrary] Timezone=60

[4][NativeLibrary] SummerTime=0

[4][NativeLibrary] Timezone=60

[4][NativeLibrary] SummerTime=0

[4][NativeLibrary] Timezone=60

[4][NativeLibrary] SummerTime=0

[4][NativeLibrary] Timezone=60

[4][NativeLibrary] SummerTime=0

[4][NativeLibrary] Timezone=60

[4][NativeLibrary] SummerTime=0

[4][NativeLibrary] Timezone=60

[4][NativeLibrary] SummerTime=0

[4][NativeLibrary] Timezone=60

[4][NativeLibrary] SummerTime=0

[4][NativeLibrary] Timezone=60

[4][NativeLibrary] SummerTime=0

[4][NativeLibrary] Timezone=60

[4][NativeLibrary] SummerTime=0

[4][NativeLibrary] Timezone=60

[4][NativeLibrary] SummerTime=0

[4][NativeLibrary] Timezone=60

[4][NativeLibrary] SummerTime=0

[4][NativeLibrary] Timezone=60

[4][NativeLibrary] SummerTime=0

[VK] FPS 31.6 | 31.60 ms/frame | min 30.03 max 34.77 ms | 32 framu | lsfg=0
[4][NativeLibrary] Timezone=60

[4][NativeLibrary] SummerTime=0

[4][NativeLibrary] Timezone=60

[4][NativeLibrary] SummerTime=0

[4][NativeLibrary] Timezone=60

[4][NativeLibrary] SummerTime=0

[4][NativeLibrary] Timezone=60

[4][NativeLibrary] SummerTime=0

[4][NativeLibrary] Timezone=60

[4][NativeLibrary] SummerTime=0

[4][NativeLibrary] Timezone=60

[4][NativeLibrary] SummerTime=0

[4][NativeLibrary] Timezone=60

[4][NativeLibrary] SummerTime=0

[4][NativeLibrary] Timezone=60

[4][NativeLibrary] SummerTime=0

[4][NativeLibrary] Timezone=60

[4][NativeLibrary] SummerTime=0

[4][NativeLibrary] Timezone=60

[4][NativeLibrary] SummerTime=0

[4][NativeLibrary] Timezone=60

[4][NativeLibrary] SummerTime=0

[4][NativeLibrary] Timezone=60

[4][NativeLibrary] SummerTime=0

[4][NativeLibrary] Timezone=60

[4][NativeLibrary] SummerTime=0

[4][NativeLibrary] Timezone=60

[4][NativeLibrary] SummerTime=0

[4][NativeLibrary] Timezone=60

[4][NativeLibrary] SummerTime=0

[4][NativeLibrary] Timezone=60

[4][NativeLibrary] SummerTime=0

[4][NativeLibrary] Timezone=60

[4][NativeLibrary] SummerTime=0

[4][NativeLibrary] Timezone=60

[4][NativeLibrary] SummerTime=0

[4][NativeLibrary] Timezone=60

[4][NativeLibrary] SummerTime=0

[4][NativeLibrary] Timezone=60

[4][NativeLibrary] SummerTime=0

[4][NativeLibrary] Timezone=60

[4][NativeLibrary] SummerTime=0

[4][NativeLibrary] Timezone=60

[4][NativeLibrary] SummerTime=0

[4][NativeLibrary] Timezone=60

[4][NativeLibrary] SummerTime=0

[4][NativeLibrary] Timezone=60

[4][NativeLibrary] SummerTime=0

[4][NativeLibrary] Timezone=60

[4][NativeLibrary] SummerTime=0

[4][NativeLibrary] Timezone=60

[4][NativeLibrary] SummerTime=0

[4][NativeLibrary] Timezone=60

[4][NativeLibrary] SummerTime=0

[4][NativeLibrary] Timezone=60

[4][NativeLibrary] SummerTime=0

[4][NativeLibrary] Timezone=60

[4][NativeLibrary] SummerTime=0

[4][NativeLibrary] Timezone=60

[4][NativeLibrary] SummerTime=0

[4][NativeLibrary] Timezone=60

[4][NativeLibrary] SummerTime=0

[4][NativeLibrary] Timezone=60

[4][NativeLibrary] SummerTime=0

[4][NativeLibrary] Timezone=60

[4][NativeLibrary] SummerTime=0

[VK] FPS 32.8 | 30.52 ms/frame | min 27.79 max 38.82 ms | 33 framu | lsfg=0
[4][NativeLibrary] Timezone=60

[4][NativeLibrary] SummerTime=0

[4][NativeLibrary] Timezone=60

[4][NativeLibrary] SummerTime=0

[4][NativeLibrary] Timezone=60

[4][NativeLibrary] SummerTime=0

[4][NativeLibrary] Timezone=60

[4][NativeLibrary] SummerTime=0

[4][NativeLibrary] Timezone=60

[4][NativeLibrary] SummerTime=0

[4][NativeLibrary] Timezone=60

[4][NativeLibrary] SummerTime=0

[4][NativeLibrary] Timezone=60

[4][NativeLibrary] SummerTime=0

[4][NativeLibrary] Timezone=60

[4][NativeLibrary] SummerTime=0

[4][NativeLibrary] Timezone=60

[4][NativeLibrary] SummerTime=0

[4][NativeLibrary] Timezone=60

[4][NativeLibrary] SummerTime=0

[4][NativeLibrary] Timezone=60

[4][NativeLibrary] SummerTime=0

[4][NativeLibrary] Timezone=60

[4][NativeLibrary] SummerTime=0

[4][NativeLibrary] Timezone=60

[4][NativeLibrary] SummerTime=0

[4][NativeLibrary] Timezone=60

[4][NativeLibrary] SummerTime=0

[4][NativeLibrary] Timezone=60

[4][NativeLibrary] SummerTime=0

[4][NativeLibrary] Timezone=60

[4][NativeLibrary] SummerTime=0

[4][NativeLibrary] Timezone=60

[4][NativeLibrary] SummerTime=0

[4][NativeLibrary] Timezone=60

[4][NativeLibrary] SummerTime=0

[4][NativeLibrary] Timezone=60

[4][NativeLibrary] SummerTime=0

[4][NativeLibrary] Timezone=60

[4][NativeLibrary] SummerTime=0

[4][NativeLibrary] Timezone=60

[4][NativeLibrary] SummerTime=0

[4][NativeLibrary] Timezone=60

[4][NativeLibrary] SummerTime=0

[4][NativeLibrary] Timezone=60

[4][NativeLibrary] SummerTime=0

[4][NativeLibrary] Timezone=60

[4][NativeLibrary] SummerTime=0

[4][NativeLibrary] Timezone=60

[4][NativeLibrary] SummerTime=0

[VK] FPS 24.8 | 40.39 ms/frame | min 29.29 max 102.40 ms | 25 framu | lsfg=0
[4][NativeLibrary] Timezone=60

[4][NativeLibrary] SummerTime=0

[4][NativeLibrary] Timezone=60

[4][NativeLibrary] SummerTime=0

[4][NativeLibrary] Timezone=60

[4][NativeLibrary] SummerTime=0

[4][NativeLibrary] Timezone=60

[4][NativeLibrary] SummerTime=0

[4][NativeLibrary] Timezone=60

[4][NativeLibrary] SummerTime=0

[4][NativeLibrary] Timezone=60

[4][NativeLibrary] SummerTime=0

[4][NativeLibrary] Timezone=60

[4][NativeLibrary] SummerTime=0

[4][NativeLibrary] Timezone=60

[4][NativeLibrary] SummerTime=0

[4][NativeLibrary] Timezone=60

[4][NativeLibrary] SummerTime=0

[4][NativeLibrary] Timezone=60

[4][NativeLibrary] SummerTime=0

[4][NativeLibrary] Timezone=60

[4][NativeLibrary] SummerTime=0

[4][NativeLibrary] Timezone=60

[4][NativeLibrary] SummerTime=0

[4][NativeLibrary] Timezone=60

[4][NativeLibrary] SummerTime=0

[4][NativeLibrary] Timezone=60

[4][NativeLibrary] SummerTime=0

[4][NativeLibrary] Timezone=60

[4][NativeLibrary] SummerTime=0

[4][NativeLibrary] Timezone=60

[4][NativeLibrary] SummerTime=0

[4][NativeLibrary] Timezone=60

[4][NativeLibrary] SummerTime=0

[4][NativeLibrary] Timezone=60

[4][NativeLibrary] SummerTime=0

[4][NativeLibrary] Timezone=60

[4][NativeLibrary] SummerTime=0

[4][NativeLibrary] Timezone=60

[4][NativeLibrary] SummerTime=0

[4][NativeLibrary] Timezone=60

[4][NativeLibrary] SummerTime=0

[4][NativeLibrary] Timezone=60

[4][NativeLibrary] SummerTime=0

[4][NativeLibrary] Timezone=60

[4][NativeLibrary] SummerTime=0

[4][NativeLibrary] Timezone=60

[4][NativeLibrary] SummerTime=0

[4][NativeLibrary] Timezone=60

[4][NativeLibrary] SummerTime=0

[4][NativeLibrary] Timezone=60

[4][NativeLibrary] SummerTime=0

[4][NativeLibrary] Timezone=60

[4][NativeLibrary] SummerTime=0

[4][NativeLibrary] Timezone=60

[4][NativeLibrary] SummerTime=0

[4][NativeLibrary] Timezone=60

[4][NativeLibrary] SummerTime=0

[4][NativeLibrary] Timezone=60

[4][NativeLibrary] SummerTime=0

[4][NativeLibrary] Timezone=60

[4][NativeLibrary] SummerTime=0

[4][NativeLibrary] Timezone=60

[4][NativeLibrary] SummerTime=0

[VK] FPS 31.7 | 31.58 ms/frame | min 28.96 max 33.84 ms | 32 framu | lsfg=0
[4][NativeLibrary] Timezone=60

[4][NativeLibrary] SummerTime=0

[4][NativeLibrary] Timezone=60

[4][NativeLibrary] SummerTime=0

[4][NativeLibrary] Timezone=60

[4][NativeLibrary] SummerTime=0

[4][NativeLibrary] Timezone=60

[4][NativeLibrary] SummerTime=0

[4][NativeLibrary] Timezone=60

[4][NativeLibrary] SummerTime=0

[4][NativeLibrary] Timezone=60

[4][NativeLibrary] SummerTime=0

[4][NativeLibrary] Timezone=60

[4][NativeLibrary] SummerTime=0

[4][NativeLibrary] Timezone=60

[4][NativeLibrary] SummerTime=0

[4][NativeLibrary] Timezone=60

[4][NativeLibrary] SummerTime=0

[4][NativeLibrary] Timezone=60

[4][NativeLibrary] SummerTime=0

[4][NativeLibrary] Timezone=60

[4][NativeLibrary] SummerTime=0

[4][NativeLibrary] Timezone=60

[4][NativeLibrary] SummerTime=0

[4][NativeLibrary] Timezone=60

[4][NativeLibrary] SummerTime=0

[4][NativeLibrary] Timezone=60

[4][NativeLibrary] SummerTime=0

[4][NativeLibrary] Timezone=60

[4][NativeLibrary] SummerTime=0

[4][NativeLibrary] Timezone=60

[4][NativeLibrary] SummerTime=0

[4][NativeLibrary] Timezone=60

[4][NativeLibrary] SummerTime=0

[4][NativeLibrary] Timezone=60

[4][NativeLibrary] SummerTime=0

[4][NativeLibrary] Timezone=60

[4][NativeLibrary] SummerTime=0

[4][NativeLibrary] Timezone=60

[4][NativeLibrary] SummerTime=0

[4][NativeLibrary] Timezone=60

[4][NativeLibrary] SummerTime=0

[4][NativeLibrary] Timezone=60

[4][NativeLibrary] SummerTime=0

[4][NativeLibrary] Timezone=60

[4][NativeLibrary] SummerTime=0

[4][NativeLibrary] Timezone=60

[4][NativeLibrary] SummerTime=0

[4][NativeLibrary] Timezone=60

[4][NativeLibrary] SummerTime=0

[4][NativeLibrary] Timezone=60

[4][NativeLibrary] SummerTime=0

[4][NativeLibrary] Timezone=60

[4][NativeLibrary] SummerTime=0

[4][NativeLibrary] Timezone=60

[4][NativeLibrary] SummerTime=0

[4][NativeLibrary] Timezone=60

[4][NativeLibrary] SummerTime=0

[4][NativeLibrary] Timezone=60

[4][NativeLibrary] SummerTime=0

[4][NativeLibrary] Timezone=60

[4][NativeLibrary] SummerTime=0

[4][NativeLibrary] Timezone=60

[4][NativeLibrary] SummerTime=0

[VK] FPS 31.2 | 32.05 ms/frame | min 30.71 max 40.92 ms | 32 framu | lsfg=0
[4][NativeLibrary] Timezone=60

[4][NativeLibrary] SummerTime=0

[4][NativeLibrary] OSD [nethersx2_quick_menu]: NETHERSX2 QUICK MENU

[4][NativeLibrary] 

[4][NativeLibrary] > Resume game

[4][NativeLibrary]   State slot: 0

[4][NativeLibrary]   Load state

[4][NativeLibrary]   Save state

[4][NativeLibrary]   Change disc >

[4][NativeLibrary]   Controller mapping

[4][NativeLibrary]   Cheat codes

[4][NativeLibrary]   Achievements: Disabled

[4][NativeLibrary]   Frame Generation: Disabled

[4][NativeLibrary]   Frame Rate Control >

[4][NativeLibrary]   Reset console

[4][NativeLibrary]   Exit game

[4][NativeLibrary] 

[4][NativeLibrary] A  Select     B  Close     Left/Right  Change
[4][NativeLibrary] Timezone=60

[4][NativeLibrary] SummerTime=0

[4][NativeLibrary] Timezone=60

[4][NativeLibrary] SummerTime=0

[4][NativeLibrary] Timezone=60

[4][NativeLibrary] SummerTime=0

[4][NativeLibrary] Timezone=60

[4][NativeLibrary] OSD [nethersx2_quick_menu]: NETHERSX2 QUICK MENU

[4][NativeLibrary] 

[4][NativeLibrary] > Resume game

[4][NativeLibrary]   State slot: 0

[4][NativeLibrary]   Load state

[4][NativeLibrary]   Save state

[4][NativeLibrary]   Change disc >

[4][NativeLibrary]   Controller mapping

[4][NativeLibrary]   Cheat codes

[4][NativeLibrary]   Achievements: Disabled

[4][NativeLibrary]   Frame Generation: Disabled

[4][NativeLibrary]   Frame Rate Control >

[4][NativeLibrary]   Reset console

[4][NativeLibrary]   Exit game

[4][NativeLibrary] 

[4][NativeLibrary] A  Select     B  Close     Left/Right  Change
[4][NativeLibrary] SummerTime=0

[4][NativeLibrary] Timezone=60

[4][NativeLibrary] SummerTime=0

[4][NativeLibrary] Timezone=60

[4][NativeLibrary] SummerTime=0

[4][NativeLibrary] Timezone=60

[4][NativeLibrary] SummerTime=0

[4][NativeLibrary] Timezone=60

[4][NativeLibrary] SummerTime=0

[4][NativeLibrary] Timezone=60

[4][NativeLibrary] SummerTime=0

[4][NativeLibrary] Timezone=60

[4][NativeLibrary] SummerTime=0

[4][NativeLibrary] Timezone=60

[4][NativeLibrary] SummerTime=0

[4][NativeLibrary] Timezone=60

[4][NativeLibrary] SummerTime=0

[4][NativeLibrary] OSD [nethersx2_quick_menu]: NETHERSX2 QUICK MENU

[4][NativeLibrary] 

[4][NativeLibrary]   Resume game

[4][NativeLibrary] > State slot: 0

[4][NativeLibrary]   Load state

[4][NativeLibrary]   Save state

[4][NativeLibrary]   Change disc >

[4][NativeLibrary]   Controller mapping

[4][NativeLibrary]   Cheat codes

[4][NativeLibrary]   Achievements: Disabled

[4][NativeLibrary]   Frame Generation: Disabled

[4][NativeLibrary]   Frame Rate Control >

[4][NativeLibrary]   Reset console

[4][NativeLibrary]   Exit game

[4][NativeLibrary] 

[4][NativeLibrary] A  Select     B  Close     Left/Right  Change
[4][NativeLibrary] Timezone=60

[4][NativeLibrary] SummerTime=0

[4][NativeLibrary] Timezone=60

[4][NativeLibrary] SummerTime=0

[4][NativeLibrary] Timezone=60

[4][NativeLibrary] SummerTime=0

[4][NativeLibrary] Timezone=60

[4][NativeLibrary] SummerTime=0

[4][NativeLibrary] Timezone=60

[4][NativeLibrary] SummerTime=0

[4][NativeLibrary] OSD [nethersx2_quick_menu]: NETHERSX2 QUICK MENU

[4][NativeLibrary] 

[4][NativeLibrary]   Resume game

[4][NativeLibrary]   State slot: 0

[4][NativeLibrary] > Load state

[4][NativeLibrary]   Save state

[4][NativeLibrary]   Change disc >

[4][NativeLibrary]   Controller mapping

[4][NativeLibrary]   Cheat codes

[4][NativeLibrary]   Achievements: Disabled

[4][NativeLibrary]   Frame Generation: Disabled

[4][NativeLibrary]   Frame Rate Control >

[4][NativeLibrary]   Reset console

[4][NativeLibrary]   Exit game

[4][NativeLibrary] 

[4][NativeLibrary] A  Select     B  Close     Left/Right  Change
[4][NativeLibrary] Timezone=60

[4][NativeLibrary] SummerTime=0

[4][NativeLibrary] Timezone=60

[4][NativeLibrary] SummerTime=0

[4][NativeLibrary] OSD [nethersx2_quick_menu]: NETHERSX2 QUICK MENU

[4][NativeLibrary] 

[4][NativeLibrary]   Resume game

[4][NativeLibrary]   State slot: 0

[4][NativeLibrary]   Load state

[4][NativeLibrary] > Save state

[4][NativeLibrary]   Change disc >

[4][NativeLibrary]   Controller mapping

[4][NativeLibrary]   Cheat codes

[4][NativeLibrary]   Achievements: Disabled

[4][NativeLibrary]   Frame Generation: Disabled

[4][NativeLibrary]   Frame Rate Control >

[4][NativeLibrary]   Reset console

[4][NativeLibrary]   Exit game

[4][NativeLibrary] 

[4][NativeLibrary] A  Select     B  Close     Left/Right  Change
[4][NativeLibrary] Timezone=60

[4][NativeLibrary] SummerTime=0

[VK] FPS 18.9 | 52.96 ms/frame | min 28.06 max 127.21 ms | 21 framu | lsfg=0
[4][NativeLibrary] Timezone=60

[4][NativeLibrary] SummerTime=0

[4][NativeLibrary] Timezone=60

[4][NativeLibrary] OSD [nethersx2_quick_menu]: NETHERSX2 QUICK MENU

[4][NativeLibrary] 

[4][NativeLibrary]   Resume game

[4][NativeLibrary]   State slot: 0

[4][NativeLibrary]   Load state

[4][NativeLibrary]   Save state

[4][NativeLibrary] > Change disc >

[4][NativeLibrary]   Controller mapping

[4][NativeLibrary]   Cheat codes

[4][NativeLibrary]   Achievements: Disabled

[4][NativeLibrary]   Frame Generation: Disabled

[4][NativeLibrary]   Frame Rate Control >

[4][NativeLibrary]   Reset console

[4][NativeLibrary]   Exit game

[4][NativeLibrary] 

[4][NativeLibrary] A  Select     B  Close     Left/Right  Change
[4][NativeLibrary] SummerTime=0

[4][NativeLibrary] Timezone=60

[4][NativeLibrary] SummerTime=0

[4][NativeLibrary] Timezone=60

[4][NativeLibrary] SummerTime=0

[4][NativeLibrary] Timezone=60

[4][NativeLibrary] OSD [nethersx2_quick_menu]: NETHERSX2 QUICK MENU

[4][NativeLibrary] 

[4][NativeLibrary]   Resume game

[4][NativeLibrary]   State slot: 0

[4][NativeLibrary]   Load state

[4][NativeLibrary]   Save state

[4][NativeLibrary]   Change disc >

[4][NativeLibrary] > Controller mapping

[4][NativeLibrary]   Cheat codes

[4][NativeLibrary]   Achievements: Disabled

[4][NativeLibrary]   Frame Generation: Disabled

[4][NativeLibrary]   Frame Rate Control >

[4][NativeLibrary]   Reset console

[4][NativeLibrary]   Exit game

[4][NativeLibrary] 

[4][NativeLibrary] A  Select     B  Close     Left/Right  Change
[4][NativeLibrary] SummerTime=0

[4][NativeLibrary] Timezone=60

[4][NativeLibrary] SummerTime=0

[4][NativeLibrary] Timezone=60

[4][NativeLibrary] SummerTime=0

[4][NativeLibrary] OSD [nethersx2_quick_menu]: NETHERSX2 QUICK MENU

[4][NativeLibrary] 

[4][NativeLibrary]   Resume game

[4][NativeLibrary]   State slot: 0

[4][NativeLibrary]   Load state

[4][NativeLibrary]   Save state

[4][NativeLibrary]   Change disc >

[4][NativeLibrary]   Controller mapping

[4][NativeLibrary] > Cheat codes

[4][NativeLibrary]   Achievements: Disabled

[4][NativeLibrary]   Frame Generation: Disabled

[4][NativeLibrary]   Frame Rate Control >

[4][NativeLibrary]   Reset console

[4][NativeLibrary]   Exit game

[4][NativeLibrary] 

[4][NativeLibrary] A  Select     B  Close     Left/Right  Change
[4][NativeLibrary] Timezone=60

[4][NativeLibrary] SummerTime=0

[4][NativeLibrary] Timezone=60

[4][NativeLibrary] SummerTime=0

[4][NativeLibrary] Timezone=60

[4][NativeLibrary] SummerTime=0

[4][NativeLibrary] OSD [nethersx2_quick_menu]: NETHERSX2 QUICK MENU

[4][NativeLibrary] 

[4][NativeLibrary]   Resume game

[4][NativeLibrary]   State slot: 0

[4][NativeLibrary]   Load state

[4][NativeLibrary]   Save state

[4][NativeLibrary]   Change disc >

[4][NativeLibrary]   Controller mapping

[4][NativeLibrary]   Cheat codes

[4][NativeLibrary] > Achievements: Disabled

[4][NativeLibrary]   Frame Generation: Disabled

[4][NativeLibrary]   Frame Rate Control >

[4][NativeLibrary]   Reset console

[4][NativeLibrary]   Exit game

[4][NativeLibrary] 

[4][NativeLibrary] A  Select     B  Close     Left/Right  Change
[4][NativeLibrary] Timezone=60

[4][NativeLibrary] SummerTime=0

[4][NativeLibrary] Timezone=60

[4][NativeLibrary] SummerTime=0

[4][NativeLibrary] Timezone=60

[4][NativeLibrary] OSD [nethersx2_quick_menu]: NETHERSX2 QUICK MENU

[4][NativeLibrary] 

[4][NativeLibrary]   Resume game

[4][NativeLibrary]   State slot: 0

[4][NativeLibrary]   Load state

[4][NativeLibrary]   Save state

[4][NativeLibrary]   Change disc >

[4][NativeLibrary]   Controller mapping

[4][NativeLibrary]   Cheat codes

[4][NativeLibrary]   Achievements: Disabled

[4][NativeLibrary]   Frame Generation: Disabled

[4][NativeLibrary] > Frame Rate Control >

[4][NativeLibrary]   Reset console

[4][NativeLibrary]   Exit game

[4][NativeLibrary] 

[4][NativeLibrary] A  Select     B  Close     Left/Right  Change
[4][NativeLibrary] SummerTime=0

[4][NativeLibrary] Timezone=60

[4][NativeLibrary] SummerTime=0

[4][NativeLibrary] Timezone=60

[4][NativeLibrary] SummerTime=0

[4][NativeLibrary] OSD [nethersx2_quick_menu]: NETHERSX2 QUICK MENU

[4][NativeLibrary] 

[4][NativeLibrary]   Resume game

[4][NativeLibrary]   State slot: 0

[4][NativeLibrary]   Load state

[4][NativeLibrary]   Save state

[4][NativeLibrary]   Change disc >

[4][NativeLibrary]   Controller mapping

[4][NativeLibrary]   Cheat codes

[4][NativeLibrary]   Achievements: Disabled

[4][NativeLibrary]   Frame Generation: Disabled

[4][NativeLibrary]   Frame Rate Control >

[4][NativeLibrary] > Reset console

[4][NativeLibrary]   Exit game

[4][NativeLibrary] 

[4][NativeLibrary] A  Select     B  Close     Left/Right  Change
[4][NativeLibrary] Timezone=60

[4][NativeLibrary] SummerTime=0

[VK] FPS 15.4 | 64.76 ms/frame | min 30.54 max 130.49 ms | 16 framu | lsfg=0
[4][NativeLibrary] Timezone=60

[4][NativeLibrary] SummerTime=0

[4][NativeLibrary] Timezone=60

[4][NativeLibrary] SummerTime=0

[4][NativeLibrary] Timezone=60

[4][NativeLibrary] OSD [nethersx2_quick_menu]: NETHERSX2 QUICK MENU

[4][NativeLibrary] 

[4][NativeLibrary]   Resume game

[4][NativeLibrary]   State slot: 0

[4][NativeLibrary]   Load state

[4][NativeLibrary]   Save state

[4][NativeLibrary]   Change disc >

[4][NativeLibrary]   Controller mapping

[4][NativeLibrary]   Cheat codes

[4][NativeLibrary]   Achievements: Disabled

[4][NativeLibrary]   Frame Generation: Disabled

[4][NativeLibrary]   Frame Rate Control >

[4][NativeLibrary]   Reset console

[4][NativeLibrary] > Exit game

[4][NativeLibrary] 

[4][NativeLibrary] A  Select     B  Close     Left/Right  Change
[4][NativeLibrary] SummerTime=0

[4][NativeLibrary] Timezone=60

[4][NativeLibrary] SummerTime=0

[4][NativeLibrary] Timezone=60

[4][NativeLibrary] SummerTime=0

[4][NativeLibrary] Timezone=60

[4][NativeLibrary] SummerTime=0

[4][NativeLibrary] Timezone=60

[4][NativeLibrary] SummerTime=0

[4][NativeLibrary] Timezone=60

[4][NativeLibrary] SummerTime=0

[4][NativeLibrary] Timezone=60

[4][NativeLibrary] SummerTime=0

[4][NativeLibrary] Timezone=60

[4][NativeLibrary] SummerTime=0

[4][NativeLibrary] Timezone=60

[4][NativeLibrary] SummerTime=0

[4][NativeLibrary] Timezone=60

[4][NativeLibrary] SummerTime=0

[4][NativeLibrary] Timezone=60

[4][NativeLibrary] SummerTime=0

[4][NativeLibrary] Timezone=60

[4][NativeLibrary] SummerTime=0

[4][NativeLibrary] Timezone=60

[4][NativeLibrary] SummerTime=0

[4][NativeLibrary] Timezone=60

[4][NativeLibrary] SummerTime=0

[4][NativeLibrary] Timezone=60

[4][NativeLibrary] SummerTime=0

[4][NativeLibrary] Timezone=60

[4][NativeLibrary] SummerTime=0

[4][NativeLibrary] Timezone=60

[4][NativeLibrary] SummerTime=0

[4][NativeLibrary] Timezone=60

[4][NativeLibrary] SummerTime=0

[4][NativeLibrary] Timezone=60

[4][NativeLibrary] SummerTime=0

[4][NativeLibrary] Timezone=60

[4][NativeLibrary] OSD [nethersx2_quick_menu]: 
[4][NativeLibrary] SummerTime=0

[4][NativeLibrary] Timezone=60

[4][NativeLibrary] SummerTime=0

[4][NativeLibrary] Timezone=60

[4][NativeLibrary] SummerTime=0

[4][NativeLibrary] Timezone=60

[4][NativeLibrary] SummerTime=0

[4][NativeLibrary] Timezone=60

[4][NativeLibrary] SummerTime=0

[4][NativeLibrary] Timezone=60

[4][NativeLibrary] SummerTime=0

[4][NativeLibrary] Timezone=60

[4][NativeLibrary] SummerTime=0

[4][NativeLibrary] Timezone=60

[4][NativeLibrary] SummerTime=0

[4][NativeLibrary] Timezone=60

[4][NativeLibrary] SummerTime=0

[VK] FPS 29.6 | 33.74 ms/frame | min 29.60 max 122.66 ms | 30 framu | lsfg=0
[4][NativeLibrary] Timezone=60

[4][NativeLibrary] SummerTime=0

[4][NativeLibrary] Timezone=60

[4][NativeLibrary] SummerTime=0

[4][NativeLibrary] Timezone=60

[4][NativeLibrary] SummerTime=0

[4][NativeLibrary] Timezone=60

[4][NativeLibrary] SummerTime=0

[4][NativeLibrary] Timezone=60

[4][NativeLibrary] SummerTime=0

[4][NativeLibrary] Timezone=60

[4][NativeLibrary] SummerTime=0

[4][NativeLibrary] Timezone=60

[4][NativeLibrary] SummerTime=0

[4][NativeLibrary] Timezone=60

[4][NativeLibrary] SummerTime=0

[4][NativeLibrary] Timezone=60

[4][NativeLibrary] SummerTime=0

[4][NativeLibrary] Timezone=60

[4][NativeLibrary] SummerTime=0

[4][NativeLibrary] Timezone=60

[4][NativeLibrary] SummerTime=0

[4][NativeLibrary] Timezone=60

[4][NativeLibrary] SummerTime=0

[4][NativeLibrary] Timezone=60

[4][NativeLibrary] SummerTime=0

[4][NativeLibrary] Timezone=60

[4][NativeLibrary] SummerTime=0

[4][NativeLibrary] Timezone=60

[4][NativeLibrary] SummerTime=0

[4][NativeLibrary] Timezone=60

[4][NativeLibrary] SummerTime=0

[4][NativeLibrary] Timezone=60

[4][NativeLibrary] SummerTime=0

[4][NativeLibrary] Timezone=60

[4][NativeLibrary] SummerTime=0

[4][NativeLibrary] Timezone=60

[4][NativeLibrary] SummerTime=0

[4][NativeLibrary] Timezone=60

[4][NativeLibrary] SummerTime=0

[4][NativeLibrary] Timezone=60

[4][NativeLibrary] SummerTime=0

[4][NativeLibrary] Timezone=60

[4][NativeLibrary] SummerTime=0

[4][NativeLibrary] Timezone=60

[4][NativeLibrary] SummerTime=0

[4][NativeLibrary] Timezone=60

[4][NativeLibrary] SummerTime=0

[4][NativeLibrary] Timezone=60

[4][NativeLibrary] SummerTime=0

[4][NativeLibrary] Timezone=60

[4][NativeLibrary] SummerTime=0

[4][NativeLibrary] Timezone=60

[4][NativeLibrary] SummerTime=0

[4][NativeLibrary] Timezone=60

[4][NativeLibrary] SummerTime=0

[4][NativeLibrary] Timezone=60

[4][NativeLibrary] SummerTime=0

[4][NativeLibrary] Timezone=60

[4][NativeLibrary] SummerTime=0

[4][NativeLibrary] Timezone=60

[4][NativeLibrary] SummerTime=0

[4][NativeLibrary] Timezone=60

[4][NativeLibrary] SummerTime=0

[4][NativeLibrary] Timezone=60

[4][NativeLibrary] SummerTime=0

[VK] FPS 32.8 | 30.52 ms/frame | min 27.95 max 32.69 ms | 33 framu | lsfg=0
[4][NativeLibrary] Timezone=60

[4][NativeLibrary] SummerTime=0

[4][NativeLibrary] Timezone=60

[4][NativeLibrary] SummerTime=0

[4][NativeLibrary] Timezone=60

[4][NativeLibrary] SummerTime=0

[4][NativeLibrary] Timezone=60

[4][NativeLibrary] SummerTime=0

[4][NativeLibrary] Timezone=60

[4][NativeLibrary] SummerTime=0

[4][NativeLibrary] Timezone=60

[4][NativeLibrary] SummerTime=0

[4][NativeLibrary] Timezone=60

[4][NativeLibrary] SummerTime=0

[4][NativeLibrary] Timezone=60

[4][NativeLibrary] SummerTime=0

[4][NativeLibrary] Timezone=60

[4][NativeLibrary] SummerTime=0

[4][NativeLibrary] Timezone=60

[4][NativeLibrary] SummerTime=0

[4][NativeLibrary] Timezone=60

[4][NativeLibrary] SummerTime=0

[4][NativeLibrary] Timezone=60

[4][NativeLibrary] SummerTime=0

[4][NativeLibrary] Timezone=60

[4][NativeLibrary] SummerTime=0

[4][NativeLibrary] Timezone=60

[4][NativeLibrary] SummerTime=0

[4][NativeLibrary] Timezone=60

[4][NativeLibrary] SummerTime=0

[4][NativeLibrary] Timezone=60

[4][NativeLibrary] SummerTime=0

[4][NativeLibrary] Timezone=60

[4][NativeLibrary] SummerTime=0

[4][NativeLibrary] Timezone=60

[4][NativeLibrary] SummerTime=0

[4][NativeLibrary] Timezone=60

[4][NativeLibrary] SummerTime=0

[4][NativeLibrary] Timezone=60

[4][NativeLibrary] OSD [nethersx2_quick_menu]: NETHERSX2 QUICK MENU

[4][NativeLibrary] 

[4][NativeLibrary] > Resume game

[4][NativeLibrary]   State slot: 0

[4][NativeLibrary]   Load state

[4][NativeLibrary]   Save state

[4][NativeLibrary]   Change disc >

[4][NativeLibrary]   Controller mapping

[4][NativeLibrary]   Cheat codes

[4][NativeLibrary]   Achievements: Disabled

[4][NativeLibrary]   Frame Generation: Disabled

[4][NativeLibrary]   Frame Rate Control >

[4][NativeLibrary]   Reset console

[4][NativeLibrary]   Exit game

[4][NativeLibrary] 

[4][NativeLibrary] A  Select     B  Close     Left/Right  Change
[4][NativeLibrary] SummerTime=0

[4][NativeLibrary] Timezone=60

[4][NativeLibrary] SummerTime=0

[4][NativeLibrary] Timezone=60

[4][NativeLibrary] SummerTime=0

[4][NativeLibrary] Timezone=60

[4][NativeLibrary] SummerTime=0

[4][NativeLibrary] Timezone=60

[4][NativeLibrary] SummerTime=0

[4][NativeLibrary] Timezone=60

[4][NativeLibrary] SummerTime=0

[4][NativeLibrary] Timezone=60

[4][NativeLibrary] SummerTime=0

[4][NativeLibrary] Timezone=60

[4][NativeLibrary] SummerTime=0

[4][NativeLibrary] Timezone=60

[4][NativeLibrary] SummerTime=0

[4][NativeLibrary] Timezone=60

[4][NativeLibrary] SummerTime=0

[4][NativeLibrary] Timezone=60

[4][NativeLibrary] SummerTime=0

[4][NativeLibrary] Timezone=60

[4][NativeLibrary] SummerTime=0

[VK] FPS 30.3 | 33.05 ms/frame | min 27.92 max 124.84 ms | 31 framu | lsfg=0
[4][NativeLibrary] Timezone=60

[4][NativeLibrary] SummerTime=0

[4][NativeLibrary] Timezone=60

[4][NativeLibrary] OSD [nethersx2_quick_menu]: NETHERSX2 QUICK MENU

[4][NativeLibrary] 

[4][NativeLibrary]   Resume game

[4][NativeLibrary] > State slot: 0

[4][NativeLibrary]   Load state

[4][NativeLibrary]   Save state

[4][NativeLibrary]   Change disc >

[4][NativeLibrary]   Controller mapping

[4][NativeLibrary]   Cheat codes

[4][NativeLibrary]   Achievements: Disabled

[4][NativeLibrary]   Frame Generation: Disabled

[4][NativeLibrary]   Frame Rate Control >

[4][NativeLibrary]   Reset console

[4][NativeLibrary]   Exit game

[4][NativeLibrary] 

[4][NativeLibrary] A  Select     B  Close     Left/Right  Change
[4][NativeLibrary] SummerTime=0

[4][NativeLibrary] Timezone=60

[4][NativeLibrary] SummerTime=0

[4][NativeLibrary] Timezone=60

[4][NativeLibrary] SummerTime=0

[4][NativeLibrary] Timezone=60

[4][NativeLibrary] SummerTime=0

[4][NativeLibrary] Timezone=60

[4][NativeLibrary] OSD [nethersx2_quick_menu]: NETHERSX2 QUICK MENU

[4][NativeLibrary] 

[4][NativeLibrary]   Resume game

[4][NativeLibrary]   State slot: 0

[4][NativeLibrary] > Load state

[4][NativeLibrary]   Save state

[4][NativeLibrary]   Change disc >

[4][NativeLibrary]   Controller mapping

[4][NativeLibrary]   Cheat codes

[4][NativeLibrary]   Achievements: Disabled

[4][NativeLibrary]   Frame Generation: Disabled

[4][NativeLibrary]   Frame Rate Control >

[4][NativeLibrary]   Reset console

[4][NativeLibrary]   Exit game

[4][NativeLibrary] 

[4][NativeLibrary] A  Select     B  Close     Left/Right  Change
[4][NativeLibrary] SummerTime=0

[4][NativeLibrary] Timezone=60

[4][NativeLibrary] SummerTime=0

[4][NativeLibrary] Timezone=60

[4][NativeLibrary] SummerTime=0

[4][NativeLibrary] OSD [nethersx2_quick_menu]: NETHERSX2 QUICK MENU

[4][NativeLibrary] 

[4][NativeLibrary]   Resume game

[4][NativeLibrary]   State slot: 0

[4][NativeLibrary]   Load state

[4][NativeLibrary] > Save state

[4][NativeLibrary]   Change disc >

[4][NativeLibrary]   Controller mapping

[4][NativeLibrary]   Cheat codes

[4][NativeLibrary]   Achievements: Disabled

[4][NativeLibrary]   Frame Generation: Disabled

[4][NativeLibrary]   Frame Rate Control >

[4][NativeLibrary]   Reset console

[4][NativeLibrary]   Exit game

[4][NativeLibrary] 

[4][NativeLibrary] A  Select     B  Close     Left/Right  Change
[4][NativeLibrary] Timezone=60

[4][NativeLibrary] SummerTime=0

[4][NativeLibrary] Timezone=60

[4][NativeLibrary] SummerTime=0

[4][NativeLibrary] OSD [nethersx2_quick_menu]: NETHERSX2 QUICK MENU

[4][NativeLibrary] 

[4][NativeLibrary]   Resume game

[4][NativeLibrary]   State slot: 0

[4][NativeLibrary]   Load state

[4][NativeLibrary]   Save state

[4][NativeLibrary] > Change disc >

[4][NativeLibrary]   Controller mapping

[4][NativeLibrary]   Cheat codes

[4][NativeLibrary]   Achievements: Disabled

[4][NativeLibrary]   Frame Generation: Disabled

[4][NativeLibrary]   Frame Rate Control >

[4][NativeLibrary]   Reset console

[4][NativeLibrary]   Exit game

[4][NativeLibrary] 

[4][NativeLibrary] A  Select     B  Close     Left/Right  Change
[4][NativeLibrary] Timezone=60

[4][NativeLibrary] SummerTime=0

[4][NativeLibrary] Timezone=60

[4][NativeLibrary] OSD [nethersx2_quick_menu]: NETHERSX2 QUICK MENU

[4][NativeLibrary] 

[4][NativeLibrary]   Resume game

[4][NativeLibrary]   State slot: 0

[4][NativeLibrary]   Load state

[4][NativeLibrary]   Save state

[4][NativeLibrary]   Change disc >

[4][NativeLibrary] > Controller mapping

[4][NativeLibrary]   Cheat codes

[4][NativeLibrary]   Achievements: Disabled

[4][NativeLibrary]   Frame Generation: Disabled

[4][NativeLibrary]   Frame Rate Control >

[4][NativeLibrary]   Reset console

[4][NativeLibrary]   Exit game

[4][NativeLibrary] 

[4][NativeLibrary] A  Select     B  Close     Left/Right  Change
[4][NativeLibrary] SummerTime=0

[4][NativeLibrary] Timezone=60

[4][NativeLibrary] SummerTime=0

[4][NativeLibrary] Timezone=60

[4][NativeLibrary] SummerTime=0

[4][NativeLibrary] OSD [nethersx2_quick_menu]: NETHERSX2 QUICK MENU

[4][NativeLibrary] 

[4][NativeLibrary]   Resume game

[4][NativeLibrary]   State slot: 0

[4][NativeLibrary]   Load state

[4][NativeLibrary]   Save state

[4][NativeLibrary]   Change disc >

[4][NativeLibrary]   Controller mapping

[4][NativeLibrary] > Cheat codes

[4][NativeLibrary]   Achievements: Disabled

[4][NativeLibrary]   Frame Generation: Disabled

[4][NativeLibrary]   Frame Rate Control >

[4][NativeLibrary]   Reset console

[4][NativeLibrary]   Exit game

[4][NativeLibrary] 

[4][NativeLibrary] A  Select     B  Close     Left/Right  Change
[4][NativeLibrary] Timezone=60

[4][NativeLibrary] SummerTime=0

[VK] FPS 14.7 | 68.04 ms/frame | min 27.63 max 154.65 ms | 15 framu | lsfg=0
[4][NativeLibrary] Timezone=60

[4][NativeLibrary] SummerTime=0

[4][NativeLibrary] Timezone=60

[4][NativeLibrary] SummerTime=0

[4][NativeLibrary] OSD [nethersx2_quick_menu]: NETHERSX2 QUICK MENU

[4][NativeLibrary] 

[4][NativeLibrary]   Resume game

[4][NativeLibrary]   State slot: 0

[4][NativeLibrary]   Load state

[4][NativeLibrary]   Save state

[4][NativeLibrary]   Change disc >

[4][NativeLibrary]   Controller mapping

[4][NativeLibrary]   Cheat codes

[4][NativeLibrary] > Achievements: Disabled

[4][NativeLibrary]   Frame Generation: Disabled

[4][NativeLibrary]   Frame Rate Control >

[4][NativeLibrary]   Reset console

[4][NativeLibrary]   Exit game

[4][NativeLibrary] 

[4][NativeLibrary] A  Select     B  Close     Left/Right  Change
[4][NativeLibrary] Timezone=60

[4][NativeLibrary] SummerTime=0

[4][NativeLibrary] Timezone=60

[4][NativeLibrary] SummerTime=0

[4][NativeLibrary] Timezone=60

[4][NativeLibrary] OSD [nethersx2_quick_menu]: NETHERSX2 QUICK MENU

[4][NativeLibrary] 

[4][NativeLibrary]   Resume game

[4][NativeLibrary]   State slot: 0

[4][NativeLibrary]   Load state

[4][NativeLibrary]   Save state

[4][NativeLibrary]   Change disc >

[4][NativeLibrary]   Controller mapping

[4][NativeLibrary]   Cheat codes

[4][NativeLibrary]   Achievements: Disabled

[4][NativeLibrary]   Frame Generation: Disabled

[4][NativeLibrary] > Frame Rate Control >

[4][NativeLibrary]   Reset console

[4][NativeLibrary]   Exit game

[4][NativeLibrary] 

[4][NativeLibrary] A  Select     B  Close     Left/Right  Change
[4][NativeLibrary] SummerTime=0

[4][NativeLibrary] Timezone=60

[4][NativeLibrary] SummerTime=0

[4][NativeLibrary] Timezone=60

[4][NativeLibrary] SummerTime=0

[4][NativeLibrary] OSD [nethersx2_quick_menu]: NETHERSX2 QUICK MENU

[4][NativeLibrary] 

[4][NativeLibrary]   Resume game

[4][NativeLibrary]   State slot: 0

[4][NativeLibrary]   Load state

[4][NativeLibrary]   Save state

[4][NativeLibrary]   Change disc >

[4][NativeLibrary]   Controller mapping

[4][NativeLibrary]   Cheat codes

[4][NativeLibrary]   Achievements: Disabled

[4][NativeLibrary]   Frame Generation: Disabled

[4][NativeLibrary]   Frame Rate Control >

[4][NativeLibrary] > Reset console

[4][NativeLibrary]   Exit game

[4][NativeLibrary] 

[4][NativeLibrary] A  Select     B  Close     Left/Right  Change
[4][NativeLibrary] Timezone=60

[4][NativeLibrary] SummerTime=0

[4][NativeLibrary] Timezone=60

[4][NativeLibrary] SummerTime=0

[4][NativeLibrary] Timezone=60

[4][NativeLibrary] SummerTime=0

[4][NativeLibrary] Timezone=60

[4][NativeLibrary] SummerTime=0

[4][NativeLibrary] Timezone=60

[4][NativeLibrary] SummerTime=0

[4][NativeLibrary] Timezone=60

[4][NativeLibrary] SummerTime=0

[4][NativeLibrary] Timezone=60

[4][NativeLibrary] SummerTime=0

[4][NativeLibrary] Timezone=60

[4][NativeLibrary] SummerTime=0

[4][NativeLibrary] Timezone=60

[4][NativeLibrary] SummerTime=0

[4][NativeLibrary] Timezone=60

[4][NativeLibrary] OSD [nethersx2_quick_menu]: NETHERSX2 QUICK MENU

[4][NativeLibrary] 

[4][NativeLibrary]   Resume game

[4][NativeLibrary]   State slot: 0

[4][NativeLibrary]   Load state

[4][NativeLibrary]   Save state

[4][NativeLibrary]   Change disc >

[4][NativeLibrary]   Controller mapping

[4][NativeLibrary]   Cheat codes

[4][NativeLibrary]   Achievements: Disabled

[4][NativeLibrary]   Frame Generation: Disabled

[4][NativeLibrary]   Frame Rate Control >

[4][NativeLibrary]   Reset console

[4][NativeLibrary] > Exit game

[4][NativeLibrary] 

[4][NativeLibrary] A  Select     B  Close     Left/Right  Change
[4][NativeLibrary] SummerTime=0

[4][NativeLibrary] Timezone=60

[4][NativeLibrary] SummerTime=0

[4][NativeLibrary] Timezone=60

[4][NativeLibrary] SummerTime=0

[4][NativeLibrary] Timezone=60

[4][NativeLibrary] SummerTime=0

[4][NativeLibrary] Timezone=60

[4][NativeLibrary] SummerTime=0

[VK] FPS 20.9 | 47.89 ms/frame | min 28.18 max 128.82 ms | 21 framu | lsfg=0
[4][NativeLibrary] Timezone=60

[4][NativeLibrary] SummerTime=0

[4][NativeLibrary] Timezone=60

[4][NativeLibrary] SummerTime=0

[4][NativeLibrary] Timezone=60

[4][NativeLibrary] SummerTime=0

[4][NativeLibrary] OSD [nethersx2_quick_menu]: 
[4][NativeLibrary] Timezone=60

[4][NativeLibrary] SummerTime=0

[4][NativeLibrary] Add 91 seconds play time to SCES-50294 -> now 252
[4][NativeLibrary] (AAudioMod) Closing stream...
[4][NativeLibrary] (AAudioMod) Stopping stream...
[VK] vkDestroySwapchainKHR swapchain=0x6dab6b36c0
[4][NativeLibrary] Writing 1740720 bytes to '/switch/nethersx2/cache/vulkan_pipelines.bin'
[VK] vkDestroyDevice device=0x6da5dd2040
[4][NativeLibrary] Releasing host memory for virtual systems...
[CI] log capture ON, NVK_I_WANT_A_BROKEN_VULKAN_DRIVER=1
[CI] stderr smerovan do core logu: SELHAL
[4][NativeLibrary] EmuFolders::DataRoot is '/switch/nethersx2'
[4][NativeLibrary] EmuFolders::Cache is '/switch/nethersx2/cache'
[4][NativeLibrary] EmuFolders::Resources is 'file:///android_asset'
[4][NativeLibrary] EmuFolders::Settings is '/switch/nethersx2'
[CI] emulator nro: VK build (GS_RENDERER=14), NVK_I_WANT_A_BROKEN_VULKAN_DRIVER=1
[4][NativeLibrary] Searching for a BIOS image in '/switch/nethersx2/bios'...
[4][NativeLibrary] Preparing for a 1280x720 window
[4][NativeLibrary] Bios Found: USA     v02.30(20/02/2008)  Console 20080220-175343
[4][NativeLibrary] Using BIOS '/switch/nethersx2/bios/SCPH-90001_BIOS_V18_USA_230.ROM0' (USA     v02.30(20/02/2008)  Console 20080220-175343 USA)
[4][NativeLibrary] Opening CDVD...
[4][NativeLibrary] isoFile open ok: /Roms/PS2/Fallout - Brotherhood of Steel (USA).iso
[4][NativeLibrary] 	Image type  = DVD
[4][NativeLibrary]  * CDVD Disk Open: DVD, Single layer or unknown:
[4][NativeLibrary]  * * Track 1: Data (Mode 1) (1498432 sectors)
[4][NativeLibrary] Opening GS...
[VK] vkCreateInstance begin api=4198400 app=NetherSX2 engine=NetherSX2 extensions=2
[VK] instance extension[0]=VK_KHR_surface
[VK] instance extension[1]=VK_KHR_android_surface
[VK] vkCreateInstance end result=0 instance=0x6d7a4ccfe0 lsfg_prepared=0
[4][NativeLibrary] No GPU requested, using first (NVIDIA Tegra X1 (NVK gm20b))
[VK] vkCreateViSurfaceNN window=0x7c4fbb0d58 result=0 surface=0x6da5daf700
[4][NativeLibrary] 1 vulkan queue families
[VK] vkCreateDevice begin physical=0x6d7a4cf620 queues=1 extensions=6 lsfg_pref=0
[VK] vkCreateDevice end result=0 device=0x6da5dd2040 lsfg_capable=0 family=4294967295
[VK] vkGetDeviceQueue family=0 index=0 queue=0x6da5dddc00
[VK] vkGetDeviceQueue family=0 index=0 queue=0x6da5dddc00
[4][NativeLibrary] VK_EXT_provoking_vertex is supported
[4][NativeLibrary] VK_EXT_line_rasterization is supported
[4][NativeLibrary] VK_EXT_calibrated_timestamps is supported
[4][NativeLibrary] VK_ARM_rasterization_order_attachment_access is NOT supported
[VK] vkGetDeviceQueue family=0 index=0 queue=0x6da5dddc00
[VK] vkCreateSwapchainKHR begin old=0x0 extent=1280x720 format=37 usage=0x10 images=3 mode=0
[VK] vkCreateSwapchainKHR end result=0 swapchain=0x6dab6b46c0 compatible=0 actual_usage=0x10 actual_images=3 actual_mode=0
[VK] vkGetSwapchainImagesKHR call=1 fill=0 result=0 count=3
[VK] vkGetSwapchainImagesKHR call=2 fill=1 result=0 count=3
[4][NativeLibrary] Read 293 entries from '/switch/nethersx2/cache/vulkan_shaders.idx'
[4][NativeLibrary] Lazily allocating JNI environment for thread 0x6d7a4cbec0
[VK] core VM sequence returned vm_running=1
[4][NativeLibrary] Opening SPU2...
[4][NativeLibrary] Initializing SndBuffer at sample rate of 48000...
[4][NativeLibrary] (AAudioMod) Creating stream...
[4][NativeLibrary] (AAudioMod) Starting stream...
[4][NativeLibrary] Opening PAD...
[4][NativeLibrary] Opening DEV9...
[4][NativeLibrary] Opening USB...
[4][NativeLibrary] Opening FW...
[4][NativeLibrary] McdSlot 0 [File]: /switch/nethersx2/memcards/Mcd001.ps2
[4][NativeLibrary] McdSlot 1 [File]: /switch/nethersx2/memcards/Mcd002.ps2
[4][NativeLibrary] EE/iR5900-ARM64 Recompiler Reset
[4][NativeLibrary] Vsync is OFF
[4][NativeLibrary] 	Searching for a BIOS image in '/switch/nethersx2/bios'...
[4][NativeLibrary] 	Bios Found: USA     v02.30(20/02/2008)  Console 20080220-175343
[4][NativeLibrary] 	Using BIOS '/switch/nethersx2/bios/SCPH-90001_BIOS_V18_USA_230.ROM0' (USA     v02.30(20/02/2008)  Console 20080220-175343 USA)
[4][NativeLibrary] 	Bios Found: USA     v02.30(20/02/2008)  Console 20080220-175343
[4][NativeLibrary] 	BIOS rom2 module not found, skipping...
[4][NativeLibrary] VM subsystems initialized in 2036.31 ms
[4][NativeLibrary] [GameDB] 12847 games on record (loaded in 1268.15ms)
[4][NativeLibrary] [GameDB] Searching for '20080220-175343' in GameDB
[4][NativeLibrary] [GameDB] Could not find '20080220-175343' in GameDB
[4][NativeLibrary] Game Changed:
[4][NativeLibrary]   Name: 
[4][NativeLibrary]   Serial: 20080220-175343
[4][NativeLibrary]   CRC: 00000000
[4][NativeLibrary] Applying settings...
[4][NativeLibrary] [GameDB] Searching for '20080220-175343' in GameDB
[4][NativeLibrary] [GameDB] Could not find '20080220-175343' in GameDB
[6][cpuinfo] failed to parse the list of possible processors in /sys/devices/system/cpu/possible
[6][cpuinfo] failed to parse the list of present processors in /sys/devices/system/cpu/present
[6][cpuinfo] failed to parse both lists of possible and present processors
[4][NativeLibrary] Failed to initialize cpuinfo
[4][NativeLibrary] OSD [android_warning]: You are using AetherSX2, and it should not be sold, or distributed as part of any other app.

[4][NativeLibrary] If you paid for this app, you should get your money back.
[4][NativeLibrary] # Initialize memory (rev:4.00, ctm:196Mhz, cpuclk:147Mhz detected)

[4][NativeLibrary] Applying settings...
[4][NativeLibrary] [GameDB] Searching for '20080220-175343' in GameDB
[4][NativeLibrary] [GameDB] Could not find '20080220-175343' in GameDB
[VK] vkAcquireNextImageKHR call=1 result=0 image=0 semaphore=0x6dac466c20 fence=0x0
[4][NativeLibrary] 
PlayStation 2 ======== 
[VK] vkQueueSubmit call=1 count=1 fence=0x6da5da68c0 result=0
[4][NativeLibrary] Hard reset boot
[VK] vkQueuePresentKHR enter call=1 waits=1 swaps=1 lsfg=0
[4][NativeLibrary] 

[VK] vkQueuePresentKHR call=1 swaps=1 result=0
[4][NativeLibrary]  ROMGEN=
[VK] vkAcquireNextImageKHR call=2 result=0 image=1 semaphore=0x6dac466da0 fence=0x0
[4][NativeLibrary] 2008-0220
[4][NativeLibrary] , IOP info (CPUID=
[4][NativeLibrary] 1f
[4][NativeLibrary] , CACH_CONFIG=
[4][NativeLibrary] 14000200, 2MB
[4][NativeLibrary] , IOP mode)

[4][NativeLibrary]  <
[4][NativeLibrary] 20080220-175343,ROMconf,PS20230WC20080220.bin
[4][NativeLibrary] :11824>

[4][NativeLibrary] # Total accessable memory size: 32 MB (B:2:8:0) (400:2:7c30)

[4][NativeLibrary] # TLB spad=0 kernel=1:12 default=13:30 extended=31:38

[4][NativeLibrary] # Initialize Start.

[4][NativeLibrary] # Initialize GS ...

[4][NativeLibrary] # Initialize INTC ...

[4][NativeLibrary] # Initialize TIMER ...

[4][NativeLibrary] # Initialize DMAC ...

[4][NativeLibrary] # Initialize VU1 ...

[4][NativeLibrary] # Initialize VIF1 ...

[4][NativeLibrary] # Initialize GIF ...

[4][NativeLibrary] # Initialize VU0 ...

[4][NativeLibrary] # Initialize VIF0 ...

[4][NativeLibrary] # Initialize IPU ...

[4][NativeLibrary] # Initialize FPU ...

[4][NativeLibrary] # Initialize User Memory ...

[VK] vkQueueSubmit call=2 count=1 fence=0x6da5da6c00 result=0
[VK] vkQueuePresentKHR enter call=2 waits=1 swaps=1 lsfg=0
[VK] vkQueuePresentKHR call=2 swaps=1 result=0
[VK] vkAcquireNextImageKHR call=3 result=0 image=2 semaphore=0x6dac466f20 fence=0x0
[VK] vkQueueSubmit call=3 count=1 fence=0x6da5da6f40 result=0
[4][NativeLibrary] # Initialize Scratch Pad ...

[VK] vkQueuePresentKHR enter call=3 waits=1 swaps=1 lsfg=0
[4][NativeLibrary] # Initialize Done.

[VK] vkQueuePresentKHR call=3 swaps=1 result=0
[4][NativeLibrary] 

[VK] vkAcquireNextImageKHR call=4 result=0 image=0 semaphore=0x6dac466c20 fence=0x0
[4][NativeLibrary] EE DECI2 Manager version 0.06 Sep  5 2006 12:57:08

[VK] vkQueuePresentKHR enter call=4 waits=1 swaps=1 lsfg=0
[4][NativeLibrary]   CPUID=2e20, BoardID=0, ROMGEN=2008-0220, 32M

[VK] vkQueuePresentKHR call=4 swaps=1 result=0
[4][NativeLibrary] 

[4][NativeLibrary] (SYSTEM.CNF) Detected PS2 Disc = cdrom0:\SLUS_205.39;1
[4][NativeLibrary] (SYSTEM.CNF) Software version = 1.00
[4][NativeLibrary] (SYSTEM.CNF) Disc region type = NTSC
[4][NativeLibrary] ELF (cdrom0:\SLUS_205.39;1) Game CRC = 0x6E9D2844, EntryPoint = 0x00100008
[4][NativeLibrary] (SYSTEM.CNF) Detected PS2 Disc = cdrom0:\SLUS_205.39;1
[4][NativeLibrary] (SYSTEM.CNF) Software version = 1.00
[4][NativeLibrary] (SYSTEM.CNF) Disc region type = NTSC
[4][NativeLibrary] 
IOP Realtime Kernel Ver.0.9.1
    Copyright 1999 (C) Sony C
[4][NativeLibrary] omputer Entertainment Inc. 

[4][NativeLibrary] Reboot service module.(99/11/10)

[4][NativeLibrary] cdvd driver module version 0.1.1 (C)SCEI

[4][NativeLibrary] Load File service.(99/11/05)

[4][NativeLibrary] Multi Threaded Fileio module.(99/11/15) 

[4][NativeLibrary] iop heap service (99/11/03)

[4][NativeLibrary] loadelf: fname cdrom0:¥SLUS_205.39;1 secname all

[4][NativeLibrary] loadelf version 3.30

[VK] FPS 8.9 | 112.16 ms/frame | min 3.51 max 460.48 ms | 9 framu | lsfg=0
[4][NativeLibrary] Input ELF format filename = cdrom0:¥SLUS_205.39;1

[4][NativeLibrary] 0 00100000 0010aec8 
[4][NativeLibrary] .
[4][NativeLibrary] .
[4][NativeLibrary] .
[4][NativeLibrary] .
[4][NativeLibrary] .
[4][NativeLibrary] .
[4][NativeLibrary] .
[4][NativeLibrary] .
[4][NativeLibrary] .
[4][NativeLibrary] .
[4][NativeLibrary] .
[4][NativeLibrary] .
[4][NativeLibrary] .
[4][NativeLibrary] .
[4][NativeLibrary] .
[4][NativeLibrary] .
[4][NativeLibrary] .
[4][NativeLibrary] 

[4][NativeLibrary] Loaded, cdrom0:¥SLUS_205.39;1

[4][NativeLibrary] start address 0x100008

[4][NativeLibrary] gp address 00000000

[4][NativeLibrary] # Restart Without Memory Clear.

[VK] FPS 56.2 | 17.79 ms/frame | min 1.84 max 106.41 ms | 57 framu | lsfg=0
[4][NativeLibrary] # Initialize GS ...

[4][NativeLibrary] # Initialize INTC ...

[4][NativeLibrary] # Initialize TIMER ...

[4][NativeLibrary] # Initialize DMAC ...

[4][NativeLibrary] # Initialize VU1 ...

[4][NativeLibrary] # Initialize VIF1 ...

[4][NativeLibrary] # Initialize GIF ...

[4][NativeLibrary] # Initialize VU0 ...

[4][NativeLibrary] # Initialize VIF0 ...

[4][NativeLibrary] # Initialize IPU ...

[4][NativeLibrary] # Initialize FPU ...

[4][NativeLibrary] # Initialize Scratch Pad ...

[4][NativeLibrary] # Restart Without Memory Clear Done.

[4][NativeLibrary] Elf entry point @ 0x00100008 about to get recompiled. Load patches first.
[4][NativeLibrary] [GameDB] Searching for 'slus-20539' in GameDB
[4][NativeLibrary] [GameDB] Found 'slus-20539' in GameDB
[4][NativeLibrary] [GameDB] Searching for patch with CRC '6E9D2844'
[4][NativeLibrary] [GameDB] No CRC-specific patch or default patch found
[4][NativeLibrary] Overall 0 Cheats loaded
[4][NativeLibrary] [GameDB] Searching for 'slus-20539' in GameDB
[4][NativeLibrary] [GameDB] Found 'slus-20539' in GameDB
[4][NativeLibrary] Game Changed:
[4][NativeLibrary]   Name: Fallout - Brotherhood of Steel
[4][NativeLibrary]   Serial: SLUS-20539
[4][NativeLibrary]   CRC: 6E9D2844
[4][NativeLibrary] Applying settings...
[4][NativeLibrary] [GameDB] Searching for 'slus-20539' in GameDB
[4][NativeLibrary] [GameDB] Found 'slus-20539' in GameDB
[4][NativeLibrary] [GameDB] Enabled GS Hardware Fix: estimateTextureRegion to [mode=1]
[4][NativeLibrary] [GameDB] Enabled GS Hardware Fix: roundSprite to [mode=1]
[4][NativeLibrary] [GameDB] Enabled GS Hardware Fix: textureInsideRT to [mode=1]
[4][NativeLibrary] [GameDB] Enabled GS Hardware Fix: gpuPaletteConversion to [mode=1]
[4][NativeLibrary] Updating GS configuration...
[4][NativeLibrary] Vsync is OFF
[4][NativeLibrary] Add 3 seconds play time to 20080220-175343 -> now 9
[4][NativeLibrary] (UpdateVSyncRate) Mode Changed to NTSC.
[VK] FPS 27.7 | 36.06 ms/frame | min 14.88 max 23.54 ms | 28 framu | lsfg=0
[4][NativeLibrary] Get Reboot Request From EE

[4][NativeLibrary] 
PlayStation 2 ======== 
[4][NativeLibrary] Update rebooting..
[4][NativeLibrary] 

[4][NativeLibrary] 
PlayStation 2 ======== 
[4][NativeLibrary] Update reboot complete
[4][NativeLibrary] 

[4][NativeLibrary] cdvdman Init

[4][NativeLibrary] 
IOP Realtime Kernel Ver. 2.2
    Copyright 1999-2002 (C) So
[4][NativeLibrary] ny Computer Entertainment Inc. 

[4][NativeLibrary] Reboot service module.(99/11/10)

[4][NativeLibrary] cdvd driver module version 0.1.1 (C)SCEI

[4][NativeLibrary] Load File service.(99/11/05)

[4][NativeLibrary] Multi Threaded Fileio module.(99/11/15) 

[4][NativeLibrary] iop heap service (99/11/03)

[4][NativeLibrary] loadmodule: fname cdrom0:¥0MOD¥SIO2MAN.IRX;1 args 0 arg 

[VK] FPS 41.8 | 23.91 ms/frame | min 3.76 max 98.83 ms | 42 framu | lsfg=0
[4][NativeLibrary] loadmodule: id 25, ret 0

[4][NativeLibrary] loadmodule: fname cdrom0:¥0MOD¥PADMAN.IRX;1 args 0 arg 

[4][NativeLibrary] loadmodule: id 26, ret 0

[4][NativeLibrary] loadmodule: fname cdrom0:¥0MOD¥LIBSD.IRX;1 args 0 arg 

[4][NativeLibrary] loadmodule: id 27, ret 0

[4][NativeLibrary] loadmodule: fname cdrom0:¥0MOD¥SDRDRV.IRX;1 args 0 arg 

[4][NativeLibrary] SDR driver version 4.0.1 (C) SCEI

[4][NativeLibrary]  Exit rsd_main 

[4][NativeLibrary] loadmodule: id 28, ret 0

[4][NativeLibrary] loadmodule: fname cdrom0:¥0MOD¥MCMAN.IRX;1 args 0 arg 

[4][NativeLibrary] loadmodule: id 29, ret 2

[4][NativeLibrary] loadmodule: fname cdrom0:¥0MOD¥MCSERV.IRX;1 args 0 arg 

[4][NativeLibrary] loadmodule: id 30, ret 2

[4][NativeLibrary] loadmodule: fname cdrom0:¥0MOD¥HELLO.IRX;1 args 0 arg 

[4][NativeLibrary] starto

[4][NativeLibrary] loadmodule: id 31, ret 0

[4][NativeLibrary] Stream Buffer 1Bank 32768byte 5banks 163840byte used

[VK] FPS 61.1 | 16.36 ms/frame | min 1.33 max 46.22 ms | 62 framu | lsfg=0
[VK] FPS 59.9 | 16.68 ms/frame | min 5.01 max 33.96 ms | 60 framu | lsfg=0
[4][NativeLibrary] OSD [nethersx2_quick_status]: Quick menu: L + R + Plus
[VK] FPS 59.9 | 16.68 ms/frame | min 16.67 max 16.71 ms | 60 framu | lsfg=0
[VK] FPS 55.9 | 17.88 ms/frame | min 0.30 max 94.81 ms | 56 framu | lsfg=0
[VK] FPS 59.9 | 16.68 ms/frame | min 12.03 max 20.02 ms | 60 framu | lsfg=0
[VK] FPS 59.9 | 16.68 ms/frame | min 15.27 max 18.84 ms | 60 framu | lsfg=0
[VK] FPS 59.9 | 16.68 ms/frame | min 14.91 max 18.77 ms | 60 framu | lsfg=0
[VK] FPS 59.9 | 16.68 ms/frame | min 15.36 max 18.74 ms | 60 framu | lsfg=0
[VK] FPS 59.9 | 16.68 ms/frame | min 14.80 max 18.80 ms | 60 framu | lsfg=0
[VK] FPS 59.9 | 16.68 ms/frame | min 8.30 max 27.23 ms | 60 framu | lsfg=0
[VK] FPS 59.9 | 16.68 ms/frame | min 14.79 max 18.79 ms | 60 framu | lsfg=0
[VK] FPS 59.9 | 16.68 ms/frame | min 15.10 max 18.77 ms | 60 framu | lsfg=0
[VK] FPS 59.9 | 16.68 ms/frame | min 15.11 max 18.76 ms | 60 framu | lsfg=0
[VK] FPS 59.9 | 16.68 ms/frame | min 15.13 max 18.73 ms | 60 framu | lsfg=0
[VK] FPS 59.9 | 16.68 ms/frame | min 15.09 max 18.78 ms | 60 framu | lsfg=0
[VK] FPS 59.9 | 16.68 ms/frame | min 14.68 max 18.74 ms | 60 framu | lsfg=0
[VK] FPS 59.9 | 16.68 ms/frame | min 15.14 max 18.73 ms | 60 framu | lsfg=0
[VK] FPS 59.9 | 16.68 ms/frame | min 16.67 max 16.70 ms | 60 framu | lsfg=0
[VK] FPS 59.9 | 16.68 ms/frame | min 7.76 max 24.60 ms | 60 framu | lsfg=0
[VK] FPS 59.9 | 16.68 ms/frame | min 16.67 max 16.70 ms | 60 framu | lsfg=0
[VK] FPS 60.0 | 16.68 ms/frame | min 13.03 max 19.26 ms | 60 framu | lsfg=0
[VK] FPS 59.9 | 16.69 ms/frame | min 14.37 max 18.98 ms | 60 framu | lsfg=0
[VK] FPS 59.9 | 16.68 ms/frame | min 16.67 max 16.70 ms | 60 framu | lsfg=0
[VK] FPS 59.9 | 16.68 ms/frame | min 14.42 max 18.94 ms | 60 framu | lsfg=0
[VK] FPS 59.6 | 16.79 ms/frame | min 6.44 max 27.62 ms | 60 framu | lsfg=0
[VK] FPS 60.3 | 16.58 ms/frame | min 10.06 max 23.32 ms | 61 framu | lsfg=0
[VK] FPS 59.9 | 16.68 ms/frame | min 16.67 max 16.70 ms | 60 framu | lsfg=0
[VK] FPS 59.9 | 16.68 ms/frame | min 16.67 max 16.70 ms | 60 framu | lsfg=0
[VK] FPS 59.9 | 16.68 ms/frame | min 0.26 max 64.38 ms | 60 framu | lsfg=0
[VK] FPS 59.9 | 16.68 ms/frame | min 7.36 max 26.01 ms | 60 framu | lsfg=0
[VK] FPS 59.9 | 16.68 ms/frame | min 10.53 max 22.82 ms | 60 framu | lsfg=0
[VK] FPS 59.9 | 16.68 ms/frame | min 9.29 max 23.98 ms | 60 framu | lsfg=0
[VK] FPS 59.9 | 16.68 ms/frame | min 9.97 max 22.83 ms | 60 framu | lsfg=0
[VK] FPS 59.9 | 16.68 ms/frame | min 9.44 max 23.93 ms | 60 framu | lsfg=0
[VK] FPS 59.9 | 16.68 ms/frame | min 10.99 max 22.17 ms | 60 framu | lsfg=0
[VK] FPS 59.9 | 16.68 ms/frame | min 7.48 max 24.93 ms | 60 framu | lsfg=0
[VK] FPS 59.9 | 16.68 ms/frame | min 9.67 max 23.69 ms | 60 framu | lsfg=0
[VK] FPS 59.9 | 16.68 ms/frame | min 9.60 max 23.77 ms | 60 framu | lsfg=0
[VK] FPS 59.9 | 16.68 ms/frame | min 9.66 max 23.72 ms | 60 framu | lsfg=0
[VK] FPS 59.9 | 16.68 ms/frame | min 6.00 max 23.82 ms | 60 framu | lsfg=0
[VK] FPS 59.9 | 16.68 ms/frame | min 16.67 max 16.70 ms | 60 framu | lsfg=0
[VK] FPS 60.0 | 16.67 ms/frame | min 14.04 max 19.36 ms | 60 framu | lsfg=0
[VK] FPS 59.9 | 16.70 ms/frame | min 16.23 max 17.10 ms | 60 framu | lsfg=0
[VK] FPS 59.6 | 16.77 ms/frame | min 3.31 max 28.39 ms | 60 framu | lsfg=0
[VK] FPS 60.2 | 16.60 ms/frame | min 6.70 max 26.65 ms | 61 framu | lsfg=0
[VK] FPS 59.9 | 16.68 ms/frame | min 16.67 max 16.70 ms | 60 framu | lsfg=0
[VK] FPS 59.9 | 16.68 ms/frame | min 16.67 max 16.70 ms | 60 framu | lsfg=0
[VK] FPS 56.9 | 17.57 ms/frame | min 0.60 max 134.66 ms | 57 framu | lsfg=0
[VK] FPS 59.9 | 16.68 ms/frame | min 16.37 max 17.00 ms | 60 framu | lsfg=0
[VK] FPS 59.9 | 16.68 ms/frame | min 16.36 max 17.01 ms | 60 framu | lsfg=0
[VK] FPS 59.9 | 16.68 ms/frame | min 16.37 max 17.00 ms | 60 framu | lsfg=0
[VK] FPS 59.9 | 16.68 ms/frame | min 16.37 max 16.99 ms | 60 framu | lsfg=0
[VK] FPS 59.9 | 16.68 ms/frame | min 16.46 max 16.92 ms | 60 framu | lsfg=0
[4][NativeLibrary] 

[4][NativeLibrary] 

[4][NativeLibrary] Allocating 56 Segments = 7168k

[VK] FPS 59.9 | 16.68 ms/frame | min 2.47 max 40.20 ms | 60 framu | lsfg=0
[4][NativeLibrary] quest_find_bos -42 

[4][NativeLibrary] quest_bar_raiders 1 

[4][NativeLibrary] quest_radscorpion_tails -42 

[4][NativeLibrary] quest_mr_pussy -42 

[4][NativeLibrary] quest_rubys_locket -42 

[4][NativeLibrary] quest_warehouse_radscorpions -42 

[4][NativeLibrary] quest_boss_radscorpion -42 

[4][NativeLibrary] quest_crater_mayor -42 

[4][NativeLibrary] quest_medical_supplies -42 

[4][NativeLibrary] quest_town_raiders -42 

[4][NativeLibrary] quest_save_townspeople -42 

[4][NativeLibrary] quest_mill_raiders -42 

[4][NativeLibrary] quest_kill_matron -42 

[4][NativeLibrary] quest_vault13_flask -42 

[4][NativeLibrary] quest_warehouse_1 -42 

[4][NativeLibrary] quest_warehouse_2 -42 

[4][NativeLibrary] quest_warehouse_3 -42 

[4][NativeLibrary] quest_warehouse_complete -42 

[4][NativeLibrary] quest_escape_crater -42 

[4][NativeLibrary] quest01 received = 0 

[4][NativeLibrary] quest02 received = 0 

[4][NativeLibrary] quest03 received = 0 

[4][NativeLibrary] quest04 received = 0 

[4][NativeLibrary] quest05 received = 0 

[4][NativeLibrary] quest06 received = 0 

[4][NativeLibrary] quest07 received = 0 

[4][NativeLibrary] quest08 received = 0 

[4][NativeLibrary] quest09 received = 0 

[4][NativeLibrary] quest10 received = 0 

[4][NativeLibrary] quest11 received = 0 

[4][NativeLibrary] quest12 received = 0 

[4][NativeLibrary] quest13 received = 0 

[4][NativeLibrary] quest14 received = 0 

[4][NativeLibrary] quest15 received = 0 

[4][NativeLibrary] quest16 received = 0 

[4][NativeLibrary] quest17 received = 0 

[4][NativeLibrary] quest18 received = 0 

[4][NativeLibrary] Initializing gVar complete! 

[VK] FPS 38.7 | 25.85 ms/frame | min 16.37 max 383.46 ms | 40 framu | lsfg=0
[VK] FPS 60.9 | 16.41 ms/frame | min 2.39 max 21.06 ms | 61 framu | lsfg=0
[VK] FPS 59.9 | 16.68 ms/frame | min 4.59 max 16.82 ms | 60 framu | lsfg=0
[VK] FPS 59.9 | 16.68 ms/frame | min 16.51 max 16.87 ms | 60 framu | lsfg=0
[VK] FPS 59.9 | 16.68 ms/frame | min 16.67 max 16.70 ms | 60 framu | lsfg=0
[VK] FPS 58.9 | 16.96 ms/frame | min 1.68 max 53.18 ms | 59 framu | lsfg=0
[VK] FPS 48.9 | 20.43 ms/frame | min 0.26 max 186.11 ms | 49 framu | lsfg=0
[VK] FPS 59.9 | 16.68 ms/frame | min 16.66 max 16.71 ms | 60 framu | lsfg=0
[VK] FPS 59.9 | 16.68 ms/frame | min 13.18 max 18.58 ms | 60 framu | lsfg=0
[VK] FPS 59.9 | 16.68 ms/frame | min 7.85 max 25.52 ms | 60 framu | lsfg=0
[4][NativeLibrary] firstIdle = 2 

[VK] FPS 59.9 | 16.68 ms/frame | min 6.88 max 26.44 ms | 60 framu | lsfg=0
[VK] FPS 59.9 | 16.68 ms/frame | min 3.75 max 57.20 ms | 60 framu | lsfg=0
[VK] FPS 59.9 | 16.68 ms/frame | min 16.67 max 16.70 ms | 60 framu | lsfg=0
[VK] FPS 59.9 | 16.68 ms/frame | min 16.52 max 16.84 ms | 60 framu | lsfg=0
[VK] FPS 59.9 | 16.68 ms/frame | min 16.67 max 16.70 ms | 60 framu | lsfg=0
[VK] FPS 59.9 | 16.68 ms/frame | min 13.02 max 20.33 ms | 60 framu | lsfg=0
[VK] FPS 59.9 | 16.68 ms/frame | min 16.67 max 16.70 ms | 60 framu | lsfg=0
[VK] FPS 59.9 | 16.68 ms/frame | min 6.15 max 57.48 ms | 60 framu | lsfg=0
[VK] FPS 59.9 | 16.68 ms/frame | min 1.51 max 42.61 ms | 60 framu | lsfg=0
[4][NativeLibrary] this is getting call.. in cutscene? 

[VK] FPS 59.9 | 16.68 ms/frame | min 9.47 max 34.00 ms | 60 framu | lsfg=0
[VK] FPS 59.9 | 16.68 ms/frame | min 16.67 max 16.70 ms | 60 framu | lsfg=0
[VK] FPS 59.9 | 16.68 ms/frame | min 16.67 max 16.70 ms | 60 framu | lsfg=0
[VK] FPS 59.9 | 16.68 ms/frame | min 16.00 max 17.38 ms | 60 framu | lsfg=0
[VK] FPS 59.9 | 16.68 ms/frame | min 15.45 max 17.90 ms | 60 framu | lsfg=0
[VK] FPS 59.9 | 16.68 ms/frame | min 16.67 max 16.70 ms | 60 framu | lsfg=0
[VK] FPS 59.9 | 16.68 ms/frame | min 6.71 max 42.28 ms | 60 framu | lsfg=0
[VK] FPS 59.9 | 16.68 ms/frame | min 16.65 max 16.72 ms | 60 framu | lsfg=0
[VK] FPS 59.9 | 16.68 ms/frame | min 7.64 max 27.88 ms | 60 framu | lsfg=0
[VK] FPS 59.9 | 16.68 ms/frame | min 15.80 max 17.57 ms | 60 framu | lsfg=0
[VK] FPS 59.9 | 16.68 ms/frame | min 16.66 max 16.71 ms | 60 framu | lsfg=0
[4][NativeLibrary] play ruby vo..

[VK] FPS 59.9 | 16.68 ms/frame | min 15.60 max 17.77 ms | 60 framu | lsfg=0
[VK] FPS 59.9 | 16.68 ms/frame | min 16.66 max 16.70 ms | 60 framu | lsfg=0
[VK] FPS 59.9 | 16.68 ms/frame | min 16.51 max 16.85 ms | 60 framu | lsfg=0
[VK] FPS 59.9 | 16.68 ms/frame | min 16.67 max 16.69 ms | 60 framu | lsfg=0
[VK] FPS 59.9 | 16.68 ms/frame | min 16.65 max 16.71 ms | 60 framu | lsfg=0
[VK] FPS 59.9 | 16.68 ms/frame | min 7.39 max 55.53 ms | 60 framu | lsfg=0
[VK] FPS 59.9 | 16.69 ms/frame | min 16.65 max 16.87 ms | 60 framu | lsfg=0
[VK] FPS 60.0 | 16.68 ms/frame | min 16.55 max 16.80 ms | 60 framu | lsfg=0
[VK] FPS 59.9 | 16.68 ms/frame | min 6.72 max 38.92 ms | 60 framu | lsfg=0
[VK] FPS 59.9 | 16.68 ms/frame | min 16.66 max 16.70 ms | 60 framu | lsfg=0
[VK] FPS 59.9 | 16.68 ms/frame | min 16.67 max 16.70 ms | 60 framu | lsfg=0
[VK] FPS 59.9 | 16.68 ms/frame | min 16.49 max 16.87 ms | 60 framu | lsfg=0
[VK] FPS 59.9 | 16.68 ms/frame | min 16.67 max 16.70 ms | 60 framu | lsfg=0
[VK] FPS 59.9 | 16.68 ms/frame | min 16.66 max 16.71 ms | 60 framu | lsfg=0
[VK] FPS 59.9 | 16.68 ms/frame | min 16.67 max 16.70 ms | 60 framu | lsfg=0
[VK] FPS 59.9 | 16.68 ms/frame | min 16.67 max 16.70 ms | 60 framu | lsfg=0
[VK] FPS 59.9 | 16.68 ms/frame | min 16.66 max 16.71 ms | 60 framu | lsfg=0
[VK] FPS 59.9 | 16.68 ms/frame | min 16.66 max 16.70 ms | 60 framu | lsfg=0
[VK] FPS 59.9 | 16.68 ms/frame | min 16.66 max 16.71 ms | 60 framu | lsfg=0
[VK] FPS 59.9 | 16.68 ms/frame | min 16.66 max 16.71 ms | 60 framu | lsfg=0
[4][NativeLibrary] play ruby vo..

[VK] FPS 58.7 | 17.04 ms/frame | min 9.33 max 45.13 ms | 59 framu | lsfg=0
[4][NativeLibrary] Did not ask RUBY about BoS...

[VK] FPS 61.2 | 16.35 ms/frame | min 9.69 max 18.66 ms | 62 framu | lsfg=0
[4][NativeLibrary] Set Ruby_Self to true..

[4][NativeLibrary] Did not ask RUBY about raiders...

[VK] FPS 59.9 | 16.68 ms/frame | min 7.28 max 38.04 ms | 60 framu | lsfg=0
[4][NativeLibrary] Ruby asked self is true, making option hidden..

[4][NativeLibrary] Did not ask RUBY about BoS...

[4][NativeLibrary] Did not ask RUBY about raiders...

[4][NativeLibrary] Set Ruby_BoS to true..

[4][NativeLibrary] Ruby asked self is true, making option hidden..

[4][NativeLibrary] Ruby asked about BoS is true, making option hidden..

[4][NativeLibrary] Did not ask RUBY about raiders...

[VK] FPS 59.9 | 16.68 ms/frame | min 8.14 max 33.38 ms | 60 framu | lsfg=0
[4][NativeLibrary] **********Starting Ruby's Idles.***********

[VK] FPS 59.9 | 16.68 ms/frame | min 15.95 max 17.42 ms | 60 framu | lsfg=0
[4][NativeLibrary] Ruby asked self is true, making option hidden..

[4][NativeLibrary] Ruby asked about BoS is true, making option hidden..

[4][NativeLibrary] Did not ask RUBY about raiders...

[VK] FPS 59.9 | 16.68 ms/frame | min 8.13 max 31.06 ms | 60 framu | lsfg=0
[VK] FPS 59.9 | 16.68 ms/frame | min 16.58 max 16.77 ms | 60 framu | lsfg=0
[4][NativeLibrary] **********Starting Ruby's Idles.***********

[VK] FPS 59.9 | 16.68 ms/frame | min 13.88 max 30.52 ms | 60 framu | lsfg=0
[VK] FPS 59.9 | 16.68 ms/frame | min 16.61 max 16.77 ms | 60 framu | lsfg=0
[VK] FPS 60.0 | 16.68 ms/frame | min 1.68 max 33.89 ms | 60 framu | lsfg=0
[VK] FPS 59.9 | 16.68 ms/frame | min 16.57 max 16.80 ms | 60 framu | lsfg=0
[VK] FPS 59.9 | 16.69 ms/frame | min 16.51 max 17.04 ms | 60 framu | lsfg=0
[VK] FPS 59.9 | 16.68 ms/frame | min 16.36 max 17.09 ms | 60 framu | lsfg=0
[VK] FPS 59.9 | 16.68 ms/frame | min 16.66 max 16.71 ms | 60 framu | lsfg=0
[VK] FPS 59.9 | 16.68 ms/frame | min 16.65 max 16.71 ms | 60 framu | lsfg=0
[VK] FPS 59.9 | 16.68 ms/frame | min 16.36 max 17.00 ms | 60 framu | lsfg=0
[4][NativeLibrary] 

[4][NativeLibrary] 

[4][NativeLibrary] Allocating 47 Segments = 6016k

[VK] FPS 59.9 | 16.68 ms/frame | min 2.24 max 32.49 ms | 60 framu | lsfg=0
[VK] FPS 59.9 | 16.68 ms/frame | min 16.65 max 16.72 ms | 60 framu | lsfg=0
[VK] FPS 59.9 | 16.68 ms/frame | min 16.37 max 17.00 ms | 60 framu | lsfg=0
[VK] FPS 60.0 | 16.68 ms/frame | min 16.39 max 16.75 ms | 60 framu | lsfg=0
[VK] FPS 59.9 | 16.68 ms/frame | min 16.51 max 16.85 ms | 60 framu | lsfg=0
[VK] FPS 59.9 | 16.68 ms/frame | min 16.66 max 16.70 ms | 60 framu | lsfg=0
[VK] FPS 59.9 | 16.68 ms/frame | min 16.59 max 16.74 ms | 60 framu | lsfg=0
[4][NativeLibrary] quest_bar_raiders=2 

[VK] FPS 58.9 | 16.97 ms/frame | min 4.47 max 65.37 ms | 59 framu | lsfg=0
[VK] FPS 59.9 | 16.68 ms/frame | min 4.36 max 16.72 ms | 60 framu | lsfg=0
[VK] FPS 58.6 | 17.06 ms/frame | min 5.56 max 38.89 ms | 59 framu | lsfg=0
[VK] FPS 61.3 | 16.33 ms/frame | min 7.20 max 18.67 ms | 62 framu | lsfg=0
[VK] FPS 59.9 | 16.69 ms/frame | min 12.40 max 44.49 ms | 60 framu | lsfg=0
[VK] FPS 59.9 | 16.68 ms/frame | min 16.64 max 16.71 ms | 60 framu | lsfg=0
[VK] FPS 59.9 | 16.68 ms/frame | min 15.34 max 18.02 ms | 61 framu | lsfg=0
[VK] FPS 59.9 | 16.68 ms/frame | min 12.18 max 29.22 ms | 60 framu | lsfg=0
[VK] FPS 59.0 | 16.94 ms/frame | min 15.83 max 32.03 ms | 60 framu | lsfg=0
[VK] FPS 60.9 | 16.43 ms/frame | min 11.04 max 46.12 ms | 61 framu | lsfg=0
[VK] FPS 60.0 | 16.68 ms/frame | min 16.54 max 16.83 ms | 60 framu | lsfg=0
[VK] FPS 56.7 | 17.64 ms/frame | min 11.64 max 66.10 ms | 57 framu | lsfg=0
[VK] FPS 63.1 | 15.84 ms/frame | min 12.49 max 19.69 ms | 64 framu | lsfg=0
[4][NativeLibrary] armpit is a coward

[VK] FPS 59.9 | 16.68 ms/frame | min 9.51 max 43.86 ms | 60 framu | lsfg=0
[VK] FPS 59.9 | 16.68 ms/frame | min 16.50 max 16.87 ms | 60 framu | lsfg=0
[VK] FPS 59.9 | 16.68 ms/frame | min 16.51 max 16.86 ms | 60 framu | lsfg=0
[VK] FPS 59.9 | 16.68 ms/frame | min 16.57 max 16.81 ms | 60 framu | lsfg=0
[VK] FPS 59.9 | 16.68 ms/frame | min 16.47 max 16.90 ms | 60 framu | lsfg=0
[VK] FPS 59.9 | 16.69 ms/frame | min 16.58 max 16.87 ms | 60 framu | lsfg=0
[VK] FPS 60.0 | 16.68 ms/frame | min 16.54 max 16.84 ms | 60 framu | lsfg=0
[VK] FPS 59.9 | 16.68 ms/frame | min 16.50 max 16.87 ms | 60 framu | lsfg=0
[VK] FPS 59.9 | 16.68 ms/frame | min 16.56 max 16.80 ms | 60 framu | lsfg=0
[VK] FPS 59.9 | 16.68 ms/frame | min 16.56 max 16.81 ms | 60 framu | lsfg=0
[VK] FPS 59.9 | 16.68 ms/frame | min 16.55 max 16.82 ms | 60 framu | lsfg=0
[VK] FPS 59.9 | 16.68 ms/frame | min 16.52 max 16.85 ms | 60 framu | lsfg=0
[VK] FPS 59.9 | 16.68 ms/frame | min 16.50 max 16.85 ms | 60 framu | lsfg=0
[VK] FPS 59.9 | 16.68 ms/frame | min 16.63 max 16.72 ms | 60 framu | lsfg=0
[VK] FPS 59.9 | 16.68 ms/frame | min 16.64 max 16.73 ms | 60 framu | lsfg=0
[VK] FPS 59.9 | 16.68 ms/frame | min 14.92 max 18.46 ms | 60 framu | lsfg=0
[VK] FPS 59.9 | 16.68 ms/frame | min 16.66 max 16.71 ms | 60 framu | lsfg=0
[VK] FPS 59.9 | 16.68 ms/frame | min 9.41 max 45.17 ms | 60 framu | lsfg=0
[VK] FPS 59.9 | 16.68 ms/frame | min 10.61 max 34.83 ms | 60 framu | lsfg=0
[VK] FPS 59.9 | 16.68 ms/frame | min 16.64 max 16.71 ms | 60 framu | lsfg=0
[VK] FPS 59.9 | 16.68 ms/frame | min 16.66 max 16.71 ms | 60 framu | lsfg=0
[VK] FPS 59.9 | 16.68 ms/frame | min 16.51 max 16.85 ms | 60 framu | lsfg=0
[VK] FPS 59.9 | 16.68 ms/frame | min 16.64 max 16.75 ms | 60 framu | lsfg=0
[VK] FPS 59.9 | 16.68 ms/frame | min 10.01 max 46.72 ms | 60 framu | lsfg=0
[VK] FPS 59.9 | 16.68 ms/frame | min 16.65 max 16.72 ms | 60 framu | lsfg=0
[VK] FPS 59.9 | 16.68 ms/frame | min 16.66 max 16.71 ms | 60 framu | lsfg=0
[VK] FPS 59.9 | 16.68 ms/frame | min 16.66 max 16.73 ms | 60 framu | lsfg=0
[VK] FPS 59.9 | 16.68 ms/frame | min 9.89 max 47.45 ms | 60 framu | lsfg=0
[VK] FPS 58.3 | 17.16 ms/frame | min 14.89 max 39.81 ms | 59 framu | lsfg=0
[VK] FPS 56.1 | 17.84 ms/frame | min 15.85 max 19.90 ms | 57 framu | lsfg=0
[VK] FPS 63.5 | 15.74 ms/frame | min 11.35 max 17.82 ms | 64 framu | lsfg=0
[VK] FPS 59.9 | 16.68 ms/frame | min 9.95 max 48.75 ms | 60 framu | lsfg=0
[VK] FPS 59.9 | 16.68 ms/frame | min 13.53 max 19.83 ms | 60 framu | lsfg=0
[VK] FPS 59.9 | 16.68 ms/frame | min 16.66 max 16.71 ms | 60 framu | lsfg=0
[VK] FPS 59.9 | 16.69 ms/frame | min 13.87 max 28.16 ms | 60 framu | lsfg=0
[VK] FPS 60.0 | 16.68 ms/frame | min 11.18 max 49.16 ms | 60 framu | lsfg=0
[VK] FPS 59.9 | 16.68 ms/frame | min 14.62 max 18.75 ms | 60 framu | lsfg=0
[VK] FPS 59.9 | 16.68 ms/frame | min 16.66 max 16.72 ms | 60 framu | lsfg=0
[VK] FPS 59.9 | 16.68 ms/frame | min 16.65 max 16.71 ms | 60 framu | lsfg=0
[VK] FPS 59.9 | 16.68 ms/frame | min 16.52 max 16.86 ms | 60 framu | lsfg=0
[VK] FPS 59.9 | 16.68 ms/frame | min 16.67 max 16.72 ms | 60 framu | lsfg=0
[VK] FPS 59.9 | 16.68 ms/frame | min 16.66 max 16.70 ms | 60 framu | lsfg=0
[VK] FPS 59.9 | 16.68 ms/frame | min 16.65 max 16.70 ms | 60 framu | lsfg=0
[VK] FPS 59.9 | 16.68 ms/frame | min 16.65 max 16.70 ms | 60 framu | lsfg=0
[VK] FPS 59.9 | 16.68 ms/frame | min 10.90 max 50.79 ms | 60 framu | lsfg=0
[VK] FPS 59.9 | 16.68 ms/frame | min 16.44 max 16.88 ms | 60 framu | lsfg=0
[VK] FPS 59.9 | 16.68 ms/frame | min 16.65 max 16.71 ms | 60 framu | lsfg=0
[VK] FPS 59.9 | 16.68 ms/frame | min 16.66 max 16.70 ms | 60 framu | lsfg=0
[VK] FPS 59.9 | 16.68 ms/frame | min 16.51 max 16.86 ms | 60 framu | lsfg=0
[VK] FPS 59.9 | 16.68 ms/frame | min 16.65 max 16.71 ms | 60 framu | lsfg=0
[VK] FPS 59.9 | 16.68 ms/frame | min 16.66 max 16.70 ms | 60 framu | lsfg=0
[VK] FPS 59.9 | 16.68 ms/frame | min 9.07 max 38.88 ms | 60 framu | lsfg=0
[VK] FPS 59.9 | 16.68 ms/frame | min 16.66 max 16.71 ms | 60 framu | lsfg=0
[VK] FPS 59.9 | 16.68 ms/frame | min 10.71 max 49.39 ms | 60 framu | lsfg=0
[VK] FPS 59.9 | 16.68 ms/frame | min 16.63 max 16.73 ms | 60 framu | lsfg=0
[VK] FPS 59.9 | 16.68 ms/frame | min 16.62 max 16.75 ms | 60 framu | lsfg=0
[VK] FPS 59.9 | 16.68 ms/frame | min 11.67 max 21.67 ms | 60 framu | lsfg=0
[VK] FPS 59.9 | 16.68 ms/frame | min 16.52 max 16.83 ms | 60 framu | lsfg=0
[VK] FPS 59.9 | 16.68 ms/frame | min 14.15 max 20.12 ms | 60 framu | lsfg=0
[VK] FPS 59.9 | 16.68 ms/frame | min 16.64 max 16.73 ms | 60 framu | lsfg=0
[VK] FPS 59.9 | 16.69 ms/frame | min 10.26 max 51.80 ms | 60 framu | lsfg=0
[VK] FPS 59.9 | 16.68 ms/frame | min 13.10 max 20.19 ms | 60 framu | lsfg=0
[VK] FPS 59.9 | 16.68 ms/frame | min 11.75 max 45.72 ms | 60 framu | lsfg=0
[VK] FPS 59.9 | 16.68 ms/frame | min 13.35 max 30.56 ms | 60 framu | lsfg=0
[VK] FPS 58.3 | 17.14 ms/frame | min 13.09 max 49.19 ms | 59 framu | lsfg=0
[VK] FPS 61.6 | 16.25 ms/frame | min 11.43 max 16.75 ms | 62 framu | lsfg=0
[4][NativeLibrary] OSD [nethersx2_quick_menu]: NETHERSX2 QUICK MENU

[4][NativeLibrary] 

[4][NativeLibrary] > Resume game

[4][NativeLibrary]   State slot: 0

[4][NativeLibrary]   Load state

[4][NativeLibrary]   Save state

[4][NativeLibrary]   Change disc >

[4][NativeLibrary]   Controller mapping

[4][NativeLibrary]   Cheat codes

[4][NativeLibrary]   Achievements: Disabled

[4][NativeLibrary]   Frame Generation: Disabled

[4][NativeLibrary]   Frame Rate Control >

[4][NativeLibrary]   Reset console

[4][NativeLibrary]   Exit game

[4][NativeLibrary] 

[4][NativeLibrary] A  Select     B  Close     Left/Right  Change
[4][NativeLibrary] OSD [nethersx2_quick_menu]: NETHERSX2 QUICK MENU

[4][NativeLibrary] 

[4][NativeLibrary]   Resume game

[4][NativeLibrary] > State slot: 0

[4][NativeLibrary]   Load state

[4][NativeLibrary]   Save state

[4][NativeLibrary]   Change disc >

[4][NativeLibrary]   Controller mapping

[4][NativeLibrary]   Cheat codes

[4][NativeLibrary]   Achievements: Disabled

[4][NativeLibrary]   Frame Generation: Disabled

[4][NativeLibrary]   Frame Rate Control >

[4][NativeLibrary]   Reset console

[4][NativeLibrary]   Exit game

[4][NativeLibrary] 

[4][NativeLibrary] A  Select     B  Close     Left/Right  Change
[4][NativeLibrary] OSD [nethersx2_quick_menu]: NETHERSX2 QUICK MENU

[4][NativeLibrary] 

[4][NativeLibrary]   Resume game
[VK] 
FPS 59.9 | 16.68 ms/frame | min 9.11 max 28.82 ms | 60 framu | lsfg=0[4][NativeLibrary] 
  State slot: 0

[4][NativeLibrary] > Load state

[4][NativeLibrary]   Save state

[4][NativeLibrary]   Change disc >

[4][NativeLibrary]   Controller mapping

[4][NativeLibrary]   Cheat codes

[4][NativeLibrary]   Achievements: Disabled

[4][NativeLibrary]   Frame Generation: Disabled

[4][NativeLibrary]   Frame Rate Control >

[4][NativeLibrary]   Reset console

[4][NativeLibrary]   Exit game

[4][NativeLibrary] 

[4][NativeLibrary] A  Select     B  Close     Left/Right  Change
[4][NativeLibrary] OSD [nethersx2_quick_menu]: NETHERSX2 QUICK MENU

[4][NativeLibrary] 

[4][NativeLibrary]   Resume game

[4][NativeLibrary]   State slot: 0

[4][NativeLibrary]   Load state

[4][NativeLibrary] > Save state

[4][NativeLibrary]   Change disc >

[4][NativeLibrary]   Controller mapping

[4][NativeLibrary]   Cheat codes

[4][NativeLibrary]   Achievements: Disabled

[4][NativeLibrary]   Frame Generation: Disabled

[4][NativeLibrary]   Frame Rate Control >

[4][NativeLibrary]   Reset console

[4][NativeLibrary]   Exit game

[4][NativeLibrary] 

[4][NativeLibrary] A  Select     B  Close     Left/Right  Change
[4][NativeLibrary] OSD [nethersx2_quick_menu]: NETHERSX2 QUICK MENU

[4][NativeLibrary] 

[4][NativeLibrary]   Resume game

[4][NativeLibrary]   State slot: 0

[4][NativeLibrary]   Load state

[4][NativeLibrary]   Save state

[4][NativeLibrary] > Change disc >

[4][NativeLibrary]   Controller mapping

[4][NativeLibrary]   Cheat codes

[4][NativeLibrary]   Achievements: Disabled

[4][NativeLibrary]   Frame Generation: Disabled

[4][NativeLibrary]   Frame Rate Control >

[4][NativeLibrary]   Reset console

[4][NativeLibrary]   Exit game

[4][NativeLibrary] 

[4][NativeLibrary] A  Select     B  Close     Left/Right  Change
[4][NativeLibrary] OSD [nethersx2_quick_menu]: NETHERSX2 QUICK MENU

[4][NativeLibrary] 

[4][NativeLibrary]   Resume game

[4][NativeLibrary]   State slot: 0

[4][NativeLibrary]   Load state

[4][NativeLibrary]   Save state

[4][NativeLibrary]   Change disc >

[4][NativeLibrary] > Controller mapping

[4][NativeLibrary]   Cheat codes

[4][NativeLibrary]   Achievements: Disabled

[4][NativeLibrary]   Frame Generation: Disabled

[4][NativeLibrary]   Frame Rate Control >

[4][NativeLibrary]   Reset console

[4][NativeLibrary]   Exit game

[4][NativeLibrary] 

[4][NativeLibrary] A  Select     B  Close     Left/Right  Change
[4][NativeLibrary] OSD [nethersx2_quick_menu]: NETHERSX2 QUICK MENU

[4][NativeLibrary] 

[4][NativeLibrary]   Resume game

[4][NativeLibrary]   State slot: 0

[4][NativeLibrary]   Load state

[4][NativeLibrary]   Save state

[4][NativeLibrary]   Change disc >

[4][NativeLibrary]   Controller mapping

[4][NativeLibrary] > Cheat codes

[4][NativeLibrary]   Achievements: Disabled

[4][NativeLibrary]   Frame Generation: Disabled

[4][NativeLibrary]   Frame Rate Control >

[4][NativeLibrary]   Reset console

[4][NativeLibrary]   Exit game

[4][NativeLibrary] 

[4][NativeLibrary] A  Select     B  Close     Left/Right  Change
[4][NativeLibrary] OSD [nethersx2_quick_menu]: NETHERSX2 QUICK MENU

[4][NativeLibrary] 

[4][NativeLibrary]   Resume game

[4][NativeLibrary]   State slot: 0

[4][NativeLibrary]   Load state

[4][NativeLibrary]   Save state

[4][NativeLibrary]   Change disc >

[4][NativeLibrary]   Controller mapping

[4][NativeLibrary]   Cheat codes

[4][NativeLibrary] > Achievements: Disabled

[4][NativeLibrary]   Frame Generation: Disabled

[4][NativeLibrary]   Frame Rate Control >

[4][NativeLibrary]   Reset console

[4][NativeLibrary]   Exit game

[4][NativeLibrary] 

[4][NativeLibrary] A  Select     B  Close     Left/Right  Change
[4][NativeLibrary] OSD [nethersx2_quick_menu]: NETHERSX2 QUICK MENU

[4][NativeLibrary] 

[VK] [4][NativeLibrary] FPS 59.9 | 16.68 ms/frame | min 16.65 max 16.71 ms | 60 framu | lsfg=0  Resume game


[4][NativeLibrary]   State slot: 0

[4][NativeLibrary]   Load state

[4][NativeLibrary]   Save state

[4][NativeLibrary]   Change disc >

[4][NativeLibrary]   Controller mapping

[4][NativeLibrary]   Cheat codes

[4][NativeLibrary]   Achievements: Disabled

[4][NativeLibrary]   Frame Generation: Disabled

[4][NativeLibrary] > Frame Rate Control >

[4][NativeLibrary]   Reset console

[4][NativeLibrary]   Exit game

[4][NativeLibrary] 

[4][NativeLibrary] A  Select     B  Close     Left/Right  Change
[4][NativeLibrary] OSD [nethersx2_quick_menu]: NETHERSX2 QUICK MENU

[4][NativeLibrary] 

[4][NativeLibrary]   Resume game

[4][NativeLibrary]   State slot: 0

[4][NativeLibrary]   Load state

[4][NativeLibrary]   Save state

[4][NativeLibrary]   Change disc >

[4][NativeLibrary]   Controller mapping

[4][NativeLibrary]   Cheat codes

[4][NativeLibrary]   Achievements: Disabled

[4][NativeLibrary]   Frame Generation: Disabled

[4][NativeLibrary]   Frame Rate Control >

[4][NativeLibrary] > Reset console

[4][NativeLibrary]   Exit game

[4][NativeLibrary] 

[4][NativeLibrary] A  Select     B  Close     Left/Right  Change
[4][NativeLibrary] OSD [nethersx2_quick_menu]: NETHERSX2 QUICK MENU

[4][NativeLibrary] 

[4][NativeLibrary]   Resume game

[4][NativeLibrary]   State slot: 0

[4][NativeLibrary]   Load state

[4][NativeLibrary]   Save state

[4][NativeLibrary]   Change disc >

[4][NativeLibrary]   Controller mapping

[4][NativeLibrary]   Cheat codes

[4][NativeLibrary]   Achievements: Disabled

[4][NativeLibrary]   Frame Generation: Disabled

[4][NativeLibrary]   Frame Rate Control >

[4][NativeLibrary]   Reset console

[4][NativeLibrary] > Exit game

[4][NativeLibrary] 

[4][NativeLibrary] A  Select     B  Close     Left/Right  Change
[4][NativeLibrary] OSD [nethersx2_quick_menu]: 
[4][NativeLibrary] Add 211 seconds play time to SLUS-20539 -> now 492
[4][NativeLibrary] (AAudioMod) Closing stream...
[4][NativeLibrary] (AAudioMod) Stopping stream...
[VK] vkDestroySwapchainKHR swapchain=0x6dab6b46c0
[4][NativeLibrary] Writing 2102864 bytes to '/switch/nethersx2/cache/vulkan_pipelines.bin'
[VK] vkDestroyDevice device=0x6da5dd2040
[4][NativeLibrary] Releasing host memory for virtual systems...
